N m t e
4 4 1 108.0746345520019531
4 4 1 64.7633132934570312
4 4 1 230.1169605255126953
4 4 1 46.4482307434082031
4 4 1 172.8712768554687500
4 4 1 32.2320785522460938
4 4 1 51.9712257385253906
4 4 1 45.4639739990234375
4 4 1 190.8124847412109375
4 4 1 54.0831108093261719
4 4 1 25.1129932403564453
4 4 1 76.0047378540039062
4 4 1 210.5665435791015625
4 4 1 247.6830406188964844
4 4 1 995.8150024414062500
4 4 1 190.7978363037109375
4 4 1 110.0238876342773438
4 4 1 479.0445556640625000
4 4 1 258.2080993652343750
4 4 1 253.0824432373046875
4 4 1 545.7553100585937500
4 4 1 169.8220062255859375
4 4 1 154.6818084716796875
4 4 1 408.7554321289062500
4 4 1 401.7508850097656250
4 4 1 404.3483886718750000
4 4 1 124.3097152709960938
4 4 1 97.8897094726562500
4 4 1 220.0112457275390625
4 4 1 496.6194458007812500
4 4 1 116.6638946533203125
4 4 1 76.7601928710937500
4 4 1 51.0103416442871094
4 4 1 399.7649230957031250
4 4 1 207.3049011230468750
4 4 1 725.1450195312500000
4 4 1 294.0289001464843750
4 4 1 137.6167144775390625
4 4 1 56.6435775756835938
4 4 1 78.6175384521484375
4 4 1 306.6329040527343750
4 4 1 481.9116516113281250
4 4 1 420.2412414550781250
4 4 1 959.0358886718750000
4 4 1 32.2430572509765625
4 4 1 577.1594848632812500
4 4 1 228.9783935546875000
4 4 1 175.5883789062500000
4 4 1 371.0000762939453125
4 4 1 115.0531082153320312
4 4 1 422.4639892578125000
4 4 1 50.8399162292480469
4 4 1 247.8721923828125000
4 4 1 147.4200744628906250
4 4 1 350.8433837890625000
4 4 1 79.0539703369140625
4 4 1 483.0010070800781250
4 4 1 50.4645614624023438
4 4 1 187.4912261962890625
4 4 1 30.4434909820556641
4 4 1 324.3668823242187500
4 4 1 161.0305786132812500
4 4 1 113.2701873779296875
4 4 1 91.9146881103515625
4 4 1 91.0911712646484375
4 4 1 194.0929870605468750
4 4 1 102.4767608642578125
4 4 1 74.1341781616210938
4 4 1 46.0634422302246094
4 4 1 110.5820922851562500
4 4 1 221.7510986328125000
4 4 1 72.5150756835937500
4 4 1 246.3420715332031250
4 4 1 93.5737228393554688
4 4 1 629.1044311523437500
4 4 1 159.3465881347656250
4 4 1 161.5105590820312500
4 4 1 100.9008789062500000
4 4 1 160.4336090087890625
4 4 1 67.6087951660156250
4 4 1 63.0942611694335938
4 4 1 63.9955863952636719
4 4 1 160.1720428466796875
4 4 1 62.2151374816894531
4 4 1 204.1408233642578125
4 4 1 316.0638732910156250
4 4 1 255.8429718017578125
4 4 1 260.0115051269531250
4 4 1 664.4095458984375000
4 4 1 212.6107034683227539
4 4 1 79.1420516967773438
4 4 1 79.7996292114257812
4 4 1 168.7306976318359375
4 4 1 130.5755615234375000
4 4 1 972.1864013671875000
4 4 1 58.3871955871582031
4 4 1 87.9086990356445312
4 4 1 476.0206298828125000
4 4 1 501.9132690429687500
4 4 1 27.4936065673828125
4 8 1 301.7124633789062500
4 8 1 144.2056427001953125
4 8 1 67.1572570800781250
4 8 1 27.3834342956542969
4 8 1 32.6380119323730469
4 8 1 36.6649627685546875
4 8 1 21.9016819000244141
4 8 1 65.8048400878906250
4 8 1 99.8098449707031250
4 8 1 108.9813079833984375
4 8 1 230.2155704498291016
4 8 1 437.2233886718750000
4 8 1 367.4676513671875000
4 8 1 14.3689298629760742
4 8 1 321.1487426757812500
4 8 1 249.6521301269531250
4 8 1 14.5736722946166992
4 8 1 392.1624145507812500
4 8 1 888.8733520507812500
4 8 1 505.2124328613281250
4 8 1 40.0614089965820312
4 8 1 38.7364387512207031
4 8 1 35.1726036071777344
4 8 1 361.2047729492187500
4 8 1 30.3892326354980469
4 8 1 501.2847595214843750
4 8 1 48.7248229980468750
4 8 1 45.4193229675292969
4 8 1 207.5710296630859375
4 8 1 133.3055725097656250
4 8 1 45.9874992370605469
4 8 1 111.0493240356445312
4 8 1 37.3716850280761719
4 8 1 123.1380004882812500
4 8 1 43.1569480895996094
4 8 1 149.6864776611328125
4 8 1 188.6097869873046875
4 8 1 20.7299613952636719
4 8 1 50.1703910827636719
4 8 1 70.0259475708007812
4 8 1 50.2075004577636719
4 8 1 73.2153015136718750
4 8 1 185.6549835205078125
4 8 1 337.6127014160156250
4 8 1 335.7745971679687500
4 8 1 346.7948913574218750
4 8 1 122.4335556030273438
4 8 1 120.7364654541015625
4 8 1 111.1958236694335938
4 8 1 28.6611785888671875
4 8 1 139.1314239501953125
4 8 1 21.3607177734375000
4 8 1 401.4749145507812500
4 8 1 52.9550476074218750
4 8 1 205.9141387939453125
4 8 1 119.2766494750976562
4 8 1 146.8403472900390625
4 8 1 39.1349716186523438
4 8 1 86.8713455200195312
4 8 1 210.5534820556640625
4 8 1 164.6230316162109375
4 8 1 586.4003906250000000
4 8 1 25.5746307373046875
4 8 1 47.1962661743164062
4 8 1 250.2593231201171875
4 8 1 166.8044128417968750
4 8 1 112.0604171752929688
4 8 1 34.8194694519042969
4 8 1 16.3419342041015625
4 8 1 411.4118041992187500
4 8 1 411.7130126953125000
4 8 1 137.3240051269531250
4 8 1 131.2455596923828125
4 8 1 72.5264053344726562
4 8 1 473.2298889160156250
4 8 1 7.8613781929016113
4 8 1 337.4704284667968750
4 8 1 387.4356994628906250
4 8 1 353.6864013671875000
4 8 1 168.2723693847656250
4 8 1 80.6397781372070312
4 8 1 144.8296813964843750
4 8 1 65.6994171142578125
4 8 1 27.9986286163330078
4 8 1 20.8347625732421875
4 8 1 138.1365966796875000
4 8 1 43.8440589904785156
4 8 1 21.7074737548828125
4 8 1 29.4242439270019531
4 8 1 361.8909912109375000
4 8 1 65.7336502075195312
4 8 1 785.6379394531250000
4 8 1 32.5739364624023438
4 8 1 430.0324096679687500
4 8 1 303.3730468750000000
4 8 1 56.9534873962402344
4 8 1 510.7257690429687500
4 8 1 66.3548583984375000
4 8 1 45.4645233154296875
4 8 1 34.6609039306640625
4 16 1 149.8365173339843750
4 16 1 52.6927146911621094
4 16 1 44.1583633422851562
4 16 1 162.9823760986328125
4 16 1 72.4725952148437500
4 16 1 241.7759399414062500
4 16 1 30.9096603393554688
4 16 1 115.9490814208984375
4 16 1 63.2659912109375000
4 16 1 19.7079582214355469
4 16 1 27.7372016906738281
4 16 1 36.7962875366210938
4 16 1 2.3117589950561523
4 16 1 3.8137805461883545
4 16 1 373.5040283203125000
4 16 1 37.2076530456542969
4 16 1 58.9638900756835938
4 16 1 180.6452178955078125
4 16 1 11.8753328323364258
4 16 1 36.8781356811523438
4 16 1 35.6496238708496094
4 16 1 25.3443012237548828
4 16 1 23.5198516845703125
4 16 1 811.2050170898437500
4 16 1 37.3952064514160156
4 16 1 48.3156433105468750
4 16 1 5.2171592712402344
4 16 1 35.6703071594238281
4 16 1 64.0009841918945312
4 16 1 40.4603729248046875
4 16 1 125.4378585815429688
4 16 1 7.6798052787780762
4 16 1 57.5082664489746094
4 16 1 150.7544708251953125
4 16 1 44.8238983154296875
4 16 1 26.7907428741455078
4 16 1 53.2074279785156250
4 16 1 61.4543418884277344
4 16 1 23.1592655181884766
4 16 1 15.0650339126586914
4 16 1 20.9337539672851562
4 16 1 25.3335933685302734
4 16 1 9.4737844467163086
4 16 1 16.7017135620117188
4 16 1 60.7934913635253906
4 16 1 179.7380981445312500
4 16 1 20.4834213256835938
4 16 1 60.9923286437988281
4 16 1 20.3516483306884766
4 16 1 37.2590484619140625
4 16 1 199.4876708984375000
4 16 1 74.9596710205078125
4 16 1 17.4380168914794922
4 16 1 16.6531219482421875
4 16 1 66.2558441162109375
4 16 1 34.0571746826171875
4 16 1 134.7044525146484375
4 16 1 22.4209175109863281
4 16 1 59.4148292541503906
4 16 1 28.2099990844726562
4 16 1 6.4674744606018066
4 16 1 14.7192354202270508
4 16 1 40.7154846191406250
4 16 1 81.8713607788085938
4 16 1 38.0197372436523438
4 16 1 114.7828903198242188
4 16 1 287.0796813964843750
4 16 1 79.8502273559570312
4 16 1 181.7225646972656250
4 16 1 5.1735424995422363
4 16 1 80.3943405151367188
4 16 1 23.1616802215576172
4 16 1 56.0424461364746094
4 16 1 76.8653106689453125
4 16 1 113.4013977050781250
4 16 1 77.3043518066406250
4 16 1 521.8342285156250000
4 16 1 7.9131879806518555
4 16 1 66.7594070434570312
4 16 1 21.0726032257080078
4 16 1 134.6576995849609375
4 16 1 7.3816313743591309
4 16 1 25.4431571960449219
4 16 1 29.9466991424560547
4 16 1 31.2758502960205078
4 16 1 210.1123504638671875
4 16 1 78.9361648559570312
4 16 1 47.4705085754394531
4 16 1 7.2196364402770996
4 16 1 14.1220121383666992
4 16 1 40.5589866638183594
4 16 1 33.3754386901855469
4 16 1 42.7192878723144531
4 16 1 40.7533111572265625
4 16 1 43.8537368774414062
4 16 1 29.1197624206542969
4 16 1 66.8167495727539062
4 16 1 52.7294349670410156
4 16 1 24.2559967041015625
4 16 1 47.1951866149902344
4 32 1 14.3133144378662109
4 32 1 32.5210266113281250
4 32 1 85.6132202148437500
4 32 1 40.3277778625488281
4 32 1 23.2187175750732422
4 32 1 2.2771697044372559
4 32 1 2.4326920509338379
4 32 1 2.3222794532775879
4 32 1 6.7957267761230469
4 32 1 23.8864383697509766
4 32 1 5.2768583297729492
4 32 1 2.2331659793853760
4 32 1 105.2907638549804688
4 32 1 3.4491858482360840
4 32 1 1.7956925630569458
4 32 1 1.7381188869476318
4 32 1 13.2218704223632812
4 32 1 11.8484945297241211
4 32 1 7.2862257957458496
4 32 1 2.9585924148559570
4 32 1 6.6476564407348633
4 32 1 8.7397928237915039
4 32 1 16.5479145050048828
4 32 1 32.0965309143066406
4 32 1 14.6497688293457031
4 32 1 16.6303462982177734
4 32 1 4.5433845520019531
4 32 1 2.0842969417572021
4 32 1 6.0978040695190430
4 32 1 5.6182918548583984
4 32 1 4.8928260803222656
4 32 1 4.8087882995605469
4 32 1 5.8727302551269531
4 32 1 7.0342907905578613
4 32 1 3.3927750587463379
4 32 1 9.1681613922119141
4 32 1 1.9909614324569702
4 32 1 32.2765808105468750
4 32 1 14.6524438858032227
4 32 1 11.8484373092651367
4 32 1 1.4518628120422363
4 32 1 228.6763916015625000
4 32 1 22.1937599182128906
4 32 1 29.2510147094726562
4 32 1 12.8614969253540039
4 32 1 22.3331184387207031
4 32 1 9.8110771179199219
4 32 1 60.3878059387207031
4 32 1 1.5889272689819336
4 32 1 14.3910512924194336
4 32 1 25.4304828643798828
4 32 1 10.5294218063354492
4 32 1 19.7324161529541016
4 32 1 8.2240858078002930
4 32 1 29.3135261535644531
4 32 1 153.2075042724609375
4 32 1 10.6538524627685547
4 32 1 32.3721809387207031
4 32 1 15.2990837097167969
4 32 1 2.1796641349792480
4 32 1 3.7476830482482910
4 32 1 19.2207584381103516
4 32 1 30.2519359588623047
4 32 1 8.2948484420776367
4 32 1 24.0818214416503906
4 32 1 4.9865760803222656
4 32 1 10.5317373275756836
4 32 1 18.4066791534423828
4 32 1 2.8628809452056885
4 32 1 301.4239196777343750
4 32 1 7.2820897102355957
4 32 1 3.6016128063201904
4 32 1 14.9538002014160156
4 32 1 10.5088796615600586
4 32 1 5.1830415725708008
4 32 1 5.6279778480529785
4 32 1 10.5462779998779297
4 32 1 5.9067082405090332
4 32 1 5.2259759902954102
4 32 1 5.9263172149658203
4 32 1 28.1268196105957031
4 32 1 6.7434730529785156
4 32 1 13.5860862731933594
4 32 1 36.8231925964355469
4 32 1 585.3552856445312500
4 32 1 16.6508636474609375
4 32 1 31.3702640533447266
4 32 1 45.7272377014160156
4 32 1 24.4849739074707031
4 32 1 19.9580593109130859
4 32 1 32.2000198364257812
4 32 1 11.6364603042602539
4 32 1 10.8250341415405273
4 32 1 12.2290563583374023
4 32 1 8.9333553314208984
4 32 1 13.5743856430053711
4 32 1 45.7421722412109375
4 32 1 2.1896572113037109
4 32 1 8.7047243118286133
4 32 1 23.7619438171386719
4 64 1 1.4312734603881836
4 64 1 21.7588768005371094
4 64 1 2.3028993606567383
4 64 1 3.3066337108612061
4 64 1 2.2043950557708740
4 64 1 1.5100139379501343
4 64 1 3.3201589584350586
4 64 1 7.8409953117370605
4 64 1 12.2836656570434570
4 64 1 2.4370467662811279
4 64 1 2.3384816646575928
4 64 1 4.8025722503662109
4 64 1 2.4786548614501953
4 64 1 2.3239378929138184
4 64 1 4.3597278594970703
4 64 1 5.8223948478698730
4 64 1 1.7522377967834473
4 64 1 1.6964859962463379
4 64 1 2.8781609535217285
4 64 1 3.5787711143493652
4 64 1 4.5480117797851562
4 64 1 5.1008734703063965
4 64 1 4.7328290939331055
4 64 1 3.1504950523376465
4 64 1 4.9168214797973633
4 64 1 6.8864250183105469
4 64 1 4.1917285919189453
4 64 1 13.0112476348876953
4 64 1 3.3758649826049805
4 64 1 3.0018689632415771
4 64 1 1.8342726230621338
4 64 1 1.3999348878860474
4 64 1 10.1063938140869141
4 64 1 13.6298408508300781
4 64 1 2.3511533737182617
4 64 1 1.8351346254348755
4 64 1 1.7024856805801392
4 64 1 1.2634289264678955
4 64 1 2.6936535835266113
4 64 1 3.6929492950439453
4 64 1 4.3263082504272461
4 64 1 2.4277906417846680
4 64 1 4.8619365692138672
4 64 1 0.8637597560882568
4 64 1 2.4535653591156006
4 64 1 1.4718918800354004
4 64 1 1.5247726440429688
4 64 1 2.2156631946563721
4 64 1 3.1246905326843262
4 64 1 2.6609876155853271
4 64 1 11.0999221801757812
4 64 1 4.2507944107055664
4 64 1 2.9543502330780029
4 64 1 7.2399067878723145
4 64 1 3.8471798896789551
4 64 1 3.3436877727508545
4 64 1 3.0805950164794922
4 64 1 9.7309722900390625
4 64 1 9.9657430648803711
4 64 1 2.9814319610595703
4 64 1 4.2912864685058594
4 64 1 3.0799672603607178
4 64 1 7.3487048149108887
4 64 1 2.1984190940856934
4 64 1 1.5853385925292969
4 64 1 16.6155109405517578
4 64 1 13.8937978744506836
4 64 1 1.2891719341278076
4 64 1 0.9218440055847168
4 64 1 1.0400049686431885
4 64 1 18.5284957885742188
4 64 1 3.4146759510040283
4 64 1 4.5452227592468262
4 64 1 1.5227453708648682
4 64 1 2.0247867107391357
4 64 1 0.9129164814949036
4 64 1 2.0137569904327393
4 64 1 2.5038712024688721
4 64 1 5.0013599395751953
4 64 1 2.6000149250030518
4 64 1 2.1549332141876221
4 64 1 2.2492103576660156
4 64 1 2.0116312503814697
4 64 1 2.6029109954833984
4 64 1 2.2586677074432373
4 64 1 3.6127312183380127
4 64 1 6.3350234031677246
4 64 1 2.7434952259063721
4 64 1 2.8475801944732666
4 64 1 20.8071212768554688
4 64 1 1.7133955955505371
4 64 1 15.2933521270751953
4 64 1 2.4311094284057617
4 64 1 1.1653622388839722
4 64 1 1.8065116405487061
4 64 1 3.5946407318115234
4 64 1 2.7338325977325439
4 64 1 2.0024251937866211
4 64 1 1.7621293067932129
4 64 1 3.3791332244873047
4 128 1 1.5988402366638184
4 128 1 1.4542644023895264
4 128 1 2.8663997650146484
4 128 1 3.4698395729064941
4 128 1 3.6917989253997803
4 128 1 1.5674740076065063
4 128 1 5.0343880653381348
4 128 1 3.1724159717559814
4 128 1 1.3480900526046753
4 128 1 2.5979337692260742
4 128 1 2.5581061840057373
4 128 1 1.1461945772171021
4 128 1 1.5299236774444580
4 128 1 3.5024001598358154
4 128 1 2.2853000164031982
4 128 1 1.2740550041198730
4 128 1 2.5527818202972412
4 128 1 2.5679616928100586
4 128 1 1.6357092857360840
4 128 1 3.5512964725494385
4 128 1 3.6851029396057129
4 128 1 1.7303440570831299
4 128 1 1.1789742708206177
4 128 1 2.6982746124267578
4 128 1 4.0001053810119629
4 128 1 1.6132597923278809
4 128 1 1.7420833110809326
4 128 1 1.1148189306259155
4 128 1 2.1702165603637695
4 128 1 1.8276758193969727
4 128 1 1.7377374172210693
4 128 1 1.9727520942687988
4 128 1 2.2497255802154541
4 128 1 2.0481522083282471
4 128 1 1.1888999938964844
4 128 1 2.2980110645294189
4 128 1 1.3834064006805420
4 128 1 2.4363176822662354
4 128 1 2.6112604141235352
4 128 1 1.1104205846786499
4 128 1 1.2742155790328979
4 128 1 2.0837149620056152
4 128 1 1.8552246093750000
4 128 1 0.9664061069488525
4 128 1 3.5308356285095215
4 128 1 1.1947693824768066
4 128 1 2.1398649215698242
4 128 1 2.8565816879272461
4 128 1 1.9241751432418823
4 128 1 1.6330779790878296
4 128 1 3.3234393596649170
4 128 1 0.9275974035263062
4 128 1 1.0087652206420898
4 128 1 3.2393071651458740
4 128 1 1.8886985778808594
4 128 1 1.2340825796127319
4 128 1 3.2792086601257324
4 128 1 2.0619449615478516
4 128 1 1.3067909479141235
4 128 1 1.8616960048675537
4 128 1 3.7020986080169678
4 128 1 2.9109337329864502
4 128 1 1.8198356628417969
4 128 1 2.2992584705352783
4 128 1 1.8506100177764893
4 128 1 1.4592461585998535
4 128 1 1.7606108188629150
4 128 1 3.5961098670959473
4 128 1 0.8045615553855896
4 128 1 1.7102431058883667
4 128 1 1.5957443714141846
4 128 1 1.3484888076782227
4 128 1 1.9921081066131592
4 128 1 2.9498636722564697
4 128 1 2.1184141635894775
4 128 1 3.0273058414459229
4 128 1 1.4753129482269287
4 128 1 1.3052515983581543
4 128 1 1.3044477701187134
4 128 1 1.9718486070632935
4 128 1 1.7221221923828125
4 128 1 1.6727638244628906
4 128 1 1.0008130073547363
4 128 1 1.2595219612121582
4 128 1 2.1061747074127197
4 128 1 1.5272613763809204
4 128 1 1.5161660909652710
4 128 1 3.0548877716064453
4 128 1 2.9017515182495117
4 128 1 0.7395031452178955
4 128 1 1.8358566761016846
4 128 1 2.9891872406005859
4 128 1 0.8218353390693665
4 128 1 3.1236376762390137
4 128 1 2.9071328639984131
4 128 1 1.7467780113220215
4 128 1 4.2007884979248047
4 128 1 1.0279526710510254
4 128 1 1.9571716785430908
4 128 1 2.1329095363616943
4 256 1 2.4359440803527832
4 256 1 1.2232743501663208
4 256 1 0.9618349671363831
4 256 1 1.3139873743057251
4 256 1 1.3235892057418823
4 256 1 1.0555695295333862
4 256 1 1.6569334268569946
4 256 1 1.4482727050781250
4 256 1 2.6522397994995117
4 256 1 1.7762839794158936
4 256 1 1.4690610170364380
4 256 1 1.3089987039566040
4 256 1 0.8233203291893005
4 256 1 1.0632742643356323
4 256 1 0.7247827053070068
4 256 1 1.3147619962692261
4 256 1 1.0295017957687378
4 256 1 1.2117092609405518
4 256 1 1.4879304170608521
4 256 1 1.0413448810577393
4 256 1 1.4985095262527466
4 256 1 1.8505703210830688
4 256 1 1.1378593444824219
4 256 1 1.0875158309936523
4 256 1 1.0708413124084473
4 256 1 1.3650218248367310
4 256 1 1.5841209888458252
4 256 1 1.5960694551467896
4 256 1 1.3883564472198486
4 256 1 0.9694284796714783
4 256 1 1.4132716655731201
4 256 1 1.2750190496444702
4 256 1 1.0668681859970093
4 256 1 0.9022907018661499
4 256 1 1.0475291013717651
4 256 1 2.0910341739654541
4 256 1 1.6613770723342896
4 256 1 1.2707046270370483
4 256 1 0.7872164249420166
4 256 1 1.5554594993591309
4 256 1 1.4303126335144043
4 256 1 1.6325902938842773
4 256 1 1.1333949565887451
4 256 1 1.3264132738113403
4 256 1 1.1629884243011475
4 256 1 1.1163746118545532
4 256 1 0.8556064367294312
4 256 1 1.2275599241256714
4 256 1 1.2726665735244751
4 256 1 1.6546286344528198
4 256 1 2.1494772434234619
4 256 1 0.8605871796607971
4 256 1 1.7483326196670532
4 256 1 1.8489974737167358
4 256 1 0.9092466235160828
4 256 1 2.0149683952331543
4 256 1 1.6587016582489014
4 256 1 1.1812360286712646
4 256 1 1.3337874412536621
4 256 1 1.0947345495223999
4 256 1 2.4423301219940186
4 256 1 1.3623275756835938
4 256 1 1.4972577095031738
4 256 1 1.2385591268539429
4 256 1 1.0553619861602783
4 256 1 1.1810390949249268
4 256 1 1.0216497182846069
4 256 1 1.6090987920761108
4 256 1 0.8503502607345581
4 256 1 1.4763979911804199
4 256 1 1.4465762376785278
4 256 1 1.2112221717834473
4 256 1 1.8297826051712036
4 256 1 1.1031405925750732
4 256 1 1.2275481224060059
4 256 1 1.2043530941009521
4 256 1 1.1911648511886597
4 256 1 1.7516041994094849
4 256 1 1.0410088300704956
4 256 1 1.0063068866729736
4 256 1 1.1937290430068970
4 256 1 1.3979600667953491
4 256 1 1.7969622611999512
4 256 1 1.6704688072204590
4 256 1 1.0609650611877441
4 256 1 1.1864342689514160
4 256 1 1.6874178647994995
4 256 1 1.5666873455047607
4 256 1 0.9017793536186218
4 256 1 1.1181118488311768
4 256 1 0.7840886712074280
4 256 1 1.6839772462844849
4 256 1 1.1385161876678467
4 256 1 1.2137118577957153
4 256 1 1.0715882778167725
4 256 1 1.3698774576187134
4 256 1 1.8693202733993530
4 256 1 0.8170648813247681
4 256 1 2.0736069679260254
4 256 1 1.4101839065551758
4 512 1 0.9640609025955200
4 512 1 1.2329168319702148
4 512 1 0.9928252696990967
4 512 1 1.6274063587188721
4 512 1 0.8271137475967407
4 512 1 0.8705248832702637
4 512 1 0.6757885813713074
4 512 1 0.7193958759307861
4 512 1 0.8409180641174316
4 512 1 0.9213140606880188
4 512 1 0.7817655205726624
4 512 1 0.8772416710853577
4 512 1 1.2174164056777954
4 512 1 0.7288862466812134
4 512 1 1.0289983749389648
4 512 1 1.1281906366348267
4 512 1 0.5524594783782959
4 512 1 0.7254561781883240
4 512 1 0.8911217451095581
4 512 1 1.4255251884460449
4 512 1 0.6830877065658569
4 512 1 0.9080985188484192
4 512 1 1.0771661996841431
4 512 1 1.7785378694534302
4 512 1 1.1112627983093262
4 512 1 1.7304731607437134
4 512 1 0.7273292541503906
4 512 1 1.0356671810150146
4 512 1 1.2225105762481689
4 512 1 1.2423241138458252
4 512 1 0.6738297343254089
4 512 1 0.6928589344024658
4 512 1 1.2519702911376953
4 512 1 0.8791803717613220
4 512 1 0.6196027398109436
4 512 1 0.9091868400573730
4 512 1 0.6623380780220032
4 512 1 0.8174457550048828
4 512 1 0.9104077816009521
4 512 1 0.9781848788261414
4 512 1 0.9140214323997498
4 512 1 0.8972477912902832
4 512 1 1.6124081611633301
4 512 1 0.9631018042564392
4 512 1 1.4017177820205688
4 512 1 1.2663855552673340
4 512 1 1.0001268386840820
4 512 1 0.9709696769714355
4 512 1 1.5661811828613281
4 512 1 1.3604463338851929
4 512 1 1.6218698024749756
4 512 1 0.6389338374137878
4 512 1 0.7347409129142761
4 512 1 0.7727990150451660
4 512 1 0.8702814579010010
4 512 1 0.8871241807937622
4 512 1 1.1464732885360718
4 512 1 1.3722996711730957
4 512 1 0.8458188772201538
4 512 1 1.0242311954498291
4 512 1 0.8228991627693176
4 512 1 0.7437378764152527
4 512 1 1.3006800413131714
4 512 1 1.1180731058120728
4 512 1 1.1432107686996460
4 512 1 1.0588189363479614
4 512 1 0.6708347797393799
4 512 1 1.2279155254364014
4 512 1 0.7682026028633118
4 512 1 1.0804473161697388
4 512 1 0.9305362701416016
4 512 1 0.8023400902748108
4 512 1 1.0220438241958618
4 512 1 0.9275482296943665
4 512 1 0.9649006724357605
4 512 1 0.9299824237823486
4 512 1 1.2615270614624023
4 512 1 0.6798457503318787
4 512 1 1.7256751060485840
4 512 1 0.8790952563285828
4 512 1 0.7983656525611877
4 512 1 0.9973481893539429
4 512 1 0.7419798970222473
4 512 1 1.3414617776870728
4 512 1 0.9926058053970337
4 512 1 0.6803398132324219
4 512 1 1.1637375354766846
4 512 1 0.7037734985351562
4 512 1 0.8258194923400879
4 512 1 1.0513808727264404
4 512 1 1.0157704353332520
4 512 1 0.7300791144371033
4 512 1 0.9953371286392212
4 512 1 1.0571398735046387
4 512 1 0.8149117231369019
4 512 1 0.5314860939979553
4 512 1 0.9308860301971436
4 512 1 0.8012837767601013
4 512 1 0.8394113183021545
4 512 1 1.1177858114242554
8 4 1 484.2866821289062500
8 4 1 716.5406494140625000
8 4 1 90.2052459716796875
8 4 1 43.5825653076171875
8 4 1 36.3586540222167969
8 4 1 66.1103668212890625
8 4 1 750.3965454101562500
8 4 1 139.7097320556640625
8 4 1 219.5675201416015625
8 4 1 378.8148498535156250
8 4 1 222.1377029418945312
8 4 1 121.5623092651367188
8 4 1 598.4449462890625000
8 4 1 274.7427062988281250
8 4 1 30.8686618804931641
8 4 1 207.3272094726562500
8 4 1 50.7824821472167969
8 4 1 64.5281600952148438
8 4 1 366.9431762695312500
8 4 1 585.7611083984375000
8 4 1 19.6611824035644531
8 4 1 743.8654174804687500
8 4 1 96.0461730957031250
8 4 1 70.1172409057617188
8 4 1 51.2571716308593750
8 4 1 417.3710632324218750
8 4 1 259.9033317565917969
8 4 1 501.4249877929687500
8 4 1 473.3631591796875000
8 4 1 1396.4794921875000000
8 4 1 315.3114013671875000
8 4 1 50.4482040405273438
8 4 1 27.5167942047119141
8 4 1 344.9125671386718750
8 4 1 203.4462432861328125
8 4 1 744.6445312500000000
8 4 1 134.9041595458984375
8 4 1 100.9164428710937500
8 4 1 165.8271026611328125
8 4 1 555.6010131835937500
8 4 1 40.7291412353515625
8 4 1 112.5486907958984375
8 4 1 288.3999023437500000
8 4 1 35.3510780334472656
8 4 1 39.9512023925781250
8 4 1 54.4532470703125000
8 4 1 101.2847137451171875
8 4 1 190.7810668945312500
8 4 1 36.4477844238281250
8 4 1 27.1308650970458984
8 4 1 539.6433105468750000
8 4 1 553.4757385253906250
8 4 1 452.6626586914062500
8 4 1 20.1943969726562500
8 4 1 72.1559066772460938
8 4 1 75.4673843383789062
8 4 1 69.6816864013671875
8 4 1 32.0379600524902344
8 4 1 122.1714935302734375
8 4 1 202.5463867187500000
8 4 1 56.7843055725097656
8 4 1 118.3126373291015625
8 4 1 412.2194824218750000
8 4 1 28.1698188781738281
8 4 1 103.2703399658203125
8 4 1 146.0310668945312500
8 4 1 180.4829101562500000
8 4 1 53.3290519714355469
8 4 1 12.6050167083740234
8 4 1 58.4221687316894531
8 4 1 148.0932617187500000
8 4 1 74.3272705078125000
8 4 1 83.0502624511718750
8 4 1 240.9572906494140625
8 4 1 288.7346496582031250
8 4 1 251.8574981689453125
8 4 1 38.3658294677734375
8 4 1 218.9119110107421875
8 4 1 174.7533264160156250
8 4 1 107.6650314331054688
8 4 1 139.1374053955078125
8 4 1 346.5588684082031250
8 4 1 571.1607666015625000
8 4 1 516.3888549804687500
8 4 1 42.1771888732910156
8 4 1 213.5939025878906250
8 4 1 203.6063690185546875
8 4 1 75.4517974853515625
8 4 1 245.9340667724609375
8 4 1 175.1615447998046875
8 4 1 34.6337852478027344
8 4 1 316.5589904785156250
8 4 1 137.7173461914062500
8 4 1 268.5239562988281250
8 4 1 218.7242736816406250
8 4 1 67.2295989990234375
8 4 1 146.2350616455078125
8 4 1 53.6784973144531250
8 4 1 197.8770751953125000
8 4 1 247.9098510742187500
8 8 1 95.6512298583984375
8 8 1 179.9072723388671875
8 8 1 174.8445739746093750
8 8 1 28.9135284423828125
8 8 1 188.5115356445312500
8 8 1 37.2797279357910156
8 8 1 54.8900451660156250
8 8 1 131.1942443847656250
8 8 1 35.0723152160644531
8 8 1 503.9077453613281250
8 8 1 115.0916519165039062
8 8 1 168.3130035400390625
8 8 1 28.3361434936523438
8 8 1 117.7042465209960938
8 8 1 70.1820373535156250
8 8 1 288.9605712890625000
8 8 1 620.4464111328125000
8 8 1 59.8045310974121094
8 8 1 136.7409362792968750
8 8 1 119.5731430053710938
8 8 1 9.9911031723022461
8 8 1 122.7429275512695312
8 8 1 403.1381530761718750
8 8 1 12.2708911895751953
8 8 1 105.5364685058593750
8 8 1 105.2240447998046875
8 8 1 290.4556274414062500
8 8 1 24.9670944213867188
8 8 1 327.3465881347656250
8 8 1 177.2669677734375000
8 8 1 52.8227424621582031
8 8 1 45.3586997985839844
8 8 1 155.6128997802734375
8 8 1 72.2853622436523438
8 8 1 118.5546493530273438
8 8 1 40.8057479858398438
8 8 1 213.2240753173828125
8 8 1 13.7966737747192383
8 8 1 273.6927490234375000
8 8 1 409.3609619140625000
8 8 1 21.5227642059326172
8 8 1 516.7378540039062500
8 8 1 205.9492340087890625
8 8 1 229.4610290527343750
8 8 1 129.7514953613281250
8 8 1 163.1873474121093750
8 8 1 358.2321472167968750
8 8 1 252.7112731933593750
8 8 1 199.2318572998046875
8 8 1 102.5557632446289062
8 8 1 522.8583374023437500
8 8 1 53.8748054504394531
8 8 1 114.7434768676757812
8 8 1 96.5809860229492188
8 8 1 423.9023132324218750
8 8 1 20.0584487915039062
8 8 1 66.7132568359375000
8 8 1 190.7921905517578125
8 8 1 39.0989532470703125
8 8 1 100.4251480102539062
8 8 1 679.1834106445312500
8 8 1 346.4656677246093750
8 8 1 253.5176696777343750
8 8 1 70.3309783935546875
8 8 1 176.7451324462890625
8 8 1 65.6528015136718750
8 8 1 70.9782104492187500
8 8 1 13.1522350311279297
8 8 1 125.8103713989257812
8 8 1 274.4368896484375000
8 8 1 121.2006835937500000
8 8 1 69.3782424926757812
8 8 1 65.1131896972656250
8 8 1 463.6753234863281250
8 8 1 160.8515014648437500
8 8 1 55.1590614318847656
8 8 1 201.3424835205078125
8 8 1 472.1170043945312500
8 8 1 149.9710693359375000
8 8 1 66.3665542602539062
8 8 1 72.4961166381835938
8 8 1 52.0595169067382812
8 8 1 96.7134552001953125
8 8 1 78.3368682861328125
8 8 1 78.8355255126953125
8 8 1 265.3240966796875000
8 8 1 41.8599815368652344
8 8 1 344.3801879882812500
8 8 1 150.0974273681640625
8 8 1 53.4804916381835938
8 8 1 13.8656301498413086
8 8 1 254.3062744140625000
8 8 1 252.8014831542968750
8 8 1 64.5419464111328125
8 8 1 275.5017395019531250
8 8 1 279.4379577636718750
8 8 1 75.6274948120117188
8 8 1 72.9321746826171875
8 8 1 34.4836273193359375
8 8 1 126.3615417480468750
8 16 1 6.3516154289245605
8 16 1 78.4482727050781250
8 16 1 8.8701744079589844
8 16 1 53.6555023193359375
8 16 1 7.8231396675109863
8 16 1 29.2100276947021484
8 16 1 7.0494031906127930
8 16 1 84.6371154785156250
8 16 1 4.7466168403625488
8 16 1 37.9913902282714844
8 16 1 96.8197631835937500
8 16 1 331.8448791503906250
8 16 1 48.8277359008789062
8 16 1 22.9224834442138672
8 16 1 585.1053466796875000
8 16 1 207.4162750244140625
8 16 1 11.8078002929687500
8 16 1 66.2289276123046875
8 16 1 40.8804092407226562
8 16 1 182.2531280517578125
8 16 1 22.7176399230957031
8 16 1 3.9194824695587158
8 16 1 56.4523620605468750
8 16 1 13.5750093460083008
8 16 1 111.2263641357421875
8 16 1 144.4721221923828125
8 16 1 28.4523582458496094
8 16 1 22.1364021301269531
8 16 1 5.0702619552612305
8 16 1 73.7053146362304688
8 16 1 50.3124847412109375
8 16 1 31.5082206726074219
8 16 1 50.3626899719238281
8 16 1 228.1184692382812500
8 16 1 7.7217698097229004
8 16 1 15.0044565200805664
8 16 1 72.5650329589843750
8 16 1 139.2888031005859375
8 16 1 12.7278566360473633
8 16 1 19.8274250030517578
8 16 1 79.0442810058593750
8 16 1 15.0029020309448242
8 16 1 9.2751626968383789
8 16 1 17.3630275726318359
8 16 1 84.0991210937500000
8 16 1 33.4603576660156250
8 16 1 25.9506664276123047
8 16 1 13.4126815795898438
8 16 1 16.5182209014892578
8 16 1 7.5062241554260254
8 16 1 21.1793823242187500
8 16 1 6.6532831192016602
8 16 1 94.0793380737304688
8 16 1 23.0772609710693359
8 16 1 7.0609717369079590
8 16 1 114.1061325073242188
8 16 1 141.5886383056640625
8 16 1 35.5592498779296875
8 16 1 9.0753793716430664
8 16 1 72.0396575927734375
8 16 1 274.2316284179687500
8 16 1 26.0629272460937500
8 16 1 26.0128173828125000
8 16 1 51.2811279296875000
8 16 1 9.3238983154296875
8 16 1 47.4014015197753906
8 16 1 32.4949417114257812
8 16 1 18.1434078216552734
8 16 1 71.6132125854492188
8 16 1 44.5760993957519531
8 16 1 6.6263675689697266
8 16 1 32.5465240478515625
8 16 1 21.4285202026367188
8 16 1 84.4917068481445312
8 16 1 1.3469750881195068
8 16 1 213.7818908691406250
8 16 1 16.1916465759277344
8 16 1 48.1499328613281250
8 16 1 14.0355930328369141
8 16 1 23.3958683013916016
8 16 1 10.9315843582153320
8 16 1 9.9929037094116211
8 16 1 10.1608219146728516
8 16 1 8.7676115036010742
8 16 1 13.6867866516113281
8 16 1 199.3773803710937500
8 16 1 9.4161272048950195
8 16 1 19.8758945465087891
8 16 1 104.4080657958984375
8 16 1 3.0807712078094482
8 16 1 35.1016654968261719
8 16 1 34.1016426086425781
8 16 1 218.4499206542968750
8 16 1 113.3900604248046875
8 16 1 17.1280651092529297
8 16 1 82.7262878417968750
8 16 1 93.1981353759765625
8 16 1 5.4906072616577148
8 16 1 115.5978240966796875
8 16 1 6.3948612213134766
8 32 1 56.5101089477539062
8 32 1 16.2964973449707031
8 32 1 11.5865755081176758
8 32 1 24.3953685760498047
8 32 1 2.8949551582336426
8 32 1 3.1043529510498047
8 32 1 4.3205413818359375
8 32 1 7.1033725738525391
8 32 1 25.8493118286132812
8 32 1 19.8674163818359375
8 32 1 5.5439143180847168
8 32 1 2.2591280937194824
8 32 1 29.0917472839355469
8 32 1 5.6853022575378418
8 32 1 19.6369476318359375
8 32 1 6.5703473091125488
8 32 1 63.5238761901855469
8 32 1 9.8647260665893555
8 32 1 15.6152610778808594
8 32 1 9.2469692230224609
8 32 1 11.3932142257690430
8 32 1 6.0763134956359863
8 32 1 4.9456968307495117
8 32 1 5.0306262969970703
8 32 1 3.2175159454345703
8 32 1 17.7910900115966797
8 32 1 13.3757934570312500
8 32 1 5.8241181373596191
8 32 1 1.6020860671997070
8 32 1 5.5588817596435547
8 32 1 13.8695421218872070
8 32 1 1.8345295190811157
8 32 1 4.2631702423095703
8 32 1 6.7883481979370117
8 32 1 2.4144940376281738
8 32 1 12.9907560348510742
8 32 1 4.7404217720031738
8 32 1 12.3741149902343750
8 32 1 14.6177549362182617
8 32 1 2.7793250083923340
8 32 1 16.2661514282226562
8 32 1 2.5555808544158936
8 32 1 25.9385929107666016
8 32 1 2.3570406436920166
8 32 1 5.0420713424682617
8 32 1 2.4903614521026611
8 32 1 27.6441841125488281
8 32 1 3.3202819824218750
8 32 1 1.5654586553573608
8 32 1 2.5376105308532715
8 32 1 5.8010816574096680
8 32 1 5.3209242820739746
8 32 1 13.1722049713134766
8 32 1 3.1959013938903809
8 32 1 12.0616006851196289
8 32 1 6.7679271697998047
8 32 1 3.6045837402343750
8 32 1 6.6160578727722168
8 32 1 11.0858297348022461
8 32 1 16.8191738128662109
8 32 1 14.9596862792968750
8 32 1 1.9210811853408813
8 32 1 8.4057226181030273
8 32 1 25.5760478973388672
8 32 1 9.4981794357299805
8 32 1 1.9042954444885254
8 32 1 24.1528434753417969
8 32 1 3.2244751453399658
8 32 1 4.9372844696044922
8 32 1 2.0192134380340576
8 32 1 20.4205322265625000
8 32 1 2.7839517593383789
8 32 1 177.4741363525390625
8 32 1 43.8909873962402344
8 32 1 6.6874942779541016
8 32 1 18.0136356353759766
8 32 1 2.9798543453216553
8 32 1 2.6915235519409180
8 32 1 9.7646865844726562
8 32 1 21.4684944152832031
8 32 1 3.1089742183685303
8 32 1 2.7266449928283691
8 32 1 27.5570850372314453
8 32 1 2.1494007110595703
8 32 1 7.3307151794433594
8 32 1 14.9183073043823242
8 32 1 19.0892200469970703
8 32 1 3.9920392036437988
8 32 1 9.7281913757324219
8 32 1 3.4558320045471191
8 32 1 5.3299717903137207
8 32 1 26.4410133361816406
8 32 1 10.2240419387817383
8 32 1 24.3559303283691406
8 32 1 7.3979682922363281
8 32 1 16.9298076629638672
8 32 1 2.2589952945709229
8 32 1 2.9616427421569824
8 32 1 13.8403148651123047
8 32 1 64.7062225341796875
8 64 1 5.1441631317138672
8 64 1 1.0207750797271729
8 64 1 1.8310482501983643
8 64 1 2.3116457462310791
8 64 1 2.4564805030822754
8 64 1 2.6213684082031250
8 64 1 1.8565672636032104
8 64 1 1.0575295686721802
8 64 1 1.9443180561065674
8 64 1 3.4439406394958496
8 64 1 4.2968525886535645
8 64 1 3.3525729179382324
8 64 1 2.0535793304443359
8 64 1 1.7735220193862915
8 64 1 1.6896924972534180
8 64 1 2.5727617740631104
8 64 1 1.3229839801788330
8 64 1 8.9002742767333984
8 64 1 1.4635806083679199
8 64 1 2.0551321506500244
8 64 1 9.6269416809082031
8 64 1 2.7519087791442871
8 64 1 2.0086166858673096
8 64 1 1.5144696235656738
8 64 1 0.8573904633522034
8 64 1 1.5726726055145264
8 64 1 3.4916479587554932
8 64 1 0.8889503479003906
8 64 1 2.8919260501861572
8 64 1 1.0601572990417480
8 64 1 5.2238001823425293
8 64 1 3.2697837352752686
8 64 1 2.5041823387145996
8 64 1 2.2704656124114990
8 64 1 2.8030731678009033
8 64 1 4.1070199012756348
8 64 1 0.9452768564224243
8 64 1 3.5241527557373047
8 64 1 1.0168396234512329
8 64 1 3.8778581619262695
8 64 1 10.6151857376098633
8 64 1 1.2699018716812134
8 64 1 2.0932540893554688
8 64 1 6.2141923904418945
8 64 1 5.1129612922668457
8 64 1 2.0108563899993896
8 64 1 0.9883313775062561
8 64 1 1.5058205127716064
8 64 1 4.6887035369873047
8 64 1 1.5655850172042847
8 64 1 4.6496987342834473
8 64 1 4.4514284133911133
8 64 1 4.5531787872314453
8 64 1 3.5018253326416016
8 64 1 3.1938707828521729
8 64 1 12.5784740447998047
8 64 1 2.6051588058471680
8 64 1 2.5511245727539062
8 64 1 0.9262375831604004
8 64 1 2.1677010059356689
8 64 1 1.8769383430480957
8 64 1 2.1313381195068359
8 64 1 1.7834372520446777
8 64 1 4.1530504226684570
8 64 1 3.0492861270904541
8 64 1 1.3260449171066284
8 64 1 5.1990327835083008
8 64 1 2.4655323028564453
8 64 1 2.7791156768798828
8 64 1 1.7246148586273193
8 64 1 5.5344529151916504
8 64 1 2.4551737308502197
8 64 1 1.3637347221374512
8 64 1 3.2740774154663086
8 64 1 3.8446233272552490
8 64 1 2.3273606300354004
8 64 1 2.7858328819274902
8 64 1 4.9476919174194336
8 64 1 2.3322989940643311
8 64 1 2.2896661758422852
8 64 1 3.1512970924377441
8 64 1 18.2408466339111328
8 64 1 2.6079261302947998
8 64 1 3.2683327198028564
8 64 1 1.7207798957824707
8 64 1 1.7978487014770508
8 64 1 2.0408980846405029
8 64 1 3.0174317359924316
8 64 1 1.4164885282516479
8 64 1 1.0928947925567627
8 64 1 1.0483777523040771
8 64 1 1.5272576808929443
8 64 1 1.6324124336242676
8 64 1 3.6076660156250000
8 64 1 1.2639757394790649
8 64 1 1.6214802265167236
8 64 1 1.6186616420745850
8 64 1 1.6448234319686890
8 64 1 2.9682817459106445
8 64 1 2.6116409301757812
8 128 1 1.2466404438018799
8 128 1 0.8619618415832520
8 128 1 1.7071673870086670
8 128 1 1.8943861722946167
8 128 1 1.0762668848037720
8 128 1 0.6273937225341797
8 128 1 2.2771744728088379
8 128 1 1.0966347455978394
8 128 1 2.8171603679656982
8 128 1 0.8446626067161560
8 128 1 1.5409760475158691
8 128 1 1.4883762598037720
8 128 1 1.0339034795761108
8 128 1 1.0516525506973267
8 128 1 1.2536584138870239
8 128 1 1.6082824468612671
8 128 1 2.8226823806762695
8 128 1 1.9598540067672729
8 128 1 1.6611258983612061
8 128 1 1.0884604454040527
8 128 1 1.4475970268249512
8 128 1 0.6690605878829956
8 128 1 1.4445450305938721
8 128 1 2.0261023044586182
8 128 1 1.9088996648788452
8 128 1 1.3959182500839233
8 128 1 0.8174735903739929
8 128 1 1.4990551471710205
8 128 1 1.6975630521774292
8 128 1 1.4429157972335815
8 128 1 2.1218819618225098
8 128 1 1.7939620018005371
8 128 1 4.1312427520751953
8 128 1 0.9595390558242798
8 128 1 1.7672744989395142
8 128 1 1.7254045009613037
8 128 1 0.7801055908203125
8 128 1 1.1878638267517090
8 128 1 1.5560178756713867
8 128 1 0.9797213077545166
8 128 1 1.3733755350112915
8 128 1 1.6986689567565918
8 128 1 2.2024018764495850
8 128 1 1.5183711051940918
8 128 1 1.3537046909332275
8 128 1 1.4156401157379150
8 128 1 1.8038859367370605
8 128 1 1.9557725191116333
8 128 1 1.8720203638076782
8 128 1 1.7423157691955566
8 128 1 1.6360551118850708
8 128 1 0.9560902118682861
8 128 1 0.6979615092277527
8 128 1 1.3892989158630371
8 128 1 2.3330461978912354
8 128 1 1.8211801052093506
8 128 1 1.2929519414901733
8 128 1 1.1936600208282471
8 128 1 1.2444396018981934
8 128 1 1.7866091728210449
8 128 1 0.8326388597488403
8 128 1 0.8661121129989624
8 128 1 1.0057842731475830
8 128 1 1.9939107894897461
8 128 1 1.3339483737945557
8 128 1 1.4183436632156372
8 128 1 1.6132539510726929
8 128 1 0.9472209215164185
8 128 1 1.0845692157745361
8 128 1 1.2248625755310059
8 128 1 0.9755946993827820
8 128 1 2.2454099655151367
8 128 1 1.4642319679260254
8 128 1 1.1416350603103638
8 128 1 1.5585110187530518
8 128 1 1.5054023265838623
8 128 1 1.9730300903320312
8 128 1 2.5590169429779053
8 128 1 1.2356457710266113
8 128 1 1.2843226194381714
8 128 1 2.6379995346069336
8 128 1 0.8647274971008301
8 128 1 1.5200622081756592
8 128 1 1.4073356389999390
8 128 1 0.8381741046905518
8 128 1 1.8755645751953125
8 128 1 1.0000628232955933
8 128 1 0.8188055157661438
8 128 1 0.8774695396423340
8 128 1 1.6442227363586426
8 128 1 1.4606426954269409
8 128 1 1.8791570663452148
8 128 1 1.2564657926559448
8 128 1 1.5824732780456543
8 128 1 0.9107131958007812
8 128 1 2.3767290115356445
8 128 1 1.4341145753860474
8 128 1 0.6722537875175476
8 128 1 1.5867233276367188
8 128 1 1.1750667095184326
8 256 1 1.0519624948501587
8 256 1 1.0418666601181030
8 256 1 0.9049341082572937
8 256 1 1.7338861227035522
8 256 1 0.8540831208229065
8 256 1 1.2844734191894531
8 256 1 1.0778669118881226
8 256 1 1.4917852878570557
8 256 1 0.8548300862312317
8 256 1 0.9234872460365295
8 256 1 0.6467369794845581
8 256 1 1.0120637416839600
8 256 1 1.6971678733825684
8 256 1 0.8396679759025574
8 256 1 0.8170561790466309
8 256 1 0.9917418956756592
8 256 1 1.8341346979141235
8 256 1 0.6082345247268677
8 256 1 1.2544522285461426
8 256 1 0.8323013186454773
8 256 1 0.5172514915466309
8 256 1 0.8235846161842346
8 256 1 0.7568415999412537
8 256 1 0.7918358445167542
8 256 1 1.1085768938064575
8 256 1 0.9132869839668274
8 256 1 1.3949786424636841
8 256 1 1.3607947826385498
8 256 1 1.0564353466033936
8 256 1 1.5272510051727295
8 256 1 0.8154442310333252
8 256 1 0.6553550958633423
8 256 1 0.6760612726211548
8 256 1 0.8664472103118896
8 256 1 1.2440642118453979
8 256 1 1.8821769952774048
8 256 1 0.8910946846008301
8 256 1 0.8115290999412537
8 256 1 0.7647536396980286
8 256 1 1.4026635885238647
8 256 1 1.0891468524932861
8 256 1 0.8018191456794739
8 256 1 0.9431203603744507
8 256 1 0.6877658367156982
8 256 1 1.6843359470367432
8 256 1 0.8981330394744873
8 256 1 1.2381787300109863
8 256 1 2.0130357742309570
8 256 1 1.1533514261245728
8 256 1 1.7599142789840698
8 256 1 1.1186851263046265
8 256 1 1.0092552900314331
8 256 1 0.9383471608161926
8 256 1 1.4144533872604370
8 256 1 1.0363049507141113
8 256 1 1.2991385459899902
8 256 1 0.7374962568283081
8 256 1 0.6436508297920227
8 256 1 0.8395256996154785
8 256 1 0.7646226286888123
8 256 1 1.0982531309127808
8 256 1 0.9829455614089966
8 256 1 1.1099998950958252
8 256 1 1.2760685682296753
8 256 1 0.7609185576438904
8 256 1 1.0128788948059082
8 256 1 1.3167418241500854
8 256 1 0.7632299065589905
8 256 1 0.8250182271003723
8 256 1 0.9806608557701111
8 256 1 0.9602811932563782
8 256 1 1.1890234947204590
8 256 1 0.9939139485359192
8 256 1 0.8725221753120422
8 256 1 1.2666035890579224
8 256 1 1.0354641675949097
8 256 1 1.7097567319869995
8 256 1 1.0443238019943237
8 256 1 0.8016527295112610
8 256 1 0.6909670233726501
8 256 1 1.0211721658706665
8 256 1 0.8010169267654419
8 256 1 0.8710258007049561
8 256 1 0.7174530029296875
8 256 1 0.7536453008651733
8 256 1 0.6231545209884644
8 256 1 0.9027919769287109
8 256 1 0.9450179934501648
8 256 1 0.9329721927642822
8 256 1 0.6183617711067200
8 256 1 0.7828927636146545
8 256 1 1.3079771995544434
8 256 1 0.6155474781990051
8 256 1 0.9552446603775024
8 256 1 1.3265407085418701
8 256 1 0.8360298275947571
8 256 1 0.9641677737236023
8 256 1 1.4836419820785522
8 256 1 0.8799975514411926
8 256 1 1.1513748168945312
8 512 1 0.9522852301597595
8 512 1 0.7612174749374390
8 512 1 0.5924361944198608
8 512 1 0.7346505522727966
8 512 1 0.7872241139411926
8 512 1 0.8113828897476196
8 512 1 0.8205301761627197
8 512 1 0.7286272644996643
8 512 1 0.6800922155380249
8 512 1 0.9740526676177979
8 512 1 0.6910362839698792
8 512 1 0.9074484109878540
8 512 1 0.9097968339920044
8 512 1 0.6161260008811951
8 512 1 0.8416690826416016
8 512 1 0.5221440196037292
8 512 1 0.8492522239685059
8 512 1 0.6730691790580750
8 512 1 0.8020236492156982
8 512 1 0.9044218659400940
8 512 1 0.6352517604827881
8 512 1 0.5092025399208069
8 512 1 0.8373786807060242
8 512 1 0.9524124860763550
8 512 1 0.8913358449935913
8 512 1 0.7984195947647095
8 512 1 0.8132579326629639
8 512 1 0.7755441069602966
8 512 1 0.7727661132812500
8 512 1 0.5598950386047363
8 512 1 0.6193400025367737
8 512 1 0.6499606370925903
8 512 1 0.6268985271453857
8 512 1 0.4956133365631104
8 512 1 0.6976505517959595
8 512 1 0.6893594861030579
8 512 1 0.9736052155494690
8 512 1 0.8549722433090210
8 512 1 0.6851515173912048
8 512 1 0.6610566973686218
8 512 1 1.0002989768981934
8 512 1 1.5677592754364014
8 512 1 1.0408542156219482
8 512 1 0.6765933036804199
8 512 1 0.7681164741516113
8 512 1 1.1328916549682617
8 512 1 0.7201167941093445
8 512 1 0.8498076796531677
8 512 1 0.7487880587577820
8 512 1 0.8636297583580017
8 512 1 0.7953532934188843
8 512 1 0.9657593369483948
8 512 1 0.8912977576255798
8 512 1 0.7699753642082214
8 512 1 0.5787311792373657
8 512 1 0.9082554578781128
8 512 1 0.7786800265312195
8 512 1 0.8094984292984009
8 512 1 1.0250289440155029
8 512 1 0.5921506285667419
8 512 1 0.7823519110679626
8 512 1 1.0302076339721680
8 512 1 0.5111308097839355
8 512 1 0.6584962606430054
8 512 1 0.5587369799613953
8 512 1 0.8032710552215576
8 512 1 0.6327896714210510
8 512 1 1.0134426355361938
8 512 1 0.7852796316146851
8 512 1 0.7134917974472046
8 512 1 0.7011131048202515
8 512 1 0.7543159723281860
8 512 1 0.6055771112442017
8 512 1 0.8039826750755310
8 512 1 0.8668471574783325
8 512 1 0.6375913023948669
8 512 1 0.7666901946067810
8 512 1 0.9120591878890991
8 512 1 0.7960988879203796
8 512 1 0.8696580529212952
8 512 1 0.7209573984146118
8 512 1 0.9605513215065002
8 512 1 1.3272199630737305
8 512 1 0.6732085347175598
8 512 1 0.7414772510528564
8 512 1 0.9807848930358887
8 512 1 0.8454544544219971
8 512 1 0.8177081942558289
8 512 1 0.6211135983467102
8 512 1 0.7234270572662354
8 512 1 0.9276926517486572
8 512 1 0.7948719263076782
8 512 1 0.8764885663986206
8 512 1 0.8226507306098938
8 512 1 0.7276852130889893
8 512 1 0.9352902770042419
8 512 1 0.7914417386054993
8 512 1 0.6991319060325623
8 512 1 0.7386213541030884
8 512 1 0.7288088202476501
16 4 1 123.6098632812500000
16 4 1 97.8239059448242188
16 4 1 88.0689544677734375
16 4 1 191.8314056396484375
16 4 1 271.9041748046875000
16 4 1 242.1813659667968750
16 4 1 418.4376220703125000
16 4 1 156.1805572509765625
16 4 1 17.3073253631591797
16 4 1 210.7899932861328125
16 4 1 254.0617675781250000
16 4 1 39.8336105346679688
16 4 1 46.7379608154296875
16 4 1 69.3214950561523438
16 4 1 187.7500610351562500
16 4 1 212.1252746582031250
16 4 1 164.0593566894531250
16 4 1 92.6502990722656250
16 4 1 468.1926574707031250
16 4 1 92.1286392211914062
16 4 1 156.7462768554687500
16 4 1 314.9562988281250000
16 4 1 25.1764202117919922
16 4 1 185.4764862060546875
16 4 1 56.0570182800292969
16 4 1 99.6346130371093750
16 4 1 41.1118049621582031
16 4 1 35.3081779479980469
16 4 1 87.9296646118164062
16 4 1 174.5771484375000000
16 4 1 103.1596450805664062
16 4 1 132.3558654785156250
16 4 1 121.5236129760742188
16 4 1 260.5894317626953125
16 4 1 318.5956954956054688
16 4 1 511.1380615234375000
16 4 1 626.7360839843750000
16 4 1 556.3260498046875000
16 4 1 143.8563842773437500
16 4 1 70.5993881225585938
16 4 1 165.5101928710937500
16 4 1 159.8637847900390625
16 4 1 84.1624679565429688
16 4 1 109.2330856323242188
16 4 1 42.7478942871093750
16 4 1 218.4371490478515625
16 4 1 139.1002960205078125
16 4 1 419.4434509277343750
16 4 1 36.1967201232910156
16 4 1 199.0636138916015625
16 4 1 180.2959442138671875
16 4 1 210.2297058105468750
16 4 1 735.7681274414062500
16 4 1 170.4452667236328125
16 4 1 298.9442443847656250
16 4 1 51.0927200317382812
16 4 1 56.1622810363769531
16 4 1 118.8894958496093750
16 4 1 160.1293029785156250
16 4 1 46.5893707275390625
16 4 1 401.0841064453125000
16 4 1 288.4462585449218750
16 4 1 197.3545684814453125
16 4 1 94.5207214355468750
16 4 1 273.9510803222656250
16 4 1 38.3099060058593750
16 4 1 166.5526428222656250
16 4 1 49.5413818359375000
16 4 1 523.8281860351562500
16 4 1 698.3554687500000000
16 4 1 587.3135375976562500
16 4 1 746.2175292968750000
16 4 1 50.8615684509277344
16 4 1 209.3920440673828125
16 4 1 77.0365676879882812
16 4 1 132.4383239746093750
16 4 1 393.0384826660156250
16 4 1 42.8663215637207031
16 4 1 552.5138549804687500
16 4 1 52.1605682373046875
16 4 1 127.0019607543945312
16 4 1 744.8771362304687500
16 4 1 267.1815490722656250
16 4 1 675.3269042968750000
16 4 1 490.4795837402343750
16 4 1 105.1928253173828125
16 4 1 64.6377029418945312
16 4 1 184.8759613037109375
16 4 1 243.8178253173828125
16 4 1 50.0529594421386719
16 4 1 384.5728759765625000
16 4 1 560.8859863281250000
16 4 1 50.1700401306152344
16 4 1 266.5089416503906250
16 4 1 56.0603790283203125
16 4 1 87.4808197021484375
16 4 1 270.6881103515625000
16 4 1 746.4035034179687500
16 4 1 277.9783325195312500
16 4 1 142.6624450683593750
16 8 1 138.2316131591796875
16 8 1 1.5153021812438965
16 8 1 150.8677673339843750
16 8 1 152.1711578369140625
16 8 1 14.1599302291870117
16 8 1 72.2607498168945312
16 8 1 72.1655273437500000
16 8 1 60.7053375244140625
16 8 1 171.9367828369140625
16 8 1 45.5994300842285156
16 8 1 183.8095703125000000
16 8 1 169.2290954589843750
16 8 1 131.0813140869140625
16 8 1 44.1725502014160156
16 8 1 281.2091674804687500
16 8 1 53.3895759582519531
16 8 1 242.6990814208984375
16 8 1 125.6978530883789062
16 8 1 184.4647521972656250
16 8 1 38.6033020019531250
16 8 1 345.8705444335937500
16 8 1 268.5358886718750000
16 8 1 32.5566406250000000
16 8 1 50.0092735290527344
16 8 1 141.0239410400390625
16 8 1 110.4586029052734375
16 8 1 109.1732482910156250
16 8 1 77.0139160156250000
16 8 1 47.6834259033203125
16 8 1 56.2990036010742188
16 8 1 26.6360282897949219
16 8 1 320.4711914062500000
16 8 1 25.8298931121826172
16 8 1 36.1143608093261719
16 8 1 154.3128356933593750
16 8 1 199.2779846191406250
16 8 1 182.9746704101562500
16 8 1 55.0029945373535156
16 8 1 25.4958496093750000
16 8 1 369.9759521484375000
16 8 1 168.4825439453125000
16 8 1 378.5817565917968750
16 8 1 89.8276748657226562
16 8 1 109.6132354736328125
16 8 1 230.4436340332031250
16 8 1 161.5774688720703125
16 8 1 233.2072448730468750
16 8 1 138.4414215087890625
16 8 1 18.6107330322265625
16 8 1 285.2655029296875000
16 8 1 85.0267181396484375
16 8 1 228.9436035156250000
16 8 1 224.9095764160156250
16 8 1 163.1926116943359375
16 8 1 60.6684417724609375
16 8 1 92.2179718017578125
16 8 1 61.5754547119140625
16 8 1 197.8293762207031250
16 8 1 186.4282989501953125
16 8 1 100.3291244506835938
16 8 1 232.9365386962890625
16 8 1 2.2040894031524658
16 8 1 105.5360260009765625
16 8 1 34.3954010009765625
16 8 1 35.2728462219238281
16 8 1 242.5896911621093750
16 8 1 399.5311584472656250
16 8 1 263.8402099609375000
16 8 1 29.4546833038330078
16 8 1 58.7639617919921875
16 8 1 843.0033569335937500
16 8 1 52.5566101074218750
16 8 1 22.8056812286376953
16 8 1 39.3741836547851562
16 8 1 219.8271026611328125
16 8 1 10.1227540969848633
16 8 1 488.4244384765625000
16 8 1 92.2137908935546875
16 8 1 123.6440353393554688
16 8 1 274.0377197265625000
16 8 1 405.8572998046875000
16 8 1 96.9746475219726562
16 8 1 183.1439971923828125
16 8 1 45.7243156433105469
16 8 1 77.9292068481445312
16 8 1 85.8106536865234375
16 8 1 519.7040405273437500
16 8 1 218.4050445556640625
16 8 1 834.6843261718750000
16 8 1 440.7718505859375000
16 8 1 295.8255004882812500
16 8 1 18.5651645660400391
16 8 1 541.7507934570312500
16 8 1 25.3271846771240234
16 8 1 60.0490264892578125
16 8 1 71.3457717895507812
16 8 1 83.0030288696289062
16 8 1 449.5212402343750000
16 8 1 29.0367488861083984
16 8 1 990.5217895507812500
16 16 1 33.3024559020996094
16 16 1 9.6416311264038086
16 16 1 107.6438598632812500
16 16 1 137.3575897216796875
16 16 1 29.6168575286865234
16 16 1 4.2552556991577148
16 16 1 55.7072029113769531
16 16 1 30.9071292877197266
16 16 1 14.3739356994628906
16 16 1 29.3708152770996094
16 16 1 69.4576644897460938
16 16 1 35.1880340576171875
16 16 1 25.5926342010498047
16 16 1 17.5591297149658203
16 16 1 47.6069564819335938
16 16 1 18.5656337738037109
16 16 1 6.8479857444763184
16 16 1 31.2961483001708984
16 16 1 284.1036376953125000
16 16 1 60.1141815185546875
16 16 1 24.0982551574707031
16 16 1 50.3595504760742188
16 16 1 25.0539360046386719
16 16 1 108.2479858398437500
16 16 1 308.8831176757812500
16 16 1 21.8320980072021484
16 16 1 20.6053295135498047
16 16 1 248.5742187500000000
16 16 1 49.0285606384277344
16 16 1 323.2718811035156250
16 16 1 81.8771667480468750
16 16 1 110.1441173553466797
16 16 1 62.5906944274902344
16 16 1 33.9910850524902344
16 16 1 69.4065093994140625
16 16 1 244.3706970214843750
16 16 1 76.4859848022460938
16 16 1 15.3717050552368164
16 16 1 22.9629898071289062
16 16 1 7.3849086761474609
16 16 1 47.8707237243652344
16 16 1 8.3872947692871094
16 16 1 28.1056842803955078
16 16 1 86.6283798217773438
16 16 1 148.7389678955078125
16 16 1 19.5283641815185547
16 16 1 4.4015431404113770
16 16 1 20.1288070678710938
16 16 1 143.3656921386718750
16 16 1 13.0452156066894531
16 16 1 32.0862693786621094
16 16 1 6.5349426269531250
16 16 1 119.3886260986328125
16 16 1 362.2455444335937500
16 16 1 116.0598068237304688
16 16 1 17.1285171508789062
16 16 1 6.5628190040588379
16 16 1 42.7974700927734375
16 16 1 3.9507610797882080
16 16 1 42.9542236328125000
16 16 1 44.1235542297363281
16 16 1 3.9598174095153809
16 16 1 345.4699096679687500
16 16 1 25.2106494903564453
16 16 1 31.1245136260986328
16 16 1 4.1609272956848145
16 16 1 110.4102706909179688
16 16 1 42.3441696166992188
16 16 1 164.5234527587890625
16 16 1 17.6166191101074219
16 16 1 14.6987991333007812
16 16 1 4.6762394905090332
16 16 1 2.9133522510528564
16 16 1 5.2012867927551270
16 16 1 49.3437385559082031
16 16 1 30.6700878143310547
16 16 1 24.3019218444824219
16 16 1 6.0430493354797363
16 16 1 351.5208740234375000
16 16 1 31.6714458465576172
16 16 1 12.2464046478271484
16 16 1 27.2572116851806641
16 16 1 27.0659980773925781
16 16 1 119.2732009887695312
16 16 1 3.9487001895904541
16 16 1 15.9731302261352539
16 16 1 31.4450187683105469
16 16 1 9.0657148361206055
16 16 1 5.4354424476623535
16 16 1 9.2730588912963867
16 16 1 1.8861864805221558
16 16 1 23.1975975036621094
16 16 1 21.4658355712890625
16 16 1 132.5357513427734375
16 16 1 30.6388568878173828
16 16 1 120.3479080200195312
16 16 1 104.2122497558593750
16 16 1 71.6635971069335938
16 16 1 38.2211036682128906
16 16 1 38.5254631042480469
16 32 1 2.4625520706176758
16 32 1 5.1928777694702148
16 32 1 1.7080477476119995
16 32 1 17.5103206634521484
16 32 1 1.9208394289016724
16 32 1 18.5766925811767578
16 32 1 1.9252746105194092
16 32 1 7.0967717170715332
16 32 1 2.4301934242248535
16 32 1 7.5752844810485840
16 32 1 13.0798740386962891
16 32 1 2.6104967594146729
16 32 1 4.8619523048400879
16 32 1 2.0278143882751465
16 32 1 19.5531330108642578
16 32 1 19.0847835540771484
16 32 1 11.9305286407470703
16 32 1 11.8174123764038086
16 32 1 4.8688883781433105
16 32 1 8.1600084304809570
16 32 1 17.3094120025634766
16 32 1 3.9964466094970703
16 32 1 5.7206988334655762
16 32 1 3.0032360553741455
16 32 1 1.3080636262893677
16 32 1 22.1413688659667969
16 32 1 5.0851154327392578
16 32 1 3.2341732978820801
16 32 1 1.7913851737976074
16 32 1 3.3250458240509033
16 32 1 6.4769153594970703
16 32 1 7.9029254913330078
16 32 1 2.0298252105712891
16 32 1 5.0321598052978516
16 32 1 7.2880611419677734
16 32 1 1.9492357969284058
16 32 1 31.5972919464111328
16 32 1 1.5136375427246094
16 32 1 14.1494417190551758
16 32 1 4.5571885108947754
16 32 1 2.2285633087158203
16 32 1 3.8971309661865234
16 32 1 1.3068015575408936
16 32 1 4.0557026863098145
16 32 1 23.0049438476562500
16 32 1 3.7090744972229004
16 32 1 11.9152450561523438
16 32 1 1.5246847867965698
16 32 1 72.6379013061523438
16 32 1 1.8618333339691162
16 32 1 19.7777996063232422
16 32 1 1.6177787780761719
16 32 1 5.4560441970825195
16 32 1 4.9638514518737793
16 32 1 7.3874406814575195
16 32 1 5.5362491607666016
16 32 1 8.5670394897460938
16 32 1 552.0245361328125000
16 32 1 2.2346804141998291
16 32 1 19.2419624328613281
16 32 1 14.6555967330932617
16 32 1 18.9394378662109375
16 32 1 1.9263018369674683
16 32 1 6.3729953765869141
16 32 1 2.3265020847320557
16 32 1 2.9225537776947021
16 32 1 2.7731549739837646
16 32 1 13.6438760757446289
16 32 1 3.0872173309326172
16 32 1 5.7848658561706543
16 32 1 6.4375658035278320
16 32 1 1.6670395135879517
16 32 1 9.4083766937255859
16 32 1 1.9106255769729614
16 32 1 6.5099287033081055
16 32 1 1.3443201780319214
16 32 1 4.1404495239257812
16 32 1 18.1384048461914062
16 32 1 2.8238089084625244
16 32 1 6.3090949058532715
16 32 1 3.9783067703247070
16 32 1 2.0059943199157715
16 32 1 5.1536450386047363
16 32 1 22.0791511535644531
16 32 1 2.3341042995452881
16 32 1 1.7898292541503906
16 32 1 22.9825992584228516
16 32 1 3.7038440704345703
16 32 1 17.2196483612060547
16 32 1 3.9563312530517578
16 32 1 30.7751464843750000
16 32 1 3.8653910160064697
16 32 1 3.9111504554748535
16 32 1 17.3214607238769531
16 32 1 1.2772825956344604
16 32 1 13.4574575424194336
16 32 1 3.7880029678344727
16 32 1 3.1165125370025635
16 32 1 18.9316425323486328
16 32 1 24.5613956451416016
16 64 1 2.3714601993560791
16 64 1 1.5878169536590576
16 64 1 0.9910743832588196
16 64 1 2.1497397422790527
16 64 1 1.8114573955535889
16 64 1 0.9136465191841125
16 64 1 2.2470655441284180
16 64 1 1.2612841129302979
16 64 1 1.4931972026824951
16 64 1 1.0875880718231201
16 64 1 2.4664125442504883
16 64 1 0.4878936707973480
16 64 1 4.2538290023803711
16 64 1 2.2157557010650635
16 64 1 3.8448472023010254
16 64 1 2.3656797409057617
16 64 1 1.9495974779129028
16 64 1 3.5237503051757812
16 64 1 2.8449523448944092
16 64 1 2.2329435348510742
16 64 1 1.9984207153320312
16 64 1 3.1449680328369141
16 64 1 1.5386662483215332
16 64 1 4.7859654426574707
16 64 1 1.1524965763092041
16 64 1 1.0070846080780029
16 64 1 3.5998888015747070
16 64 1 4.9494833946228027
16 64 1 1.0995314121246338
16 64 1 1.4590202569961548
16 64 1 0.8468683362007141
16 64 1 2.5186948776245117
16 64 1 3.3173751831054688
16 64 1 1.4043623208999634
16 64 1 1.2182495594024658
16 64 1 0.6475536227226257
16 64 1 1.0232746601104736
16 64 1 4.1911349296569824
16 64 1 2.6405472755432129
16 64 1 1.5236073732376099
16 64 1 3.1112399101257324
16 64 1 2.1392581462860107
16 64 1 2.3233354091644287
16 64 1 1.2183308601379395
16 64 1 1.7555449008941650
16 64 1 1.4697760343551636
16 64 1 1.5394678115844727
16 64 1 2.0416789054870605
16 64 1 3.5146698951721191
16 64 1 1.3546718358993530
16 64 1 2.1990633010864258
16 64 1 1.2153409719467163
16 64 1 2.6810274124145508
16 64 1 1.6596658229827881
16 64 1 2.1796936988830566
16 64 1 1.1163786649703979
16 64 1 0.7378802299499512
16 64 1 1.2710025310516357
16 64 1 2.7719357013702393
16 64 1 1.7155332565307617
16 64 1 1.8261419534683228
16 64 1 6.6339721679687500
16 64 1 1.3231952190399170
16 64 1 3.1327090263366699
16 64 1 3.2609634399414062
16 64 1 1.7550628185272217
16 64 1 1.8766735792160034
16 64 1 6.1826324462890625
16 64 1 0.9773252606391907
16 64 1 5.4621272087097168
16 64 1 2.1337413787841797
16 64 1 6.8154973983764648
16 64 1 1.5153480768203735
16 64 1 2.9919457435607910
16 64 1 1.9991903305053711
16 64 1 1.1756459474563599
16 64 1 3.0600912570953369
16 64 1 0.9408444166183472
16 64 1 2.1681525707244873
16 64 1 2.5061697959899902
16 64 1 2.7207634449005127
16 64 1 1.8189815282821655
16 64 1 3.2630727291107178
16 64 1 1.1961445808410645
16 64 1 1.1111582517623901
16 64 1 1.3432735204696655
16 64 1 1.4222940206527710
16 64 1 3.7305927276611328
16 64 1 2.0252807140350342
16 64 1 1.4126178026199341
16 64 1 1.1483423709869385
16 64 1 1.0850811004638672
16 64 1 3.1483750343322754
16 64 1 0.8013904094696045
16 64 1 2.6590874195098877
16 64 1 1.3641006946563721
16 64 1 3.7385671138763428
16 64 1 1.5985074043273926
16 64 1 4.1942691802978516
16 64 1 0.8691601753234863
16 128 1 1.1130242347717285
16 128 1 1.9616065025329590
16 128 1 2.8092801570892334
16 128 1 2.0229799747467041
16 128 1 0.9751760363578796
16 128 1 0.8367353081703186
16 128 1 0.9469983577728271
16 128 1 0.7658399939537048
16 128 1 1.0244226455688477
16 128 1 0.8278209567070007
16 128 1 0.9899311661720276
16 128 1 0.8373695611953735
16 128 1 0.9869791269302368
16 128 1 1.5248850584030151
16 128 1 0.8812825679779053
16 128 1 1.2868925333023071
16 128 1 1.0444227457046509
16 128 1 1.1239906549453735
16 128 1 0.8835945725440979
16 128 1 0.7903497815132141
16 128 1 1.5762481689453125
16 128 1 0.6185438036918640
16 128 1 0.8310650587081909
16 128 1 1.5245428085327148
16 128 1 1.2512869834899902
16 128 1 1.8091425895690918
16 128 1 1.9285295009613037
16 128 1 1.7378119230270386
16 128 1 1.1116029024124146
16 128 1 1.0672061443328857
16 128 1 0.6612864732742310
16 128 1 1.0712732076644897
16 128 1 1.4625636339187622
16 128 1 1.7621339559555054
16 128 1 2.8390343189239502
16 128 1 0.8006894588470459
16 128 1 0.6854959726333618
16 128 1 1.5862709283828735
16 128 1 2.0552802085876465
16 128 1 0.9417384862899780
16 128 1 0.9989377856254578
16 128 1 1.0768458843231201
16 128 1 1.0615205764770508
16 128 1 1.0679961442947388
16 128 1 0.7648934125900269
16 128 1 1.8491057157516479
16 128 1 0.8085674047470093
16 128 1 1.0957233905792236
16 128 1 1.0156674385070801
16 128 1 1.4540852308273315
16 128 1 2.1511006355285645
16 128 1 1.5774203538894653
16 128 1 1.4914649724960327
16 128 1 1.3699645996093750
16 128 1 0.8967230319976807
16 128 1 0.8054751753807068
16 128 1 1.7789771556854248
16 128 1 0.8030630350112915
16 128 1 1.4615925550460815
16 128 1 1.7021914720535278
16 128 1 1.4251759052276611
16 128 1 1.3387417793273926
16 128 1 1.0822907686233521
16 128 1 1.2050893306732178
16 128 1 1.6424747705459595
16 128 1 1.6103216409683228
16 128 1 0.4310380220413208
16 128 1 0.9276501536369324
16 128 1 1.1864355802536011
16 128 1 1.3393201828002930
16 128 1 1.5582516193389893
16 128 1 1.6929905414581299
16 128 1 2.6644682884216309
16 128 1 0.9685355424880981
16 128 1 1.0127582550048828
16 128 1 1.4423750638961792
16 128 1 1.2229002714157104
16 128 1 0.7439022660255432
16 128 1 1.2882471084594727
16 128 1 1.5929172039031982
16 128 1 1.3702456951141357
16 128 1 1.0583137273788452
16 128 1 1.1401551961898804
16 128 1 1.4624950885772705
16 128 1 1.5819088220596313
16 128 1 1.2617405652999878
16 128 1 1.1426180601119995
16 128 1 1.3501067161560059
16 128 1 1.0080490112304688
16 128 1 0.8190320730209351
16 128 1 0.7225931286811829
16 128 1 1.5983891487121582
16 128 1 1.5185583829879761
16 128 1 1.4987928867340088
16 128 1 1.0337768793106079
16 128 1 0.6160455346107483
16 128 1 1.2807174921035767
16 128 1 0.7836245894432068
16 128 1 0.9580593705177307
16 128 1 0.7365096211433411
16 256 1 1.2753539085388184
16 256 1 0.7807397246360779
16 256 1 0.6342239975929260
16 256 1 0.5203984975814819
16 256 1 1.1607806682586670
16 256 1 0.5963691473007202
16 256 1 0.8571422696113586
16 256 1 0.7035294175148010
16 256 1 0.6604362726211548
16 256 1 0.8008356690406799
16 256 1 0.8193685412406921
16 256 1 1.6185994148254395
16 256 1 0.6968282461166382
16 256 1 0.7223349213600159
16 256 1 0.9489081501960754
16 256 1 0.7703584432601929
16 256 1 0.5858727097511292
16 256 1 0.5895038247108459
16 256 1 0.9890093207359314
16 256 1 1.1307001113891602
16 256 1 0.6611834168434143
16 256 1 0.6199078559875488
16 256 1 0.5823645591735840
16 256 1 0.6623537540435791
16 256 1 0.8172695040702820
16 256 1 0.5259353518486023
16 256 1 0.5905695557594299
16 256 1 0.5713300108909607
16 256 1 0.7474006414413452
16 256 1 0.7702279686927795
16 256 1 0.9261727333068848
16 256 1 0.8118751645088196
16 256 1 0.8752303123474121
16 256 1 0.8563939929008484
16 256 1 0.9877204298973083
16 256 1 0.5169079899787903
16 256 1 0.3309225142002106
16 256 1 0.8922705650329590
16 256 1 0.5925927162170410
16 256 1 0.6040755510330200
16 256 1 0.9974606037139893
16 256 1 0.9834676980972290
16 256 1 0.6621962189674377
16 256 1 0.6979025006294250
16 256 1 0.6757294535636902
16 256 1 0.5759426355361938
16 256 1 0.6122869253158569
16 256 1 1.0594357252120972
16 256 1 0.7120631933212280
16 256 1 1.0007284879684448
16 256 1 0.9336955547332764
16 256 1 0.8123338818550110
16 256 1 0.7411999702453613
16 256 1 0.8405290842056274
16 256 1 0.9224711060523987
16 256 1 1.1456214189529419
16 256 1 0.8768811225891113
16 256 1 0.8427450060844421
16 256 1 0.7664497494697571
16 256 1 0.8211401104927063
16 256 1 0.7842091917991638
16 256 1 1.0174913406372070
16 256 1 0.7411517500877380
16 256 1 0.9099480509757996
16 256 1 0.8291378021240234
16 256 1 0.7077879309654236
16 256 1 0.6329144835472107
16 256 1 1.0068317651748657
16 256 1 0.9452767968177795
16 256 1 1.0928527116775513
16 256 1 0.8960061669349670
16 256 1 0.9255706667900085
16 256 1 1.4196920394897461
16 256 1 1.0593758821487427
16 256 1 0.8140278458595276
16 256 1 1.1687833070755005
16 256 1 1.1214022636413574
16 256 1 0.8682917952537537
16 256 1 0.8013202548027039
16 256 1 0.5393306612968445
16 256 1 0.5842745900154114
16 256 1 0.6643113493919373
16 256 1 0.9260201454162598
16 256 1 0.7243973612785339
16 256 1 0.8244510889053345
16 256 1 0.5533815622329712
16 256 1 0.5213685631752014
16 256 1 0.5117449760437012
16 256 1 1.1572618484497070
16 256 1 1.1142612695693970
16 256 1 0.7236700654029846
16 256 1 1.0172613859176636
16 256 1 0.7989454865455627
16 256 1 0.6007139682769775
16 256 1 0.7385831475257874
16 256 1 1.0114160776138306
16 256 1 0.8599876165390015
16 256 1 0.6099002957344055
16 256 1 0.6477786898612976
16 256 1 0.8226051926612854
16 512 1 0.5856063961982727
16 512 1 0.5243580341339111
16 512 1 0.4982370138168335
16 512 1 0.7654078602790833
16 512 1 0.5785726308822632
16 512 1 0.6681704521179199
16 512 1 0.6644561886787415
16 512 1 1.0064717531204224
16 512 1 0.6536596417427063
16 512 1 0.5436590313911438
16 512 1 0.5387551784515381
16 512 1 0.6710661053657532
16 512 1 0.5983457565307617
16 512 1 0.4978730082511902
16 512 1 0.7530114054679871
16 512 1 0.8403665423393250
16 512 1 0.6789362430572510
16 512 1 0.6368499398231506
16 512 1 0.8028914928436279
16 512 1 0.4478022754192352
16 512 1 0.6414732336997986
16 512 1 0.6988140344619751
16 512 1 0.5906549096107483
16 512 1 0.6255379319190979
16 512 1 0.8466312885284424
16 512 1 0.7590029239654541
16 512 1 0.6831790208816528
16 512 1 0.5729541778564453
16 512 1 0.5477923750877380
16 512 1 0.6759545207023621
16 512 1 0.7371275424957275
16 512 1 0.7106837630271912
16 512 1 0.6909877657890320
16 512 1 0.7467561960220337
16 512 1 0.7091941833496094
16 512 1 0.5896375775337219
16 512 1 0.5430728197097778
16 512 1 0.5529606938362122
16 512 1 0.6784163117408752
16 512 1 0.5685665011405945
16 512 1 0.6534878015518188
16 512 1 0.7878324389457703
16 512 1 0.6334329247474670
16 512 1 0.6086005568504333
16 512 1 0.6525818705558777
16 512 1 0.5273398160934448
16 512 1 0.7305713891983032
16 512 1 0.4740329086780548
16 512 1 0.5025249719619751
16 512 1 0.4557075500488281
16 512 1 0.5706203579902649
16 512 1 0.4235274493694305
16 512 1 0.7849666476249695
16 512 1 0.8580497503280640
16 512 1 0.7657353878021240
16 512 1 0.7051749229431152
16 512 1 0.7798465490341187
16 512 1 0.7333762645721436
16 512 1 0.6012129783630371
16 512 1 0.6763853430747986
16 512 1 0.7712619900703430
16 512 1 0.6122133135795593
16 512 1 0.5859874486923218
16 512 1 0.5763105154037476
16 512 1 0.5004993081092834
16 512 1 0.5761490464210510
16 512 1 0.5056917071342468
16 512 1 0.6163224577903748
16 512 1 0.6554862260818481
16 512 1 0.5826023221015930
16 512 1 0.8216433525085449
16 512 1 0.5178375244140625
16 512 1 0.6857326030731201
16 512 1 0.7618059515953064
16 512 1 0.6112567782402039
16 512 1 0.5804166197776794
16 512 1 0.6651529073715210
16 512 1 0.7206631302833557
16 512 1 0.5654596090316772
16 512 1 0.7758682966232300
16 512 1 0.5998159050941467
16 512 1 0.6106665134429932
16 512 1 0.7815976738929749
16 512 1 0.6888356208801270
16 512 1 0.6897389292716980
16 512 1 0.5097440481185913
16 512 1 0.7817353606224060
16 512 1 0.5675488114356995
16 512 1 0.7484548687934875
16 512 1 0.6463845968246460
16 512 1 0.6588611602783203
16 512 1 0.7158339619636536
16 512 1 0.7692735791206360
16 512 1 0.6409315466880798
16 512 1 0.6141016483306885
16 512 1 0.5968729257583618
16 512 1 0.6207755804061890
16 512 1 0.5428299307823181
16 512 1 0.5983846187591553
16 512 1 0.6953121423721313
32 4 1 101.1649322509765625
32 4 1 103.8458786010742188
32 4 1 171.9388275146484375
32 4 1 19.9878597259521484
32 4 1 316.2115173339843750
32 4 1 420.8276977539062500
32 4 1 218.9418182373046875
32 4 1 530.5496826171875000
32 4 1 60.9208145141601562
32 4 1 183.6950531005859375
32 4 1 113.0911102294921875
32 4 1 213.4485931396484375
32 4 1 245.7791137695312500
32 4 1 609.0610351562500000
32 4 1 173.4566040039062500
32 4 1 91.8971557617187500
32 4 1 959.7569580078125000
32 4 1 382.5453186035156250
32 4 1 194.2099456787109375
32 4 1 58.2805061340332031
32 4 1 66.4804458618164062
32 4 1 52.1082382202148438
32 4 1 48.8091926574707031
32 4 1 68.3624649047851562
32 4 1 262.2075500488281250
32 4 1 450.6309814453125000
32 4 1 138.9866333007812500
32 4 1 89.6851043701171875
32 4 1 164.2558135986328125
32 4 1 192.4513854980468750
32 4 1 95.1375579833984375
32 4 1 114.5261611938476562
32 4 1 291.8890380859375000
32 4 1 384.9213562011718750
32 4 1 359.8750915527343750
32 4 1 171.8545684814453125
32 4 1 120.7729492187500000
32 4 1 202.9299621582031250
32 4 1 370.9742431640625000
32 4 1 420.2969055175781250
32 4 1 24.1357650756835938
32 4 1 62.2661170959472656
32 4 1 196.1600036621093750
32 4 1 469.3353881835937500
32 4 1 59.8586425781250000
32 4 1 222.1835327148437500
32 4 1 95.1340408325195312
32 4 1 448.2296752929687500
32 4 1 141.0522918701171875
32 4 1 22.2299251556396484
32 4 1 207.5501403808593750
32 4 1 94.1546401977539062
32 4 1 77.4169998168945312
32 4 1 263.9733886718750000
32 4 1 69.6345596313476562
32 4 1 605.4060058593750000
32 4 1 303.3291931152343750
32 4 1 57.3477897644042969
32 4 1 525.9311523437500000
32 4 1 45.0133056640625000
32 4 1 512.0546264648437500
32 4 1 163.2019500732421875
32 4 1 471.5624084472656250
32 4 1 51.3993225097656250
32 4 1 489.3048706054687500
32 4 1 151.2288513183593750
32 4 1 274.5530090332031250
32 4 1 194.1712341308593750
32 4 1 94.3723449707031250
32 4 1 374.9049072265625000
32 4 1 202.3564910888671875
32 4 1 254.1961517333984375
32 4 1 210.5526428222656250
32 4 1 204.4920043945312500
32 4 1 342.5485839843750000
32 4 1 36.7168960571289062
32 4 1 107.4586791992187500
32 4 1 53.5213623046875000
32 4 1 481.5582885742187500
32 4 1 76.8675689697265625
32 4 1 106.1919326782226562
32 4 1 103.9489974975585938
32 4 1 207.1059417724609375
32 4 1 251.9635009765625000
32 4 1 45.4429893493652344
32 4 1 281.0683593750000000
32 4 1 76.9482421875000000
32 4 1 129.0496063232421875
32 4 1 109.8452606201171875
32 4 1 190.7374877929687500
32 4 1 127.8091430664062500
32 4 1 582.0783691406250000
32 4 1 69.0781173706054688
32 4 1 137.2489166259765625
32 4 1 196.2984619140625000
32 4 1 75.4923858642578125
32 4 1 228.4298858642578125
32 4 1 203.1138305664062500
32 4 1 134.5667419433593750
32 4 1 220.3019561767578125
32 8 1 88.0487594604492188
32 8 1 6.2340269088745117
32 8 1 203.5902099609375000
32 8 1 145.1624145507812500
32 8 1 26.5033588409423828
32 8 1 133.8013916015625000
32 8 1 210.5053253173828125
32 8 1 138.7646484375000000
32 8 1 29.8353614807128906
32 8 1 85.2936096191406250
32 8 1 603.9569702148437500
32 8 1 20.4079341888427734
32 8 1 99.3443756103515625
32 8 1 144.0104980468750000
32 8 1 179.8579864501953125
32 8 1 117.4346694946289062
32 8 1 146.2709045410156250
32 8 1 216.1018218994140625
32 8 1 19.2640571594238281
32 8 1 34.4316024780273438
32 8 1 142.1573028564453125
32 8 1 142.4644165039062500
32 8 1 36.2598228454589844
32 8 1 45.5838928222656250
32 8 1 200.3918304443359375
32 8 1 30.5655212402343750
32 8 1 98.7422943115234375
32 8 1 48.7989997863769531
32 8 1 117.7167587280273438
32 8 1 45.4232406616210938
32 8 1 89.0411987304687500
32 8 1 41.7848892211914062
32 8 1 207.2982025146484375
32 8 1 173.7333221435546875
32 8 1 106.5157241821289062
32 8 1 307.5360412597656250
32 8 1 263.0523681640625000
32 8 1 49.3227577209472656
32 8 1 46.0286827087402344
32 8 1 118.3863449096679688
32 8 1 205.8754272460937500
32 8 1 60.6280860900878906
32 8 1 124.4884796142578125
32 8 1 410.5800781250000000
32 8 1 30.8548526763916016
32 8 1 107.2119445800781250
32 8 1 110.7116470336914062
32 8 1 139.8170623779296875
32 8 1 505.2480330467224121
32 8 1 136.6269683837890625
32 8 1 96.9638900756835938
32 8 1 217.2215576171875000
32 8 1 67.6952590942382812
32 8 1 496.9850769042968750
32 8 1 223.2169189453125000
32 8 1 55.6058654785156250
32 8 1 209.9965209960937500
32 8 1 125.0742416381835938
32 8 1 110.7887191772460938
32 8 1 205.3021850585937500
32 8 1 545.8413085937500000
32 8 1 107.7288284301757812
32 8 1 30.7278156280517578
32 8 1 113.0442657470703125
32 8 1 302.9036865234375000
32 8 1 52.6270942687988281
32 8 1 538.0927734375000000
32 8 1 26.7746582031250000
32 8 1 11.4042043685913086
32 8 1 53.5014839172363281
32 8 1 326.8229370117187500
32 8 1 154.5405731201171875
32 8 1 111.2464065551757812
32 8 1 362.9005126953125000
32 8 1 229.9824676513671875
32 8 1 154.3438415527343750
32 8 1 71.4137802124023438
32 8 1 120.0207824707031250
32 8 1 268.5031738281250000
32 8 1 149.3605041503906250
32 8 1 154.6912384033203125
32 8 1 123.8002471923828125
32 8 1 400.4915771484375000
32 8 1 111.2652816772460938
32 8 1 50.2896537780761719
32 8 1 12.0658254623413086
32 8 1 301.4102783203125000
32 8 1 554.3261718750000000
32 8 1 912.9798583984375000
32 8 1 98.1042098999023438
32 8 1 123.9500885009765625
32 8 1 81.7660827636718750
32 8 1 75.4416275024414062
32 8 1 57.9712066650390625
32 8 1 155.7367248535156250
32 8 1 193.5043792724609375
32 8 1 95.9913101196289062
32 8 1 290.0593261718750000
32 8 1 318.0095825195312500
32 8 1 125.4040908813476562
32 16 1 57.2811088562011719
32 16 1 4.7081737518310547
32 16 1 8.0235252380371094
32 16 1 136.5975646972656250
32 16 1 435.0372924804687500
32 16 1 3.4494371414184570
32 16 1 14.1031703948974609
32 16 1 35.3861923217773438
32 16 1 33.6844253540039062
32 16 1 30.6390457153320312
32 16 1 1.3785333633422852
32 16 1 2.7947187423706055
32 16 1 243.9508972167968750
32 16 1 2.9454183578491211
32 16 1 189.8756256103515625
32 16 1 11.5166320800781250
32 16 1 17.9739189147949219
32 16 1 68.5000457763671875
32 16 1 4.3112621307373047
32 16 1 48.7928962707519531
32 16 1 4.1699962615966797
32 16 1 17.0228290557861328
32 16 1 96.4474487304687500
32 16 1 28.3156909942626953
32 16 1 150.4806671142578125
32 16 1 10.3216037750244141
32 16 1 13.8736314773559570
32 16 1 71.6423263549804688
32 16 1 11.9536752700805664
32 16 1 23.1235694885253906
32 16 1 45.2181167602539062
32 16 1 94.7791442871093750
32 16 1 10.0120925903320312
32 16 1 25.7019290924072266
32 16 1 17.6104507446289062
32 16 1 34.4631309509277344
32 16 1 5.0108089447021484
32 16 1 13.1207923889160156
32 16 1 57.4858589172363281
32 16 1 16.8483543395996094
32 16 1 42.2206840515136719
32 16 1 188.6004333496093750
32 16 1 322.0413818359375000
32 16 1 8.3732023239135742
32 16 1 18.3108482360839844
32 16 1 10.1043968200683594
32 16 1 6.9464874267578125
32 16 1 279.5432739257812500
32 16 1 5.6048903465270996
32 16 1 10.9099292755126953
32 16 1 2.2596564292907715
32 16 1 1.4360672235488892
32 16 1 3.5962643623352051
32 16 1 56.4095611572265625
32 16 1 4.0258283615112305
32 16 1 21.4653987884521484
32 16 1 13.5759696960449219
32 16 1 58.8897857666015625
32 16 1 363.6560668945312500
32 16 1 32.3737602233886719
32 16 1 320.1674804687500000
32 16 1 50.6447715759277344
32 16 1 1.1265344619750977
32 16 1 8.1893806457519531
32 16 1 77.8350982666015625
32 16 1 6.1811966896057129
32 16 1 19.8905563354492188
32 16 1 37.6884918212890625
32 16 1 5.7962412834167480
32 16 1 6.2333855628967285
32 16 1 50.0970306396484375
32 16 1 88.6360168457031250
32 16 1 44.6625595092773438
32 16 1 12.4631385803222656
32 16 1 29.5723590850830078
32 16 1 12.5778074264526367
32 16 1 19.0902786254882812
32 16 1 82.1861343383789062
32 16 1 7.2930784225463867
32 16 1 1.9748220443725586
32 16 1 142.7932434082031250
32 16 1 22.4711017608642578
32 16 1 43.8144035339355469
32 16 1 16.3669185638427734
32 16 1 57.4004096984863281
32 16 1 54.9981002807617188
32 16 1 162.3949279785156250
32 16 1 3.5092566013336182
32 16 1 7.6267724037170410
32 16 1 221.4466552734375000
32 16 1 10.7793712615966797
32 16 1 203.0322723388671875
32 16 1 157.7392425537109375
32 16 1 14.8469543457031250
32 16 1 4.5767283439636230
32 16 1 530.0024414062500000
32 16 1 64.2733306884765625
32 16 1 1.4724026918411255
32 16 1 72.1461105346679688
32 16 1 190.3888092041015625
32 32 1 2.3460216522216797
32 32 1 4.6159834861755371
32 32 1 1.4276492595672607
32 32 1 1.2899109125137329
32 32 1 0.7477893829345703
32 32 1 5.2414860725402832
32 32 1 2.0158939361572266
32 32 1 0.9096105098724365
32 32 1 2.1364049911499023
32 32 1 7.1569666862487793
32 32 1 2.1474161148071289
32 32 1 1.0598468780517578
32 32 1 3.4370114803314209
32 32 1 3.8810977935791016
32 32 1 1.4505277872085571
32 32 1 25.3790035247802734
32 32 1 3.4772295951843262
32 32 1 2.0119574069976807
32 32 1 5.4453792572021484
32 32 1 4.7258186340332031
32 32 1 1.5240318775177002
32 32 1 2.4013304710388184
32 32 1 8.5036935806274414
32 32 1 1.5750977993011475
32 32 1 5.2722973823547363
32 32 1 6.3466234207153320
32 32 1 2.1410779953002930
32 32 1 2.0005025863647461
32 32 1 3.3529369831085205
32 32 1 4.9665160179138184
32 32 1 4.3858399391174316
32 32 1 2.1593620777130127
32 32 1 45.4308433532714844
32 32 1 4.6186232566833496
32 32 1 10.2258853912353516
32 32 1 5.2934279441833496
32 32 1 1.6155915260314941
32 32 1 2.4511897563934326
32 32 1 7.0165309906005859
32 32 1 1.7063984870910645
32 32 1 4.1046586036682129
32 32 1 9.4580421447753906
32 32 1 1.0238916873931885
32 32 1 2.8061273097991943
32 32 1 2.3375651836395264
32 32 1 2.7154400348663330
32 32 1 0.9506943225860596
32 32 1 8.7011404037475586
32 32 1 8.8572511672973633
32 32 1 7.4035100936889648
32 32 1 4.9440965652465820
32 32 1 1.1344350576400757
32 32 1 5.1561274528503418
32 32 1 0.8076329231262207
32 32 1 7.8778963088989258
32 32 1 5.0561208724975586
32 32 1 3.5899477005004883
32 32 1 3.0022652149200439
32 32 1 2.9086637496948242
32 32 1 3.1683149337768555
32 32 1 2.4163773059844971
32 32 1 12.2238206863403320
32 32 1 4.1854300498962402
32 32 1 6.3083453178405762
32 32 1 7.3421463966369629
32 32 1 11.8193912506103516
32 32 1 1.7054356336593628
32 32 1 1.7243002653121948
32 32 1 2.4739263057708740
32 32 1 1.7799874544143677
32 32 1 1.4464608430862427
32 32 1 10.5336990356445312
32 32 1 7.0474853515625000
32 32 1 2.1673264503479004
32 32 1 6.4345984458923340
32 32 1 2.7737395763397217
32 32 1 1.0440878868103027
32 32 1 1.9113928079605103
32 32 1 24.6125907897949219
32 32 1 5.9179191589355469
32 32 1 2.9343771934509277
32 32 1 3.5606069564819336
32 32 1 3.4308562278747559
32 32 1 8.6627902984619141
32 32 1 3.6110677719116211
32 32 1 11.3113670349121094
32 32 1 1.2344037294387817
32 32 1 8.0279026031494141
32 32 1 0.9471729397773743
32 32 1 16.6327400207519531
32 32 1 4.1834220886230469
32 32 1 2.8419179916381836
32 32 1 2.4554941654205322
32 32 1 1.6770560741424561
32 32 1 2.0191872119903564
32 32 1 1.4192966222763062
32 32 1 6.2602849006652832
32 32 1 1.6305176019668579
32 32 1 10.8015499114990234
32 32 1 1.2592381238937378
32 64 1 1.6587878465652466
32 64 1 0.8873636722564697
32 64 1 1.7262133359909058
32 64 1 1.4006571769714355
32 64 1 1.5350729227066040
32 64 1 1.2609488964080811
32 64 1 1.2577670812606812
32 64 1 2.0363702774047852
32 64 1 1.4530553817749023
32 64 1 1.9477047920227051
32 64 1 1.6268243789672852
32 64 1 0.9406400918960571
32 64 1 1.0859150886535645
32 64 1 3.8807671070098877
32 64 1 1.8462458848953247
32 64 1 0.9330097436904907
32 64 1 0.9237365722656250
32 64 1 1.4766958951950073
32 64 1 0.9231444597244263
32 64 1 5.1605658531188965
32 64 1 1.1202255487442017
32 64 1 1.4062173366546631
32 64 1 0.7781353592872620
32 64 1 1.9624886512756348
32 64 1 1.8332040309906006
32 64 1 1.6327998638153076
32 64 1 1.8133763074874878
32 64 1 1.0193033218383789
32 64 1 0.9339846968650818
32 64 1 0.9259798526763916
32 64 1 1.2329000234603882
32 64 1 0.9830247759819031
32 64 1 1.5835555791854858
32 64 1 1.4276804924011230
32 64 1 4.4577565193176270
32 64 1 1.1957417726516724
32 64 1 1.1832767724990845
32 64 1 1.3947739601135254
32 64 1 4.3040251731872559
32 64 1 1.3166705369949341
32 64 1 1.4997235536575317
32 64 1 1.2534376382827759
32 64 1 2.0876047611236572
32 64 1 1.3029792308807373
32 64 1 1.8761012554168701
32 64 1 1.7285375595092773
32 64 1 3.3078753948211670
32 64 1 1.6108349561691284
32 64 1 1.2620471715927124
32 64 1 3.6426427364349365
32 64 1 0.9956236481666565
32 64 1 4.6830224990844727
32 64 1 2.2042913436889648
32 64 1 1.1214846372604370
32 64 1 1.6358282566070557
32 64 1 1.1000509262084961
32 64 1 0.7876347303390503
32 64 1 1.4719796180725098
32 64 1 3.1177051067352295
32 64 1 1.0738408565521240
32 64 1 1.6744962930679321
32 64 1 1.3758908510208130
32 64 1 1.0318630933761597
32 64 1 1.2190084457397461
32 64 1 0.9250254631042480
32 64 1 1.4245086908340454
32 64 1 1.7327843904495239
32 64 1 1.1150549650192261
32 64 1 1.5228183269500732
32 64 1 0.6465882062911987
32 64 1 0.9588140845298767
32 64 1 1.2890777587890625
32 64 1 1.2044185400009155
32 64 1 1.5177189111709595
32 64 1 3.5669236183166504
32 64 1 2.6358213424682617
32 64 1 1.8438798189163208
32 64 1 2.8985695838928223
32 64 1 1.2315759658813477
32 64 1 1.2646759748458862
32 64 1 1.3163001537322998
32 64 1 1.5918728113174438
32 64 1 0.9825989603996277
32 64 1 1.3299747705459595
32 64 1 1.3794108629226685
32 64 1 1.5867022275924683
32 64 1 2.8550081253051758
32 64 1 1.4602988958358765
32 64 1 1.4843530654907227
32 64 1 1.2662532329559326
32 64 1 0.9354277849197388
32 64 1 3.4458761215209961
32 64 1 1.3898729085922241
32 64 1 2.0506539344787598
32 64 1 1.7699942588806152
32 64 1 1.3872947692871094
32 64 1 1.1922787427902222
32 64 1 1.2277834415435791
32 64 1 2.1059012413024902
32 64 1 2.0899097919464111
32 128 1 0.5048792362213135
32 128 1 1.4687740802764893
32 128 1 1.2300205230712891
32 128 1 1.1082090139389038
32 128 1 1.0744060277938843
32 128 1 0.6505445837974548
32 128 1 0.7097320556640625
32 128 1 0.5623536109924316
32 128 1 0.7803862690925598
32 128 1 1.8945022821426392
32 128 1 0.9064993262290955
32 128 1 1.2948096990585327
32 128 1 0.7818782925605774
32 128 1 1.3495484590530396
32 128 1 1.6783291101455688
32 128 1 0.7033140063285828
32 128 1 0.6592491269111633
32 128 1 1.1597517728805542
32 128 1 0.9477647542953491
32 128 1 0.6766660213470459
32 128 1 0.8897789716720581
32 128 1 0.7820431590080261
32 128 1 0.7445482611656189
32 128 1 0.9788194298744202
32 128 1 1.2872862815856934
32 128 1 0.9006352424621582
32 128 1 0.6618201732635498
32 128 1 0.9039524793624878
32 128 1 0.5403258800506592
32 128 1 0.7518942952156067
32 128 1 0.6369358301162720
32 128 1 0.6088718175888062
32 128 1 1.0455513000488281
32 128 1 0.7171789407730103
32 128 1 0.6947242021560669
32 128 1 0.8428294658660889
32 128 1 0.4121082723140717
32 128 1 0.9248050451278687
32 128 1 1.3854992389678955
32 128 1 1.2320928573608398
32 128 1 1.2552256584167480
32 128 1 0.4998840391635895
32 128 1 0.8795319199562073
32 128 1 0.9366056919097900
32 128 1 0.6132779717445374
32 128 1 0.6000752449035645
32 128 1 0.6854507327079773
32 128 1 0.9827491641044617
32 128 1 0.8856629729270935
32 128 1 1.3489474058151245
32 128 1 0.8700734972953796
32 128 1 1.3927932977676392
32 128 1 0.7911378741264343
32 128 1 1.3038551807403564
32 128 1 1.3524365425109863
32 128 1 0.5674226284027100
32 128 1 0.8999423384666443
32 128 1 1.0725909471511841
32 128 1 0.7848489284515381
32 128 1 0.6429884433746338
32 128 1 0.9113655090332031
32 128 1 0.7271853089332581
32 128 1 1.1609530448913574
32 128 1 0.8708274960517883
32 128 1 1.3900631666183472
32 128 1 1.2589938640594482
32 128 1 0.9727581739425659
32 128 1 0.7322713732719421
32 128 1 0.7321188449859619
32 128 1 0.9238048791885376
32 128 1 1.6727143526077271
32 128 1 1.0181316137313843
32 128 1 0.7332394123077393
32 128 1 0.7953813076019287
32 128 1 0.9682110548019409
32 128 1 1.0126888751983643
32 128 1 0.6331338286399841
32 128 1 0.9159958362579346
32 128 1 0.5892757177352905
32 128 1 0.8343396782875061
32 128 1 0.6948849558830261
32 128 1 1.5165029764175415
32 128 1 1.1955142021179199
32 128 1 0.7410638332366943
32 128 1 2.0707082748413086
32 128 1 1.0806047916412354
32 128 1 1.1119334697723389
32 128 1 0.6729553341865540
32 128 1 0.5934900641441345
32 128 1 0.9639143347740173
32 128 1 0.7522020936012268
32 128 1 1.7426960468292236
32 128 1 1.0329101085662842
32 128 1 0.7138268351554871
32 128 1 1.4588540792465210
32 128 1 0.9072434902191162
32 128 1 0.5752062797546387
32 128 1 0.7909932136535645
32 128 1 0.9176322817802429
32 128 1 1.9158226251602173
32 256 1 0.8179488182067871
32 256 1 0.8045474290847778
32 256 1 0.6406231522560120
32 256 1 0.6324289441108704
32 256 1 0.5775127410888672
32 256 1 0.8161809444427490
32 256 1 0.4444288313388824
32 256 1 0.5699699521064758
32 256 1 0.6695197224617004
32 256 1 0.6526495218276978
32 256 1 0.6437885165214539
32 256 1 0.5604931116104126
32 256 1 0.6802059412002563
32 256 1 0.7866099476814270
32 256 1 0.5358575582504272
32 256 1 0.8672142624855042
32 256 1 0.7108818888664246
32 256 1 1.2483274936676025
32 256 1 0.6113557219505310
32 256 1 0.5990567803382874
32 256 1 0.4435840845108032
32 256 1 0.5302891731262207
32 256 1 0.6900814175605774
32 256 1 0.7237924337387085
32 256 1 0.4642887115478516
32 256 1 0.4365335702896118
32 256 1 0.5460347533226013
32 256 1 0.9494093060493469
32 256 1 0.6360133886337280
32 256 1 0.4770725965499878
32 256 1 0.6562499403953552
32 256 1 0.5538069009780884
32 256 1 0.6155341863632202
32 256 1 0.6784569025039673
32 256 1 0.9875777959823608
32 256 1 0.8994319438934326
32 256 1 0.6556069254875183
32 256 1 0.7437689304351807
32 256 1 0.5147798061370850
32 256 1 0.6275955438613892
32 256 1 0.7984572649002075
32 256 1 0.5747712254524231
32 256 1 0.5989274978637695
32 256 1 0.6120755076408386
32 256 1 0.6549518704414368
32 256 1 0.7911842465400696
32 256 1 0.5493793487548828
32 256 1 0.6441615819931030
32 256 1 0.6213139891624451
32 256 1 0.5140851736068726
32 256 1 0.6842781901359558
32 256 1 0.5698680281639099
32 256 1 0.8451177477836609
32 256 1 0.9914796948432922
32 256 1 0.4651351869106293
32 256 1 0.7653239965438843
32 256 1 0.7840470671653748
32 256 1 0.5820489525794983
32 256 1 0.4745527207851410
32 256 1 0.4994740188121796
32 256 1 0.5320358872413635
32 256 1 0.5949157476425171
32 256 1 0.6803858280181885
32 256 1 0.6599298715591431
32 256 1 0.4764375388622284
32 256 1 0.4496001005172729
32 256 1 0.5606843829154968
32 256 1 0.7767486572265625
32 256 1 0.6186972260475159
32 256 1 0.6148171424865723
32 256 1 1.0693906545639038
32 256 1 0.5480906963348389
32 256 1 0.8632291555404663
32 256 1 0.7907892465591431
32 256 1 0.5397733449935913
32 256 1 0.7250808477401733
32 256 1 0.8559058308601379
32 256 1 0.7883470058441162
32 256 1 0.5511090159416199
32 256 1 0.4253496229648590
32 256 1 0.5387136340141296
32 256 1 0.7344090938568115
32 256 1 0.9545694589614868
32 256 1 0.5808270573616028
32 256 1 0.7357975244522095
32 256 1 0.4606761038303375
32 256 1 0.6415930986404419
32 256 1 0.7216387987136841
32 256 1 0.8964914679527283
32 256 1 0.6478574275970459
32 256 1 1.0412869453430176
32 256 1 0.7645124793052673
32 256 1 0.6525863409042358
32 256 1 0.7050406932830811
32 256 1 0.5429199337959290
32 256 1 0.6520233750343323
32 256 1 0.4525687396526337
32 256 1 0.7410185337066650
32 256 1 0.9549464583396912
32 256 1 0.4898474514484406
32 512 1 0.6366091370582581
32 512 1 0.5777058005332947
32 512 1 0.4294472634792328
32 512 1 0.6014140844345093
32 512 1 0.4980396032333374
32 512 1 0.5168405771255493
32 512 1 0.4771619439125061
32 512 1 0.6600995659828186
32 512 1 0.5174882411956787
32 512 1 0.5213878750801086
32 512 1 0.4910064339637756
32 512 1 0.6219012737274170
32 512 1 0.6604116559028625
32 512 1 0.4195293188095093
32 512 1 0.5630848407745361
32 512 1 0.7533541321754456
32 512 1 0.6933170557022095
32 512 1 0.5382570028305054
32 512 1 0.4613388478755951
32 512 1 0.6252298951148987
32 512 1 0.5833784341812134
32 512 1 0.5574473142623901
32 512 1 0.6075757741928101
32 512 1 0.5472175478935242
32 512 1 0.5617849230766296
32 512 1 0.5977377891540527
32 512 1 0.4537795186042786
32 512 1 0.6399953365325928
32 512 1 0.5367641448974609
32 512 1 0.5940371155738831
32 512 1 0.5178239345550537
32 512 1 0.5568457245826721
32 512 1 0.7524760961532593
32 512 1 0.5149312019348145
32 512 1 0.6032979488372803
32 512 1 0.5279793739318848
32 512 1 0.7183243036270142
32 512 1 0.5038666725158691
32 512 1 0.6417975425720215
32 512 1 0.5837721824645996
32 512 1 0.5065019130706787
32 512 1 0.5122869610786438
32 512 1 0.5206477642059326
32 512 1 0.5681257843971252
32 512 1 0.6072900891304016
32 512 1 0.5918687582015991
32 512 1 0.6659901142120361
32 512 1 0.4559460878372192
32 512 1 0.5131942033767700
32 512 1 0.6774170398712158
32 512 1 0.5256717801094055
32 512 1 0.6085663437843323
32 512 1 0.5484393835067749
32 512 1 0.5464492440223694
32 512 1 0.5638480186462402
32 512 1 0.5660032629966736
32 512 1 0.3509210348129272
32 512 1 0.8095014095306396
32 512 1 0.4954478442668915
32 512 1 0.6211890578269958
32 512 1 0.5017241835594177
32 512 1 0.7851876020431519
32 512 1 0.6059179902076721
32 512 1 0.6220917701721191
32 512 1 0.4243821799755096
32 512 1 0.6536320447921753
32 512 1 0.4593991339206696
32 512 1 0.3984473347663879
32 512 1 0.5222292542457581
32 512 1 0.5028606653213501
32 512 1 0.6026768684387207
32 512 1 0.5410208702087402
32 512 1 0.6821278929710388
32 512 1 0.4500379860401154
32 512 1 0.7309746742248535
32 512 1 0.5121034979820251
32 512 1 0.8680210113525391
32 512 1 0.4274444580078125
32 512 1 0.5524753332138062
32 512 1 0.4540948867797852
32 512 1 0.5850307941436768
32 512 1 0.4847636818885803
32 512 1 0.4148767888545990
32 512 1 0.6249823570251465
32 512 1 0.4683504402637482
32 512 1 0.5507366061210632
32 512 1 0.4117950201034546
32 512 1 0.5320433378219604
32 512 1 0.6260360479354858
32 512 1 0.4414969980716705
32 512 1 0.6060219407081604
32 512 1 0.6410827636718750
32 512 1 0.5688514113426208
32 512 1 0.6174076199531555
32 512 1 0.4785832166671753
32 512 1 0.6181384921073914
32 512 1 0.4325970113277435
32 512 1 0.4368335604667664
32 512 1 0.5346614122390747
32 512 1 0.5463812351226807
64 4 1 217.3018188476562500
64 4 1 701.0338134765625000
64 4 1 263.5058593750000000
64 4 1 75.3448333740234375
64 4 1 63.9864501953125000
64 4 1 231.3082275390625000
64 4 1 116.1409835815429688
64 4 1 221.6345672607421875
64 4 1 106.7766036987304688
64 4 1 419.8594665527343750
64 4 1 44.3649749755859375
64 4 1 301.2074279785156250
64 4 1 95.9213180541992188
64 4 1 327.8819885253906250
64 4 1 124.1502609252929688
64 4 1 371.9288940429687500
64 4 1 118.1110229492187500
64 4 1 119.0421447753906250
64 4 1 243.0101165771484375
64 4 1 133.9217834472656250
64 4 1 93.6321182250976562
64 4 1 92.0848312377929688
64 4 1 18.3095226287841797
64 4 1 263.7073974609375000
64 4 1 86.5584564208984375
64 4 1 197.4953002929687500
64 4 1 36.3027763366699219
64 4 1 362.2139282226562500
64 4 1 317.8684082031250000
64 4 1 159.0369110107421875
64 4 1 29.4209136962890625
64 4 1 73.8298721313476562
64 4 1 223.5105438232421875
64 4 1 76.8632049560546875
64 4 1 212.9436645507812500
64 4 1 106.6516494750976562
64 4 1 359.5077819824218750
64 4 1 130.9462280273437500
64 4 1 204.2303161621093750
64 4 1 336.1763000488281250
64 4 1 54.1298446655273438
64 4 1 151.9631500244140625
64 4 1 84.5810470581054688
64 4 1 95.3345413208007812
64 4 1 4.2524733543395996
64 4 1 16.5034027099609375
64 4 1 48.8169822692871094
64 4 1 170.3714447021484375
64 4 1 87.7380599975585938
64 4 1 428.6720581054687500
64 4 1 83.6307067871093750
64 4 1 42.6346321105957031
64 4 1 56.7622795104980469
64 4 1 22.6028614044189453
64 4 1 176.2470092773437500
64 4 1 309.5043640136718750
64 4 1 294.4574279785156250
64 4 1 95.5023956298828125
64 4 1 164.5519714355468750
64 4 1 322.9083251953125000
64 4 1 54.0023689270019531
64 4 1 1.4612225294113159
64 4 1 153.5344848632812500
64 4 1 125.2468185424804688
64 4 1 89.8379821777343750
64 4 1 90.5055389404296875
64 4 1 55.0252914428710938
64 4 1 36.0129470825195312
64 4 1 220.9500427246093750
64 4 1 157.9775695800781250
64 4 1 97.8226165771484375
64 4 1 371.8783874511718750
64 4 1 720.4920043945312500
64 4 1 387.5018005371093750
64 4 1 53.8601722717285156
64 4 1 11.5390415191650391
64 4 1 86.5960159301757812
64 4 1 79.1272430419921875
64 4 1 39.4875869750976562
64 4 1 538.8588867187500000
64 4 1 15.8330612182617188
64 4 1 301.6147766113281250
64 4 1 182.3081970214843750
64 4 1 162.7283477783203125
64 4 1 185.3934783935546875
64 4 1 115.0506744384765625
64 4 1 892.0623168945312500
64 4 1 665.7628173828125000
64 4 1 655.7312011718750000
64 4 1 94.3304214477539062
64 4 1 523.2574462890625000
64 4 1 63.5526962280273438
64 4 1 129.4087066650390625
64 4 1 1531.7741699218750000
64 4 1 26.9282722473144531
64 4 1 622.8032836914062500
64 4 1 202.8096160888671875
64 4 1 177.5092010498046875
64 4 1 56.6801185607910156
64 4 1 542.6989746093750000
64 8 1 53.9916648864746094
64 8 1 333.0375061035156250
64 8 1 366.6990661621093750
64 8 1 51.7941894531250000
64 8 1 376.5191040039062500
64 8 1 76.0701980590820312
64 8 1 91.5063400268554688
64 8 1 249.5036621093750000
64 8 1 3.9776096343994141
64 8 1 81.3247070312500000
64 8 1 133.8201599121093750
64 8 1 290.0988769531250000
64 8 1 126.3617248535156250
64 8 1 4.2849121093750000
64 8 1 132.1951599121093750
64 8 1 186.5770568847656250
64 8 1 116.7350082397460938
64 8 1 188.6832885742187500
64 8 1 334.6749877929687500
64 8 1 146.5542297363281250
64 8 1 116.0172958374023438
64 8 1 190.5058593750000000
64 8 1 4.8220448493957520
64 8 1 71.8474731445312500
64 8 1 357.8190917968750000
64 8 1 175.7668151855468750
64 8 1 481.1906738281250000
64 8 1 80.6503829956054688
64 8 1 174.0133361816406250
64 8 1 258.0693054199218750
64 8 1 40.6884155273437500
64 8 1 25.0670166015625000
64 8 1 398.6922912597656250
64 8 1 218.4831390380859375
64 8 1 53.1667976379394531
64 8 1 510.2923583984375000
64 8 1 83.5303115844726562
64 8 1 97.1251525878906250
64 8 1 124.1074676513671875
64 8 1 66.4400558471679688
64 8 1 10.9919700622558594
64 8 1 83.1225585937500000
64 8 1 76.3872375488281250
64 8 1 509.6317138671875000
64 8 1 83.7408752441406250
64 8 1 24.4722518920898438
64 8 1 387.7350769042968750
64 8 1 133.9987945556640625
64 8 1 9.3686523437500000
64 8 1 13.7121934890747070
64 8 1 83.6801528930664062
64 8 1 56.5659828186035156
64 8 1 158.9531402587890625
64 8 1 142.5277099609375000
64 8 1 279.8450622558593750
64 8 1 56.3850097656250000
64 8 1 389.5421752929687500
64 8 1 92.0049972534179688
64 8 1 390.5874938964843750
64 8 1 77.8358459472656250
64 8 1 157.9144897460937500
64 8 1 770.1950683593750000
64 8 1 53.7626647949218750
64 8 1 391.7785949707031250
64 8 1 568.3522949218750000
64 8 1 168.1020507812500000
64 8 1 285.0828857421875000
64 8 1 106.6472930908203125
64 8 1 103.3954772949218750
64 8 1 398.9869995117187500
64 8 1 199.6586303710937500
64 8 1 703.8495483398437500
64 8 1 12.3223886489868164
64 8 1 115.3781051635742188
64 8 1 317.3232116699218750
64 8 1 383.9210205078125000
64 8 1 154.3238220214843750
64 8 1 300.8380737304687500
64 8 1 25.1597824096679688
64 8 1 3.8902587890625000
64 8 1 2.1739885807037354
64 8 1 5.5460815429687500
64 8 1 48.1832656860351562
64 8 1 51.3931922912597656
64 8 1 61.1255187988281250
64 8 1 1.7623291015625000
64 8 1 99.5698242187500000
64 8 1 41.8484344482421875
64 8 1 50.1552848815917969
64 8 1 59.9327545166015625
64 8 1 203.9496459960937500
64 8 1 105.6729125976562500
64 8 1 127.3776168823242188
64 8 1 172.5159759521484375
64 8 1 43.3506889343261719
64 8 1 81.9640045166015625
64 8 1 130.4698486328125000
64 8 1 311.9118652343750000
64 8 1 84.8124084472656250
64 8 1 89.7936325073242188
64 16 1 3.0700390338897705
64 16 1 72.8516082763671875
64 16 1 44.9761810302734375
64 16 1 2.5186805725097656
64 16 1 150.9983825683593750
64 16 1 134.6008453369140625
64 16 1 3.7501516342163086
64 16 1 28.4110488891601562
64 16 1 25.6002750396728516
64 16 1 2.5280344486236572
64 16 1 6.2702655792236328
64 16 1 4.6839056015014648
64 16 1 75.5700225830078125
64 16 1 7.1638793945312500
64 16 1 3.2386908531188965
64 16 1 1.8033852577209473
64 16 1 2.2917025089263916
64 16 1 88.1187591552734375
64 16 1 193.2702941894531250
64 16 1 2.0651195049285889
64 16 1 5.3283386230468750
64 16 1 3.7429256439208984
64 16 1 29.8947086334228516
64 16 1 10.2454881668090820
64 16 1 52.9091987609863281
64 16 1 25.4563045501708984
64 16 1 50.4105110168457031
64 16 1 70.9115982055664062
64 16 1 48.4912757873535156
64 16 1 156.6814117431640625
64 16 1 3.6954810619354248
64 16 1 31.9873104095458984
64 16 1 160.4220581054687500
64 16 1 65.1680297851562500
64 16 1 8.1800956726074219
64 16 1 35.5330467224121094
64 16 1 32.0765953063964844
64 16 1 66.6968383789062500
64 16 1 6.5398616790771484
64 16 1 5.9450011253356934
64 16 1 3.4246490001678467
64 16 1 93.8876495361328125
64 16 1 48.8290100097656250
64 16 1 1.9324591159820557
64 16 1 111.9214553833007812
64 16 1 113.3629913330078125
64 16 1 2.8168544769287109
64 16 1 5.5521583557128906
64 16 1 4.9302425384521484
64 16 1 40.8403587341308594
64 16 1 44.0089683532714844
64 16 1 23.1424045562744141
64 16 1 1.5806694030761719
64 16 1 56.6419105529785156
64 16 1 19.0537796020507812
64 16 1 4.6420817375183105
64 16 1 4.0576710700988770
64 16 1 14.7040805816650391
64 16 1 2.2591972351074219
64 16 1 281.9939270019531250
64 16 1 3.4180297851562500
64 16 1 15.1698160171508789
64 16 1 51.7303504943847656
64 16 1 200.1722717285156250
64 16 1 19.3916244506835938
64 16 1 4.0841059684753418
64 16 1 79.6450271606445312
64 16 1 7.1265354156494141
64 16 1 2.8047940731048584
64 16 1 26.3218746185302734
64 16 1 151.7346649169921875
64 16 1 10.9300851821899414
64 16 1 68.4447784423828125
64 16 1 4.2623319625854492
64 16 1 20.9790019989013672
64 16 1 14.0924425125122070
64 16 1 43.6730117797851562
64 16 1 31.1705493927001953
64 16 1 3.4025685787200928
64 16 1 1.3568220138549805
64 16 1 2.7132222652435303
64 16 1 78.9947891235351562
64 16 1 13.4851894378662109
64 16 1 25.7790775299072266
64 16 1 4.3683838844299316
64 16 1 23.5682621002197266
64 16 1 115.6163635253906250
64 16 1 7.8829984664916992
64 16 1 99.8917160034179688
64 16 1 19.2804965972900391
64 16 1 2.1421384811401367
64 16 1 19.7066497802734375
64 16 1 77.8080444335937500
64 16 1 1.1625827550888062
64 16 1 261.8244323730468750
64 16 1 64.6452407836914062
64 16 1 68.0930557250976562
64 16 1 6.9003167152404785
64 16 1 31.0722465515136719
64 16 1 2.2506265640258789
64 32 1 2.0098600387573242
64 32 1 3.7143948078155518
64 32 1 2.0944962501525879
64 32 1 1.3502582311630249
64 32 1 3.6359708309173584
64 32 1 1.1013200283050537
64 32 1 5.5218181610107422
64 32 1 2.2803778648376465
64 32 1 4.0934963226318359
64 32 1 3.0859580039978027
64 32 1 1.4056552648544312
64 32 1 2.8870632648468018
64 32 1 2.4639756679534912
64 32 1 4.7611927986145020
64 32 1 2.1827080249786377
64 32 1 2.1804060935974121
64 32 1 1.7743525505065918
64 32 1 5.5153789520263672
64 32 1 1.7974966764450073
64 32 1 3.4508523941040039
64 32 1 6.3398838043212891
64 32 1 2.6456558704376221
64 32 1 3.6369140148162842
64 32 1 1.5087251663208008
64 32 1 1.8551193475723267
64 32 1 1.9433633089065552
64 32 1 3.2709903717041016
64 32 1 1.0882774591445923
64 32 1 1.9410537481307983
64 32 1 3.8305976390838623
64 32 1 5.7753143310546875
64 32 1 1.6110006570816040
64 32 1 19.1356811523437500
64 32 1 1.1107295751571655
64 32 1 1.9036830663681030
64 32 1 6.1595234870910645
64 32 1 2.8342452049255371
64 32 1 10.6833448410034180
64 32 1 1.4200285673141479
64 32 1 7.1306109428405762
64 32 1 2.2443501949310303
64 32 1 3.3348631858825684
64 32 1 3.7916150093078613
64 32 1 2.3074791431427002
64 32 1 1.7830222845077515
64 32 1 2.7305274009704590
64 32 1 1.8303271532058716
64 32 1 4.4110584259033203
64 32 1 1.6392403841018677
64 32 1 1.8284478187561035
64 32 1 2.8785409927368164
64 32 1 1.3014955520629883
64 32 1 5.4172325134277344
64 32 1 9.1806430816650391
64 32 1 2.8612723350524902
64 32 1 2.4049935340881348
64 32 1 0.7811105847358704
64 32 1 2.0429465770721436
64 32 1 6.4170556068420410
64 32 1 1.4947339296340942
64 32 1 1.2510023117065430
64 32 1 0.8712874650955200
64 32 1 2.8213000297546387
64 32 1 1.3285790681838989
64 32 1 3.8151299953460693
64 32 1 2.3385589122772217
64 32 1 1.6112579107284546
64 32 1 7.3934864997863770
64 32 1 2.0058665275573730
64 32 1 5.4855265617370605
64 32 1 11.2092161178588867
64 32 1 2.0579035282135010
64 32 1 0.5962320566177368
64 32 1 1.1686340570449829
64 32 1 1.6579476594924927
64 32 1 2.4569017887115479
64 32 1 2.8574197292327881
64 32 1 3.9923458099365234
64 32 1 2.3695812225341797
64 32 1 1.4250198602676392
64 32 1 3.7799069881439209
64 32 1 2.2740721702575684
64 32 1 3.0166471004486084
64 32 1 6.3048248291015625
64 32 1 2.1515228748321533
64 32 1 1.7226395606994629
64 32 1 1.6531001329421997
64 32 1 1.1148573160171509
64 32 1 3.8133378028869629
64 32 1 2.7570745944976807
64 32 1 1.3524268865585327
64 32 1 1.1274238824844360
64 32 1 2.0392785072326660
64 32 1 3.2742226123809814
64 32 1 2.4426283836364746
64 32 1 4.4162468910217285
64 32 1 17.4500579833984375
64 32 1 2.0929551124572754
64 32 1 2.0642900466918945
64 32 1 2.1886239051818848
64 64 1 1.2910472154617310
64 64 1 1.4356318712234497
64 64 1 0.9008789062500000
64 64 1 0.9589927792549133
64 64 1 1.0243480205535889
64 64 1 1.0994433164596558
64 64 1 1.2513085603713989
64 64 1 2.1221714019775391
64 64 1 1.6028680801391602
64 64 1 2.0706450939178467
64 64 1 0.6841922998428345
64 64 1 0.6665935516357422
64 64 1 1.3761907815933228
64 64 1 2.0590293407440186
64 64 1 0.7868658304214478
64 64 1 1.7978688478469849
64 64 1 0.7219747900962830
64 64 1 0.9567933082580566
64 64 1 1.3606162071228027
64 64 1 0.7391589283943176
64 64 1 0.6989048123359680
64 64 1 1.5574313402175903
64 64 1 1.8593151569366455
64 64 1 2.0045268535614014
64 64 1 1.6975739002227783
64 64 1 0.9983885884284973
64 64 1 1.7680300474166870
64 64 1 1.5012379884719849
64 64 1 1.3578610420227051
64 64 1 1.1568646430969238
64 64 1 1.2254855632781982
64 64 1 1.5776199102401733
64 64 1 1.6252479553222656
64 64 1 1.3728969097137451
64 64 1 1.4996080398559570
64 64 1 1.3954600095748901
64 64 1 1.6810858249664307
64 64 1 1.0027216672897339
64 64 1 1.0599035024642944
64 64 1 1.0256452560424805
64 64 1 1.1594542264938354
64 64 1 1.5808929204940796
64 64 1 0.7256630063056946
64 64 1 1.3592451810836792
64 64 1 1.7098768949508667
64 64 1 0.7338550090789795
64 64 1 1.7690875530242920
64 64 1 1.3555996417999268
64 64 1 0.5985673666000366
64 64 1 2.1772043704986572
64 64 1 1.1435147523880005
64 64 1 0.9451432228088379
64 64 1 1.6542652845382690
64 64 1 0.7648993730545044
64 64 1 1.4628434181213379
64 64 1 1.9121054410934448
64 64 1 1.0888191461563110
64 64 1 0.9775374531745911
64 64 1 0.6346891522407532
64 64 1 1.5649588108062744
64 64 1 0.5735634565353394
64 64 1 2.2051479816436768
64 64 1 0.9217085838317871
64 64 1 2.5262923240661621
64 64 1 1.0206962823867798
64 64 1 1.4801325798034668
64 64 1 1.8697999715805054
64 64 1 1.9817599058151245
64 64 1 1.8344944715499878
64 64 1 0.5627669692039490
64 64 1 0.9591143727302551
64 64 1 1.2617934942245483
64 64 1 0.6282902359962463
64 64 1 0.8921630382537842
64 64 1 0.7388864755630493
64 64 1 2.2255332469940186
64 64 1 0.7107031941413879
64 64 1 1.2646150588989258
64 64 1 0.7112786769866943
64 64 1 1.8863074779510498
64 64 1 1.6981468200683594
64 64 1 1.3682446479797363
64 64 1 1.4154199361801147
64 64 1 0.7427829504013062
64 64 1 1.5229043960571289
64 64 1 1.0155360698699951
64 64 1 0.8815500736236572
64 64 1 1.0571260452270508
64 64 1 1.9643149375915527
64 64 1 1.8203490972518921
64 64 1 1.1355849504470825
64 64 1 1.2225142717361450
64 64 1 0.9119801521301270
64 64 1 1.1663084030151367
64 64 1 1.8879660367965698
64 64 1 0.7710262537002563
64 64 1 1.1357647180557251
64 64 1 1.0699480772018433
64 64 1 0.9415169358253479
64 64 1 1.2483463287353516
64 128 1 1.0055596828460693
64 128 1 0.5766291618347168
64 128 1 1.0274684429168701
64 128 1 0.6155433654785156
64 128 1 0.6544600725173950
64 128 1 1.0694553852081299
64 128 1 0.5870878696441650
64 128 1 0.6759870648384094
64 128 1 0.5859363675117493
64 128 1 0.5960816144943237
64 128 1 0.8068127632141113
64 128 1 0.5650634169578552
64 128 1 0.6194024085998535
64 128 1 1.1103332042694092
64 128 1 0.7788007855415344
64 128 1 0.7202826142311096
64 128 1 0.6987693309783936
64 128 1 0.8339098095893860
64 128 1 1.0850304365158081
64 128 1 1.2089711427688599
64 128 1 1.0168070793151855
64 128 1 0.6235165596008301
64 128 1 0.8223285675048828
64 128 1 0.7838236093521118
64 128 1 1.6133933067321777
64 128 1 0.6767841577529907
64 128 1 0.7320262789726257
64 128 1 0.8921307921409607
64 128 1 0.7559232115745544
64 128 1 0.5175552964210510
64 128 1 1.0824480056762695
64 128 1 0.6378664970397949
64 128 1 0.5225625634193420
64 128 1 1.0954363346099854
64 128 1 0.6641847491264343
64 128 1 1.0959240198135376
64 128 1 0.6338329911231995
64 128 1 0.6283171176910400
64 128 1 0.9850264787673950
64 128 1 0.5070287585258484
64 128 1 1.1640191078186035
64 128 1 1.0813877582550049
64 128 1 0.9247336387634277
64 128 1 0.8373791575431824
64 128 1 1.1465619802474976
64 128 1 1.0496944189071655
64 128 1 0.6898565888404846
64 128 1 0.5805169939994812
64 128 1 0.5509577393531799
64 128 1 1.0181430578231812
64 128 1 0.9269328117370605
64 128 1 0.7586242556571960
64 128 1 0.5275921225547791
64 128 1 1.6978347301483154
64 128 1 0.7603923678398132
64 128 1 0.5654619932174683
64 128 1 0.8034144043922424
64 128 1 0.5953794717788696
64 128 1 0.8504889607429504
64 128 1 0.9060289859771729
64 128 1 0.6077996492385864
64 128 1 0.7376861572265625
64 128 1 0.7482990026473999
64 128 1 0.7035018801689148
64 128 1 0.6459141373634338
64 128 1 0.4903306663036346
64 128 1 0.9451887607574463
64 128 1 0.7917422652244568
64 128 1 0.6996046304702759
64 128 1 0.6165416836738586
64 128 1 0.6823049783706665
64 128 1 0.6815726757049561
64 128 1 0.4805163145065308
64 128 1 0.5513041019439697
64 128 1 0.5833317041397095
64 128 1 0.7553114295005798
64 128 1 0.8601393103599548
64 128 1 0.6482868790626526
64 128 1 0.6572272777557373
64 128 1 0.5328627228736877
64 128 1 0.9090850353240967
64 128 1 0.9744658470153809
64 128 1 0.6734473705291748
64 128 1 0.8261526226997375
64 128 1 1.1860582828521729
64 128 1 0.4648867845535278
64 128 1 0.8614560961723328
64 128 1 0.7564513683319092
64 128 1 0.5377261638641357
64 128 1 0.5468211174011230
64 128 1 0.8374393582344055
64 128 1 0.4690431952476501
64 128 1 0.5764512419700623
64 128 1 0.5300242900848389
64 128 1 0.8652750253677368
64 128 1 0.6669592261314392
64 128 1 0.8349854946136475
64 128 1 0.7205581068992615
64 128 1 1.2323062419891357
64 128 1 0.7533978819847107
64 256 1 0.6188999414443970
64 256 1 0.4699524343013763
64 256 1 0.6305871009826660
64 256 1 0.7345995306968689
64 256 1 0.5236528515815735
64 256 1 0.7865196466445923
64 256 1 0.5165886878967285
64 256 1 0.5907366275787354
64 256 1 0.3659975528717041
64 256 1 0.8743196129798889
64 256 1 0.6303868293762207
64 256 1 0.4773374795913696
64 256 1 0.3961943686008453
64 256 1 0.4797438681125641
64 256 1 0.7337357997894287
64 256 1 0.5769730210304260
64 256 1 0.6310623884201050
64 256 1 0.5041761398315430
64 256 1 0.7924783229827881
64 256 1 0.6464830636978149
64 256 1 0.4328760206699371
64 256 1 0.5111740827560425
64 256 1 0.6845511794090271
64 256 1 0.5153129100799561
64 256 1 0.7855355143547058
64 256 1 0.6014666557312012
64 256 1 0.6201110482215881
64 256 1 0.9411850571632385
64 256 1 0.5218313336372375
64 256 1 0.6484099030494690
64 256 1 0.4289982318878174
64 256 1 0.7055445313453674
64 256 1 0.5098164081573486
64 256 1 0.5359076857566833
64 256 1 0.3953550457954407
64 256 1 0.4728918373584747
64 256 1 0.6710762977600098
64 256 1 0.5394709706306458
64 256 1 0.7263439893722534
64 256 1 0.5518599748611450
64 256 1 0.5443993806838989
64 256 1 0.5470473766326904
64 256 1 0.6638707518577576
64 256 1 0.6234710812568665
64 256 1 0.6818896532058716
64 256 1 0.5329318046569824
64 256 1 0.5398294329643250
64 256 1 0.7571554780006409
64 256 1 0.5375330448150635
64 256 1 0.5427433848381042
64 256 1 0.6729251742362976
64 256 1 0.5281168222427368
64 256 1 0.5516493916511536
64 256 1 0.6634438037872314
64 256 1 0.4910955429077148
64 256 1 0.6029562354087830
64 256 1 0.4907646477222443
64 256 1 0.4562275707721710
64 256 1 0.5258160233497620
64 256 1 0.4897127151489258
64 256 1 0.8014624714851379
64 256 1 0.7837364673614502
64 256 1 0.6223517060279846
64 256 1 0.5004601478576660
64 256 1 0.6546129584312439
64 256 1 0.5847789645195007
64 256 1 0.6070538759231567
64 256 1 0.5864561796188354
64 256 1 0.7895094156265259
64 256 1 0.4774836003780365
64 256 1 0.5168747901916504
64 256 1 0.5959452390670776
64 256 1 0.6885773539543152
64 256 1 0.8061601519584656
64 256 1 0.7689726352691650
64 256 1 0.8409075140953064
64 256 1 0.5758056640625000
64 256 1 0.6488541960716248
64 256 1 0.4650644361972809
64 256 1 0.4631383419036865
64 256 1 0.6590449810028076
64 256 1 0.5869048237800598
64 256 1 0.8044232726097107
64 256 1 0.5712004899978638
64 256 1 0.3767891228199005
64 256 1 0.6879721879959106
64 256 1 0.5566947460174561
64 256 1 0.7083529829978943
64 256 1 0.4261144995689392
64 256 1 0.7008808851242065
64 256 1 0.5507531762123108
64 256 1 0.4930364191532135
64 256 1 0.4841135740280151
64 256 1 0.5311710834503174
64 256 1 0.5410027503967285
64 256 1 0.6236397027969360
64 256 1 0.3994666635990143
64 256 1 0.5418096780776978
64 256 1 0.8774296045303345
64 256 1 0.4889577925205231
64 512 1 0.6120825409889221
64 512 1 0.4436376094818115
64 512 1 0.5008504986763000
64 512 1 0.3756918311119080
64 512 1 0.4691507220268250
64 512 1 0.5451581478118896
64 512 1 0.4124224185943604
64 512 1 0.4047670662403107
64 512 1 0.6297780871391296
64 512 1 0.5549265146255493
64 512 1 0.5060802698135376
64 512 1 0.5994620323181152
64 512 1 0.5762596726417542
64 512 1 0.5677863955497742
64 512 1 0.4508651494979858
64 512 1 0.4693511128425598
64 512 1 0.4647737443447113
64 512 1 0.5667489767074585
64 512 1 0.4614484310150146
64 512 1 0.4379091560840607
64 512 1 0.5901234149932861
64 512 1 0.6373665928840637
64 512 1 0.5097427368164062
64 512 1 0.4580581188201904
64 512 1 0.5687409043312073
64 512 1 0.4564510285854340
64 512 1 0.5863916277885437
64 512 1 0.4968925714492798
64 512 1 0.4584014117717743
64 512 1 0.3861222565174103
64 512 1 0.4458899199962616
64 512 1 0.5789373517036438
64 512 1 0.5160174369812012
64 512 1 0.4596596062183380
64 512 1 0.4538317024707794
64 512 1 0.5411965847015381
64 512 1 0.5053321719169617
64 512 1 0.5347585678100586
64 512 1 0.4491923153400421
64 512 1 0.6419272422790527
64 512 1 0.4971674680709839
64 512 1 0.4518252909183502
64 512 1 0.3930040001869202
64 512 1 0.5510988831520081
64 512 1 0.4569061696529388
64 512 1 0.5831573605537415
64 512 1 0.4029888808727264
64 512 1 0.5020324587821960
64 512 1 0.4096360802650452
64 512 1 0.4947284758090973
64 512 1 0.4456018507480621
64 512 1 0.4607713818550110
64 512 1 0.5162925124168396
64 512 1 0.5219646692276001
64 512 1 0.5172893404960632
64 512 1 0.5248602032661438
64 512 1 0.4106115400791168
64 512 1 0.5975062251091003
64 512 1 0.7226946353912354
64 512 1 0.5219160318374634
64 512 1 0.5708802938461304
64 512 1 0.5020286440849304
64 512 1 0.4816872477531433
64 512 1 0.4963278472423553
64 512 1 0.4198780357837677
64 512 1 0.4371308982372284
64 512 1 0.4647077620029449
64 512 1 0.5213617086410522
64 512 1 0.6053680181503296
64 512 1 0.4117878377437592
64 512 1 0.4609294831752777
64 512 1 0.5164211988449097
64 512 1 0.3987308442592621
64 512 1 0.4264278709888458
64 512 1 0.4971437156200409
64 512 1 0.4020958840847015
64 512 1 0.5158546566963196
64 512 1 0.4360343217849731
64 512 1 0.6270022392272949
64 512 1 0.3504346013069153
64 512 1 0.5775507092475891
64 512 1 0.4573448896408081
64 512 1 0.5191330909729004
64 512 1 0.4723825156688690
64 512 1 0.4364706873893738
64 512 1 0.4926595985889435
64 512 1 0.4169677495956421
64 512 1 0.4336623847484589
64 512 1 0.4200759232044220
64 512 1 0.3854186236858368
64 512 1 0.4529239535331726
64 512 1 0.5668993592262268
64 512 1 0.4655457735061646
64 512 1 0.5916496515274048
64 512 1 0.4839557707309723
64 512 1 0.5653901100158691
64 512 1 0.5301682353019714
64 512 1 0.5040411949157715
64 512 1 0.5475270748138428
64 512 1 0.6323640346527100
128 4 1 215.1666259765625000
128 4 1 200.8643798828125000
128 4 1 129.9826507568359375
128 4 1 114.9723434448242188
128 4 1 244.0725708007812500
128 4 1 197.4821319580078125
128 4 1 191.2103576660156250
128 4 1 72.9239425659179688
128 4 1 128.0356292724609375
128 4 1 107.0460128784179688
128 4 1 280.9482116699218750
128 4 1 137.0947113037109375
128 4 1 468.7517700195312500
128 4 1 38.1320838928222656
128 4 1 20.0618820190429688
128 4 1 61.2142448425292969
128 4 1 205.5140380859375000
128 4 1 128.6604156494140625
128 4 1 177.3360137939453125
128 4 1 31.1385078430175781
128 4 1 76.0000457763671875
128 4 1 111.8716735839843750
128 4 1 67.1259002685546875
128 4 1 247.7437133789062500
128 4 1 145.8507385253906250
128 4 1 89.4143371582031250
128 4 1 134.8125000000000000
128 4 1 62.4218025207519531
128 4 1 427.2630920410156250
128 4 1 72.9698181152343750
128 4 1 48.9846000671386719
128 4 1 343.7535400390625000
128 4 1 579.2334594726562500
128 4 1 218.2630462646484375
128 4 1 65.9619674682617188
128 4 1 340.5149230957031250
128 4 1 372.5596923828125000
128 4 1 26.3163070678710938
128 4 1 421.0432434082031250
128 4 1 337.1577453613281250
128 4 1 321.1730957031250000
128 4 1 109.0761718750000000
128 4 1 426.5216674804687500
128 4 1 204.9876708984375000
128 4 1 165.5167846679687500
128 4 1 377.2308654785156250
128 4 1 85.0470962524414062
128 4 1 224.0758972167968750
128 4 1 309.3305969238281250
128 4 1 175.2180786132812500
128 4 1 455.6934509277343750
128 4 1 512.6337280273437500
128 4 1 85.7943420410156250
128 4 1 269.3882751464843750
128 4 1 73.5315551757812500
128 4 1 49.8749237060546875
128 4 1 84.3177719116210938
128 4 1 79.0500259399414062
128 4 1 126.3231506347656250
128 4 1 94.2023162841796875
128 4 1 34.0650596618652344
128 4 1 52.8157806396484375
128 4 1 138.7736816406250000
128 4 1 449.3815307617187500
128 4 1 163.8962402343750000
128 4 1 76.6823654174804688
128 4 1 402.8232116699218750
128 4 1 81.2920913696289062
128 4 1 371.1393737792968750
128 4 1 147.6331939697265625
128 4 1 415.4221191406250000
128 4 1 92.4751586914062500
128 4 1 106.6110534667968750
128 4 1 99.5996475219726562
128 4 1 497.4733276367187500
128 4 1 174.3929443359375000
128 4 1 257.0540771484375000
128 4 1 554.2775878906250000
128 4 1 297.0809631347656250
128 4 1 487.2756958007812500
128 4 1 110.3053817749023438
128 4 1 1321.1782226562500000
128 4 1 143.5425567626953125
128 4 1 313.3032531738281250
128 4 1 73.5751190185546875
128 4 1 131.0793914794921875
128 4 1 209.2391052246093750
128 4 1 425.9822387695312500
128 4 1 902.8835449218750000
128 4 1 195.6416931152343750
128 4 1 26.0817031860351562
128 4 1 12.2820463180541992
128 4 1 405.2111816406250000
128 4 1 64.2298355102539062
128 4 1 109.9411544799804688
128 4 1 287.1715087890625000
128 4 1 76.2078933715820312
128 4 1 63.9562416076660156
128 4 1 88.7701339721679688
128 4 1 60.6895713806152344
128 8 1 169.0090026855468750
128 8 1 3.9595251083374023
128 8 1 14.2647304534912109
128 8 1 187.4756774902343750
128 8 1 116.0566024780273438
128 8 1 148.2216796875000000
128 8 1 530.5590209960937500
128 8 1 16.6705341339111328
128 8 1 122.3379516601562500
128 8 1 48.3390808105468750
128 8 1 40.3463859558105469
128 8 1 193.4833068847656250
128 8 1 311.7424316406250000
128 8 1 17.3957939147949219
128 8 1 202.2451171875000000
128 8 1 124.1010360717773438
128 8 1 104.6125030517578125
128 8 1 99.1452941894531250
128 8 1 35.3505859375000000
128 8 1 152.9615020751953125
128 8 1 20.4096069335937500
128 8 1 4.6578369140625000
128 8 1 63.1081581115722656
128 8 1 277.6023559570312500
128 8 1 76.2911376953125000
128 8 1 8.2326765060424805
128 8 1 29.6534156799316406
128 8 1 23.7392883300781250
128 8 1 3.4547159671783447
128 8 1 52.5299072265625000
128 8 1 178.9984741210937500
128 8 1 275.1690979003906250
128 8 1 207.3127746582031250
128 8 1 208.2729492187500000
128 8 1 36.8886070251464844
128 8 1 48.6815376281738281
128 8 1 280.8262939453125000
128 8 1 6.9883594512939453
128 8 1 200.0300140380859375
128 8 1 110.0070800781250000
128 8 1 479.4104003906250000
128 8 1 116.2120513916015625
128 8 1 47.1912231445312500
128 8 1 70.4225463867187500
128 8 1 73.4067230224609375
128 8 1 178.7302703857421875
128 8 1 200.6464233398437500
128 8 1 91.8226013183593750
128 8 1 183.5631408691406250
128 8 1 101.5000686645507812
128 8 1 14.6411190032958984
128 8 1 427.4496459960937500
128 8 1 187.9132385253906250
128 8 1 8.4934778213500977
128 8 1 123.8804168701171875
128 8 1 9.6805830001831055
128 8 1 70.4174346923828125
128 8 1 58.2570838928222656
128 8 1 109.8405990600585938
128 8 1 255.9979553222656250
128 8 1 508.8398742675781250
128 8 1 349.4111328125000000
128 8 1 75.9731750488281250
128 8 1 231.6514892578125000
128 8 1 8.9563875198364258
128 8 1 239.8429107666015625
128 8 1 23.5968437194824219
128 8 1 34.5152473449707031
128 8 1 78.6326217651367188
128 8 1 447.3283996582031250
128 8 1 148.2401123046875000
128 8 1 66.8993301391601562
128 8 1 79.5367736816406250
128 8 1 6.9303436279296875
128 8 1 202.6603851318359375
128 8 1 469.7121582031250000
128 8 1 44.6738929748535156
128 8 1 18.7785148620605469
128 8 1 73.3940048217773438
128 8 1 271.4979248046875000
128 8 1 188.9549407958984375
128 8 1 77.0298843383789062
128 8 1 120.5208663940429688
128 8 1 332.2672729492187500
128 8 1 175.3891754150390625
128 8 1 114.7586593627929688
128 8 1 134.3458404541015625
128 8 1 223.4826354980468750
128 8 1 815.6019287109375000
128 8 1 363.7714538574218750
128 8 1 61.3245391845703125
128 8 1 26.4513797760009766
128 8 1 20.8471412658691406
128 8 1 516.4940795898437500
128 8 1 88.2871475219726562
128 8 1 190.3418884277343750
128 8 1 20.6705474853515625
128 8 1 223.7090606689453125
128 8 1 7.4352245330810547
128 8 1 45.2232322692871094
128 16 1 15.0235843658447266
128 16 1 1.6579281091690063
128 16 1 79.6723709106445312
128 16 1 6.0939249992370605
128 16 1 16.2035388946533203
128 16 1 71.8688735961914062
128 16 1 22.6264629364013672
128 16 1 13.8231554031372070
128 16 1 42.7921180725097656
128 16 1 24.3069915771484375
128 16 1 15.7607564926147461
128 16 1 8.9409761428833008
128 16 1 2.4309432506561279
128 16 1 284.1762390136718750
128 16 1 94.8579864501953125
128 16 1 5.4468693733215332
128 16 1 2.2017655372619629
128 16 1 15.3823690414428711
128 16 1 6.6384425163269043
128 16 1 20.6034374237060547
128 16 1 37.8685646057128906
128 16 1 3.9029242992401123
128 16 1 29.2515239715576172
128 16 1 8.2281827926635742
128 16 1 10.5034742355346680
128 16 1 34.0945587158203125
128 16 1 5.8497014045715332
128 16 1 6.6754546165466309
128 16 1 35.5401077270507812
128 16 1 5.0019969940185547
128 16 1 14.0383443832397461
128 16 1 0.6689598560333252
128 16 1 1.7614501714706421
128 16 1 58.1448631286621094
128 16 1 24.1448383331298828
128 16 1 87.2678451538085938
128 16 1 21.5063934326171875
128 16 1 6.5775580406188965
128 16 1 63.8791961669921875
128 16 1 61.8752403259277344
128 16 1 275.2847595214843750
128 16 1 64.2911529541015625
128 16 1 1.9570324420928955
128 16 1 67.1256790161132812
128 16 1 28.6991920471191406
128 16 1 1.6464196443557739
128 16 1 1.8467243909835815
128 16 1 136.1456604003906250
128 16 1 1.8790175914764404
128 16 1 44.9403305053710938
128 16 1 7.7816176414489746
128 16 1 17.2992019653320312
128 16 1 25.9715080261230469
128 16 1 150.0704498291015625
128 16 1 1.9716255664825439
128 16 1 9.9345312118530273
128 16 1 86.6667251586914062
128 16 1 50.0285606384277344
128 16 1 84.4993438720703125
128 16 1 2.5946969985961914
128 16 1 1.3538002967834473
128 16 1 8.4424095153808594
128 16 1 2.5242071151733398
128 16 1 41.5955047607421875
128 16 1 4.2851171493530273
128 16 1 5.2199416160583496
128 16 1 7.4151310920715332
128 16 1 12.1561508178710938
128 16 1 117.5895385742187500
128 16 1 27.0505027770996094
128 16 1 0.9408932328224182
128 16 1 1.5088622570037842
128 16 1 3.8448858261108398
128 16 1 1.3186579942703247
128 16 1 92.5669631958007812
128 16 1 46.9699020385742188
128 16 1 48.5660896301269531
128 16 1 11.6179866790771484
128 16 1 1.5312736034393311
128 16 1 9.1351366043090820
128 16 1 9.3516864776611328
128 16 1 19.9597721099853516
128 16 1 33.1456832885742188
128 16 1 8.0913171768188477
128 16 1 287.6939697265625000
128 16 1 81.4389038085937500
128 16 1 204.5242004394531250
128 16 1 34.0196990966796875
128 16 1 0.7633293867111206
128 16 1 8.2801542282104492
128 16 1 3.0908815860748291
128 16 1 20.6108398437500000
128 16 1 12.9570093154907227
128 16 1 7.6023344993591309
128 16 1 1.3183507919311523
128 16 1 22.8914527893066406
128 16 1 2.2608156204223633
128 16 1 2.9059123992919922
128 16 1 4.4334440231323242
128 16 1 38.0216789245605469
128 32 1 1.7624131441116333
128 32 1 2.0568370819091797
128 32 1 2.3824841976165771
128 32 1 1.1369813680648804
128 32 1 2.3149859905242920
128 32 1 1.4685654640197754
128 32 1 1.1076967716217041
128 32 1 1.3662750720977783
128 32 1 0.7315365672111511
128 32 1 2.2032351493835449
128 32 1 2.5111992359161377
128 32 1 0.4895218014717102
128 32 1 0.8803729414939880
128 32 1 2.5553693771362305
128 32 1 1.7327220439910889
128 32 1 1.9327143430709839
128 32 1 1.7612295150756836
128 32 1 1.1050051450729370
128 32 1 0.9512061476707458
128 32 1 2.9830129146575928
128 32 1 3.2012372016906738
128 32 1 1.1810227632522583
128 32 1 1.6169232130050659
128 32 1 1.2769227027893066
128 32 1 0.8028788566589355
128 32 1 2.6486878395080566
128 32 1 1.0043320655822754
128 32 1 1.0468878746032715
128 32 1 3.2990927696228027
128 32 1 1.6486359834671021
128 32 1 0.5297397375106812
128 32 1 1.3880161046981812
128 32 1 0.4957022964954376
128 32 1 3.6453378200531006
128 32 1 4.4237093925476074
128 32 1 2.9465525150299072
128 32 1 0.7397102117538452
128 32 1 2.8402624130249023
128 32 1 0.6464328169822693
128 32 1 1.8251786231994629
128 32 1 1.2288891077041626
128 32 1 2.6526720523834229
128 32 1 0.9537500143051147
128 32 1 7.1011638641357422
128 32 1 1.7428715229034424
128 32 1 1.1215950250625610
128 32 1 6.3841919898986816
128 32 1 1.2900733947753906
128 32 1 3.7315762042999268
128 32 1 0.6922073960304260
128 32 1 0.9281485676765442
128 32 1 1.8788877725601196
128 32 1 2.3965950012207031
128 32 1 2.6265935897827148
128 32 1 1.1195416450500488
128 32 1 2.8314220905303955
128 32 1 4.6477069854736328
128 32 1 1.5244207382202148
128 32 1 2.0776712894439697
128 32 1 1.5037175416946411
128 32 1 1.8590514659881592
128 32 1 0.8014769554138184
128 32 1 7.7783427238464355
128 32 1 1.5897892713546753
128 32 1 1.0252708196640015
128 32 1 2.2826080322265625
128 32 1 1.2915778160095215
128 32 1 1.5631065368652344
128 32 1 7.1718907356262207
128 32 1 1.4216634035110474
128 32 1 0.9004522562026978
128 32 1 3.3621027469635010
128 32 1 1.8569085597991943
128 32 1 1.4608273506164551
128 32 1 1.1523042917251587
128 32 1 3.1278836727142334
128 32 1 0.7846958041191101
128 32 1 0.8265392184257507
128 32 1 3.6247870922088623
128 32 1 3.3703043460845947
128 32 1 5.1986331939697266
128 32 1 2.1345546245574951
128 32 1 1.8033937215805054
128 32 1 1.4159958362579346
128 32 1 1.7975087165832520
128 32 1 3.7699301242828369
128 32 1 1.4101247787475586
128 32 1 3.0114617347717285
128 32 1 2.0346605777740479
128 32 1 3.4211633205413818
128 32 1 1.5268741846084595
128 32 1 1.5884824991226196
128 32 1 2.1333754062652588
128 32 1 0.9962269067764282
128 32 1 1.2355591058731079
128 32 1 1.6645982265472412
128 32 1 6.0054016113281250
128 32 1 0.6207644939422607
128 32 1 1.5522952079772949
128 32 1 1.4276340007781982
128 64 1 1.4722148180007935
128 64 1 0.8232895135879517
128 64 1 1.0981789827346802
128 64 1 0.6190040707588196
128 64 1 0.6732351183891296
128 64 1 1.1861903667449951
128 64 1 0.8891521692276001
128 64 1 1.1985745429992676
128 64 1 1.3956968784332275
128 64 1 0.9123231768608093
128 64 1 0.8313617110252380
128 64 1 1.1537810564041138
128 64 1 0.8188762068748474
128 64 1 0.6629505157470703
128 64 1 0.7196868062019348
128 64 1 0.6971335411071777
128 64 1 0.4631533324718475
128 64 1 0.7944679260253906
128 64 1 0.7772913575172424
128 64 1 2.1392557621002197
128 64 1 0.7464690208435059
128 64 1 1.4933792352676392
128 64 1 1.4642257690429688
128 64 1 0.9750373959541321
128 64 1 1.4732809066772461
128 64 1 1.3189619779586792
128 64 1 0.9783962965011597
128 64 1 0.7467386722564697
128 64 1 0.9908813238143921
128 64 1 0.8773275017738342
128 64 1 0.7707737684249878
128 64 1 0.6536816358566284
128 64 1 1.6648530960083008
128 64 1 0.8966885209083557
128 64 1 0.7632743120193481
128 64 1 0.8441611528396606
128 64 1 0.9669126868247986
128 64 1 1.0836684703826904
128 64 1 0.9340912699699402
128 64 1 0.8163664340972900
128 64 1 1.1659277677536011
128 64 1 3.3888854980468750
128 64 1 0.9891455173492432
128 64 1 0.6726874709129333
128 64 1 0.6076979637145996
128 64 1 0.6761019825935364
128 64 1 1.2930474281311035
128 64 1 0.8275745511054993
128 64 1 0.7405307292938232
128 64 1 1.1275902986526489
128 64 1 0.6727967858314514
128 64 1 1.0138742923736572
128 64 1 0.5573329329490662
128 64 1 0.9738202691078186
128 64 1 1.7457624673843384
128 64 1 0.7198118567466736
128 64 1 2.8380532264709473
128 64 1 1.0129252672195435
128 64 1 1.5547488927841187
128 64 1 1.0328893661499023
128 64 1 2.5481112003326416
128 64 1 0.8817230463027954
128 64 1 0.6962254047393799
128 64 1 1.3237041234970093
128 64 1 1.1125813722610474
128 64 1 0.8297277092933655
128 64 1 0.9609058499336243
128 64 1 0.5808165073394775
128 64 1 0.7999457716941833
128 64 1 0.6201587319374084
128 64 1 0.9024907946586609
128 64 1 0.9586486220359802
128 64 1 0.7993798851966858
128 64 1 1.0037865638732910
128 64 1 1.1447033882141113
128 64 1 1.5716176033020020
128 64 1 0.8091434240341187
128 64 1 1.6737532615661621
128 64 1 0.7302017211914062
128 64 1 0.6952424049377441
128 64 1 1.0703940391540527
128 64 1 0.4201541841030121
128 64 1 0.6081227660179138
128 64 1 0.6538191437721252
128 64 1 1.1746481657028198
128 64 1 0.5919747352600098
128 64 1 0.7420782446861267
128 64 1 1.0301392078399658
128 64 1 0.8756792545318604
128 64 1 0.8816073536872864
128 64 1 0.7297214269638062
128 64 1 0.3641385734081268
128 64 1 1.2128553390502930
128 64 1 0.6487344503402710
128 64 1 1.2356413602828979
128 64 1 1.1392781734466553
128 64 1 0.9913946390151978
128 64 1 1.7715470790863037
128 64 1 1.4613571166992188
128 64 1 0.7393800616264343
128 128 1 0.4700177907943726
128 128 1 0.5530338883399963
128 128 1 0.6661753654479980
128 128 1 1.0035771131515503
128 128 1 0.8504301309585571
128 128 1 0.7358295321464539
128 128 1 0.7648566365242004
128 128 1 0.6371110677719116
128 128 1 0.9079964160919189
128 128 1 0.9858989119529724
128 128 1 0.4308420419692993
128 128 1 0.6975753903388977
128 128 1 0.6070933341979980
128 128 1 0.5896725654602051
128 128 1 0.4494744837284088
128 128 1 0.5105974078178406
128 128 1 0.8394952416419983
128 128 1 0.7906801104545593
128 128 1 0.5692782402038574
128 128 1 0.7418860793113708
128 128 1 0.9809102416038513
128 128 1 0.6189355850219727
128 128 1 0.6371352076530457
128 128 1 0.9925547838211060
128 128 1 0.6381597518920898
128 128 1 0.4140342473983765
128 128 1 0.9088576436042786
128 128 1 0.8069133162498474
128 128 1 1.0942894220352173
128 128 1 0.5886514186859131
128 128 1 0.3902897536754608
128 128 1 0.6636342406272888
128 128 1 0.6371725201606750
128 128 1 0.6926099658012390
128 128 1 0.4532750844955444
128 128 1 0.6343917250633240
128 128 1 0.6497989892959595
128 128 1 0.4515319168567657
128 128 1 1.1119054555892944
128 128 1 0.8284021615982056
128 128 1 0.4868484437465668
128 128 1 0.6048601865768433
128 128 1 0.8666164875030518
128 128 1 0.5710315108299255
128 128 1 0.4409652054309845
128 128 1 0.7213854193687439
128 128 1 0.4362058639526367
128 128 1 0.8131109476089478
128 128 1 0.8232846260070801
128 128 1 0.4395488798618317
128 128 1 0.4704148471355438
128 128 1 0.8655233979225159
128 128 1 0.8017453551292419
128 128 1 0.9336432814598083
128 128 1 0.5034840106964111
128 128 1 0.6406500935554504
128 128 1 0.9621555209159851
128 128 1 0.7449907064437866
128 128 1 0.7481147646903992
128 128 1 0.4819360375404358
128 128 1 0.9191272258758545
128 128 1 0.3307149410247803
128 128 1 0.5745062232017517
128 128 1 0.8500853776931763
128 128 1 0.8488889932632446
128 128 1 0.8413800597190857
128 128 1 0.5865671038627625
128 128 1 0.6113457679748535
128 128 1 0.7920339107513428
128 128 1 0.8483326435089111
128 128 1 0.5973105430603027
128 128 1 0.6574954390525818
128 128 1 0.6218487620353699
128 128 1 0.4973386824131012
128 128 1 0.7366299629211426
128 128 1 0.8056538105010986
128 128 1 0.5939391851425171
128 128 1 0.6681206226348877
128 128 1 0.5644978284835815
128 128 1 0.4394792318344116
128 128 1 0.5767923593521118
128 128 1 0.6612249612808228
128 128 1 0.5343064665794373
128 128 1 1.0692927837371826
128 128 1 0.4923799037933350
128 128 1 0.9257923364639282
128 128 1 0.9113398790359497
128 128 1 0.7150623798370361
128 128 1 0.5840052962303162
128 128 1 0.8057183027267456
128 128 1 0.5361441373825073
128 128 1 1.0202943086624146
128 128 1 0.4771094024181366
128 128 1 0.7690275311470032
128 128 1 0.8060177564620972
128 128 1 1.2563004493713379
128 128 1 0.5160663723945618
128 128 1 0.7482444047927856
128 128 1 0.4969197213649750
128 128 1 0.6293723583221436
128 256 1 0.4494688510894775
128 256 1 0.5465654134750366
128 256 1 0.7294003963470459
128 256 1 0.3730359375476837
128 256 1 0.5598840117454529
128 256 1 0.4417361319065094
128 256 1 0.4050225913524628
128 256 1 0.4497917890548706
128 256 1 0.4816879332065582
128 256 1 0.6259886026382446
128 256 1 0.5203053951263428
128 256 1 0.5007455348968506
128 256 1 0.5710901618003845
128 256 1 0.4580889046192169
128 256 1 0.7159216403961182
128 256 1 0.4099321663379669
128 256 1 0.4272266030311584
128 256 1 0.4526641964912415
128 256 1 0.5226961970329285
128 256 1 0.5778901576995850
128 256 1 0.3737409710884094
128 256 1 0.7809665799140930
128 256 1 0.5214243531227112
128 256 1 0.4926547706127167
128 256 1 0.4527652859687805
128 256 1 0.5089713931083679
128 256 1 0.3962574303150177
128 256 1 0.4778815209865570
128 256 1 0.4609304070472717
128 256 1 0.4498275518417358
128 256 1 0.4667021930217743
128 256 1 0.4804223775863647
128 256 1 0.4784982204437256
128 256 1 0.5276523232460022
128 256 1 0.5434699058532715
128 256 1 0.7141420245170593
128 256 1 0.3988399207592010
128 256 1 0.7554699778556824
128 256 1 0.4956310391426086
128 256 1 0.6048735976219177
128 256 1 0.5409643650054932
128 256 1 0.5748432278633118
128 256 1 0.4709692299365997
128 256 1 0.5328186750411987
128 256 1 0.5304542183876038
128 256 1 0.4390346407890320
128 256 1 0.6034339666366577
128 256 1 0.5016056895256042
128 256 1 0.5511471033096313
128 256 1 0.3875041902065277
128 256 1 0.4169178009033203
128 256 1 0.8536775708198547
128 256 1 0.6792644262313843
128 256 1 0.4052430391311646
128 256 1 0.6672080755233765
128 256 1 0.3505251407623291
128 256 1 0.5625703334808350
128 256 1 0.4571459293365479
128 256 1 0.6551315784454346
128 256 1 0.5339283347129822
128 256 1 0.6682767271995544
128 256 1 0.3963940739631653
128 256 1 0.5774789452552795
128 256 1 0.5483363866806030
128 256 1 0.3791461288928986
128 256 1 0.5072524547576904
128 256 1 0.4595762491226196
128 256 1 0.4574526250362396
128 256 1 0.4649342596530914
128 256 1 0.4693362414836884
128 256 1 0.5260654687881470
128 256 1 0.5043826103210449
128 256 1 0.4806435704231262
128 256 1 0.4932554960250854
128 256 1 0.4468412399291992
128 256 1 0.4009836912155151
128 256 1 0.6985771656036377
128 256 1 0.5020449757575989
128 256 1 0.4973817765712738
128 256 1 0.3586970269680023
128 256 1 0.4519132375717163
128 256 1 0.4474698305130005
128 256 1 0.4414561092853546
128 256 1 0.5123892426490784
128 256 1 0.5626326203346252
128 256 1 0.5233238339424133
128 256 1 0.5771912932395935
128 256 1 0.5549957156181335
128 256 1 0.3605544567108154
128 256 1 0.4207441210746765
128 256 1 0.3827151358127594
128 256 1 0.4165676534175873
128 256 1 0.4786183834075928
128 256 1 0.5947328805923462
128 256 1 0.3606253564357758
128 256 1 0.4735018014907837
128 256 1 0.6792285442352295
128 256 1 0.6708905696868896
128 256 1 0.5864766836166382
128 256 1 0.6369251012802124
128 512 1 0.4478046000003815
128 512 1 0.4821645319461823
128 512 1 0.5276305675506592
128 512 1 0.4316560328006744
128 512 1 0.5154929161071777
128 512 1 0.4063141345977783
128 512 1 0.5791505575180054
128 512 1 0.4588184356689453
128 512 1 0.4143649339675903
128 512 1 0.4314184486865997
128 512 1 0.4160228669643402
128 512 1 0.3956434130668640
128 512 1 0.4321428239345551
128 512 1 0.4290665388107300
128 512 1 0.4113695025444031
128 512 1 0.3748055696487427
128 512 1 0.3347600996494293
128 512 1 0.5345302224159241
128 512 1 0.3896704614162445
128 512 1 0.2919760048389435
128 512 1 0.3643512725830078
128 512 1 0.4297315180301666
128 512 1 0.5244510173797607
128 512 1 0.4797160327434540
128 512 1 0.3570927083492279
128 512 1 0.4937137663364410
128 512 1 0.4301933348178864
128 512 1 0.5095035433769226
128 512 1 0.4021461009979248
128 512 1 0.4418575763702393
128 512 1 0.3776061236858368
128 512 1 0.4176431298255920
128 512 1 0.3507589101791382
128 512 1 0.3979299068450928
128 512 1 0.4553480148315430
128 512 1 0.4639637768268585
128 512 1 0.4083175957202911
128 512 1 0.4665919244289398
128 512 1 0.4307089745998383
128 512 1 0.5777364969253540
128 512 1 0.3982872068881989
128 512 1 0.3821400105953217
128 512 1 0.3875669240951538
128 512 1 0.4238612651824951
128 512 1 0.3343876004219055
128 512 1 0.3560916781425476
128 512 1 0.4721389114856720
128 512 1 0.5247627496719360
128 512 1 0.3769321441650391
128 512 1 0.3522510528564453
128 512 1 0.4807050228118896
128 512 1 0.4460884332656860
128 512 1 0.3941641151905060
128 512 1 0.3602660000324249
128 512 1 0.4412888586521149
128 512 1 0.3952289223670959
128 512 1 0.4706478416919708
128 512 1 0.4921778142452240
128 512 1 0.5798596143722534
128 512 1 0.3678752481937408
128 512 1 0.4443272054195404
128 512 1 0.4029923677444458
128 512 1 0.4235607981681824
128 512 1 0.3255331814289093
128 512 1 0.5044985413551331
128 512 1 0.4323009252548218
128 512 1 0.3507341146469116
128 512 1 0.4673227965831757
128 512 1 0.3940362930297852
128 512 1 0.3692722618579865
128 512 1 0.4705370962619781
128 512 1 0.3167506754398346
128 512 1 0.4735329151153564
128 512 1 0.4434283375740051
128 512 1 0.3827273547649384
128 512 1 0.4326988458633423
128 512 1 0.5049540996551514
128 512 1 0.4939461648464203
128 512 1 0.3844031393527985
128 512 1 0.4607982337474823
128 512 1 0.4627789258956909
128 512 1 0.4963573217391968
128 512 1 0.4142229855060577
128 512 1 0.3535187840461731
128 512 1 0.4067756235599518
128 512 1 0.5821280479431152
128 512 1 0.4038512408733368
128 512 1 0.4866212010383606
128 512 1 0.4668723940849304
128 512 1 0.4191492199897766
128 512 1 0.3980789184570312
128 512 1 0.3714707195758820
128 512 1 0.3635587394237518
128 512 1 0.3888557553291321
128 512 1 0.2986174225807190
128 512 1 0.5703961253166199
128 512 1 0.4027357995510101
128 512 1 0.4651600122451782
128 512 1 0.3927342295646667
128 512 1 0.3908031582832336
256 4 1 399.7511291503906250
256 4 1 437.8804321289062500
256 4 1 163.3641357421875000
256 4 1 670.5402221679687500
256 4 1 270.8146057128906250
256 4 1 32.6833724975585938
256 4 1 3.0880746841430664
256 4 1 128.4982452392578125
256 4 1 86.8740921020507812
256 4 1 14.1514291763305664
256 4 1 60.8251037597656250
256 4 1 199.6997985839843750
256 4 1 10.3504981994628906
256 4 1 325.3299560546875000
256 4 1 155.0325164794921875
256 4 1 24.1623706817626953
256 4 1 86.6496887207031250
256 4 1 320.6339721679687500
256 4 1 125.0916900634765625
256 4 1 107.2866439819335938
256 4 1 64.1478500366210938
256 4 1 178.3740081787109375
256 4 1 197.5597229003906250
256 4 1 760.2290649414062500
256 4 1 249.6541442871093750
256 4 1 388.8952636718750000
256 4 1 99.3322982788085938
256 4 1 361.4060974121093750
256 4 1 64.0761260986328125
256 4 1 219.3664703369140625
256 4 1 117.4175109863281250
256 4 1 169.8867797851562500
256 4 1 150.6550445556640625
256 4 1 423.7686157226562500
256 4 1 143.8879699707031250
256 4 1 406.2081604003906250
256 4 1 109.2749328613281250
256 4 1 30.2957820892333984
256 4 1 95.8915100097656250
256 4 1 161.3332061767578125
256 4 1 437.2415161132812500
256 4 1 33.1215438842773438
256 4 1 280.1361999511718750
256 4 1 118.8611450195312500
256 4 1 209.1844940185546875
256 4 1 758.8664550781250000
256 4 1 264.1253051757812500
256 4 1 77.1832046508789062
256 4 1 119.4554672241210938
256 4 1 6.6339783668518066
256 4 1 621.1607666015625000
256 4 1 141.6933898925781250
256 4 1 102.1235580444335938
256 4 1 388.5020751953125000
256 4 1 78.3705978393554688
256 4 1 39.8496856689453125
256 4 1 428.0612182617187500
256 4 1 415.6750488281250000
256 4 1 15.0879688262939453
256 4 1 144.1103973388671875
256 4 1 119.9475708007812500
256 4 1 85.3393173217773438
256 4 1 1.9447696208953857
256 4 1 57.9399642944335938
256 4 1 240.2827301025390625
256 4 1 43.5644760131835938
256 4 1 85.2977752685546875
256 4 1 63.1564407348632812
256 4 1 72.6564102172851562
256 4 1 139.0764007568359375
256 4 1 951.9704589843750000
256 4 1 703.7182006835937500
256 4 1 344.9681396484375000
256 4 1 275.0748291015625000
256 4 1 770.7391357421875000
256 4 1 47.7807731628417969
256 4 1 278.2658691406250000
256 4 1 419.9719238281250000
256 4 1 32.0903816223144531
256 4 1 32.1808815002441406
256 4 1 111.5624923706054688
256 4 1 88.4189529418945312
256 4 1 194.1382293701171875
256 4 1 142.3060913085937500
256 4 1 189.5919952392578125
256 4 1 46.8033905029296875
256 4 1 81.6033020019531250
256 4 1 127.1328735351562500
256 4 1 579.2750244140625000
256 4 1 253.6529235839843750
256 4 1 73.5674133300781250
256 4 1 100.5121688842773438
256 4 1 76.8753204345703125
256 4 1 147.2667541503906250
256 4 1 74.9432449340820312
256 4 1 84.6503601074218750
256 4 1 309.2282409667968750
256 4 1 58.2044639587402344
256 4 1 62.5652770996093750
256 4 1 148.8886260986328125
256 8 1 154.2244873046875000
256 8 1 199.6081695556640625
256 8 1 285.1510009765625000
256 8 1 32.8950881958007812
256 8 1 511.9815979003906250
256 8 1 29.3916778564453125
256 8 1 3.3990118503570557
256 8 1 46.9673347473144531
256 8 1 9.9954223632812500
256 8 1 84.6889953613281250
256 8 1 180.4878082275390625
256 8 1 9.5645751953125000
256 8 1 38.5417289733886719
256 8 1 5.6744737625122070
256 8 1 712.1207275390625000
256 8 1 193.1884765625000000
256 8 1 158.9822387695312500
256 8 1 74.0841369628906250
256 8 1 80.8227233886718750
256 8 1 118.8159103393554688
256 8 1 101.5576171875000000
256 8 1 55.0218505859375000
256 8 1 13.1679267883300781
256 8 1 1.7835083007812500
256 8 1 238.2491455078125000
256 8 1 651.8547363281250000
256 8 1 9.1325073242187500
256 8 1 323.0955810546875000
256 8 1 117.3643188476562500
256 8 1 12.1842765808105469
256 8 1 255.1403350830078125
256 8 1 211.2840423583984375
256 8 1 70.2043075561523438
256 8 1 74.7361297607421875
256 8 1 121.0477142333984375
256 8 1 723.4849243164062500
256 8 1 304.9719238281250000
256 8 1 47.8570404052734375
256 8 1 61.6931533813476562
256 8 1 143.8686981201171875
256 8 1 147.8016357421875000
256 8 1 79.6949386596679688
256 8 1 1.5070120096206665
256 8 1 224.3738708496093750
256 8 1 1.4461669921875000
256 8 1 127.2134780883789062
256 8 1 10.4135160446166992
256 8 1 224.2410736083984375
256 8 1 66.1175765991210938
256 8 1 219.9841156005859375
256 8 1 81.1711883544921875
256 8 1 101.3475799560546875
256 8 1 131.7127685546875000
256 8 1 8.8523559570312500
256 8 1 138.6420440673828125
256 8 1 4.7387251853942871
256 8 1 63.4530258178710938
256 8 1 411.2532043457031250
256 8 1 4.1813735961914062
256 8 1 112.1319122314453125
256 8 1 185.9566650390625000
256 8 1 5.2856144905090332
256 8 1 146.2779235839843750
256 8 1 39.9367866516113281
256 8 1 289.2817077636718750
256 8 1 231.6655120849609375
256 8 1 100.9420394897460938
256 8 1 64.0600280761718750
256 8 1 35.7842407226562500
256 8 1 320.4768676757812500
256 8 1 1.0680353641510010
256 8 1 54.4859237670898438
256 8 1 42.5729827880859375
256 8 1 54.6325035095214844
256 8 1 38.4101257324218750
256 8 1 44.2422065734863281
256 8 1 148.1678771972656250
256 8 1 470.7211608886718750
256 8 1 4.0805559158325195
256 8 1 293.9300231933593750
256 8 1 297.5877685546875000
256 8 1 31.3425064086914062
256 8 1 67.2933578491210938
256 8 1 60.2261199951171875
256 8 1 0.8502326011657715
256 8 1 1.2093505859375000
256 8 1 211.7458648681640625
256 8 1 54.5914878845214844
256 8 1 1.1492273807525635
256 8 1 1.8768795728683472
256 8 1 108.3837509155273438
256 8 1 12.1543531417846680
256 8 1 1.3160586357116699
256 8 1 91.5219497680664062
256 8 1 47.9325981140136719
256 8 1 214.6177978515625000
256 8 1 61.3512954711914062
256 8 1 319.6018981933593750
256 8 1 11.2378854751586914
256 8 1 282.4129028320312500
256 16 1 147.9017181396484375
256 16 1 5.8784542083740234
256 16 1 45.4741210937500000
256 16 1 1.3459378480911255
256 16 1 56.6211090087890625
256 16 1 3.3043029308319092
256 16 1 8.7852478027343750
256 16 1 1.8509544134140015
256 16 1 83.5761947631835938
256 16 1 9.3607053756713867
256 16 1 3.6820657253265381
256 16 1 280.7386779785156250
256 16 1 2.9368691444396973
256 16 1 4.9957041740417480
256 16 1 4.1388511657714844
256 16 1 5.1869544982910156
256 16 1 7.9767255783081055
256 16 1 2.1503641605377197
256 16 1 44.6932945251464844
256 16 1 1.7548987865447998
256 16 1 21.4336833953857422
256 16 1 34.4690170288085938
256 16 1 1.3342115879058838
256 16 1 8.6895322799682617
256 16 1 4.5103397369384766
256 16 1 36.6111373901367188
256 16 1 2.5730733871459961
256 16 1 11.8587112426757812
256 16 1 1.9942489862442017
256 16 1 1.9751476049423218
256 16 1 4.2122273445129395
256 16 1 61.5435485839843750
256 16 1 0.9935377240180969
256 16 1 7.6761989593505859
256 16 1 0.9054726958274841
256 16 1 3.2315807342529297
256 16 1 9.9772338867187500
256 16 1 2.7010788917541504
256 16 1 3.0995743274688721
256 16 1 4.5578460693359375
256 16 1 8.5216770172119141
256 16 1 13.9992704391479492
256 16 1 4.4951844215393066
256 16 1 9.1165523529052734
256 16 1 26.1134910583496094
256 16 1 1.8255559206008911
256 16 1 0.9047424793243408
256 16 1 6.8030242919921875
256 16 1 1.2517830133438110
256 16 1 18.0888996124267578
256 16 1 91.4734573364257812
256 16 1 50.5735092163085938
256 16 1 8.4811820983886719
256 16 1 2.9048788547515869
256 16 1 30.5636882781982422
256 16 1 20.3474578857421875
256 16 1 27.7124538421630859
256 16 1 2.2516412734985352
256 16 1 1.3361511230468750
256 16 1 13.9620542526245117
256 16 1 35.4819450378417969
256 16 1 21.0130271911621094
256 16 1 4.7846393585205078
256 16 1 19.1398334503173828
256 16 1 90.4970932006835938
256 16 1 60.3594627380371094
256 16 1 5.0379524230957031
256 16 1 9.3642549514770508
256 16 1 82.6278686523437500
256 16 1 1.5243921279907227
256 16 1 1.8571952581405640
256 16 1 2.7731816768646240
256 16 1 1.2010073661804199
256 16 1 3.1104531288146973
256 16 1 1.0725706815719604
256 16 1 3.1639385223388672
256 16 1 1.3464781045913696
256 16 1 9.4514236450195312
256 16 1 37.5852432250976562
256 16 1 28.1330509185791016
256 16 1 12.1657581329345703
256 16 1 97.8572540283203125
256 16 1 6.5879254341125488
256 16 1 104.3235931396484375
256 16 1 13.5783786773681641
256 16 1 184.1833190917968750
256 16 1 17.8588676452636719
256 16 1 1.3712812662124634
256 16 1 9.6062126159667969
256 16 1 40.2875976562500000
256 16 1 55.6219100952148438
256 16 1 10.6152048110961914
256 16 1 8.4729528427124023
256 16 1 1.1979510784149170
256 16 1 32.5998229980468750
256 16 1 4.1651048660278320
256 16 1 85.6392669677734375
256 16 1 2.7784056663513184
256 16 1 5.8814997673034668
256 16 1 1.7519688606262207
256 32 1 1.6666244268417358
256 32 1 2.7809576988220215
256 32 1 4.8634638786315918
256 32 1 1.6235576868057251
256 32 1 0.9107085466384888
256 32 1 1.3107459545135498
256 32 1 0.9213483929634094
256 32 1 2.7409920692443848
256 32 1 6.6294627189636230
256 32 1 3.4311230182647705
256 32 1 0.9666049480438232
256 32 1 2.8216812610626221
256 32 1 0.7329022884368896
256 32 1 0.7756975293159485
256 32 1 1.7345175743103027
256 32 1 0.8004691600799561
256 32 1 1.9897075891494751
256 32 1 0.6330497264862061
256 32 1 2.2794313430786133
256 32 1 2.3372018337249756
256 32 1 1.3281375169754028
256 32 1 1.5138232707977295
256 32 1 6.3685688972473145
256 32 1 0.8884983658790588
256 32 1 2.5710718631744385
256 32 1 1.2454763650894165
256 32 1 2.7185583114624023
256 32 1 1.5626014471054077
256 32 1 1.1657814979553223
256 32 1 5.5804958343505859
256 32 1 0.5569478273391724
256 32 1 1.2972279787063599
256 32 1 1.3659511804580688
256 32 1 1.3518974781036377
256 32 1 2.4615504741668701
256 32 1 1.7012425661087036
256 32 1 0.9571325778961182
256 32 1 0.7705655694007874
256 32 1 1.6979130506515503
256 32 1 1.9352236986160278
256 32 1 1.3391811847686768
256 32 1 1.2604256868362427
256 32 1 1.3983938694000244
256 32 1 0.5873709321022034
256 32 1 0.9152223467826843
256 32 1 0.6868231892585754
256 32 1 1.7321597337722778
256 32 1 1.5358476638793945
256 32 1 6.5732269287109375
256 32 1 2.0479962825775146
256 32 1 1.1980310678482056
256 32 1 2.9074506759643555
256 32 1 1.1437466144561768
256 32 1 1.0584409236907959
256 32 1 2.3886322975158691
256 32 1 1.1666131019592285
256 32 1 0.9651274681091309
256 32 1 3.3343927860260010
256 32 1 2.2142267227172852
256 32 1 2.3154976367950439
256 32 1 2.4638538360595703
256 32 1 1.7272245883941650
256 32 1 1.7442396879196167
256 32 1 2.0354921817779541
256 32 1 1.4193185567855835
256 32 1 6.7591176033020020
256 32 1 3.1694159507751465
256 32 1 1.7655835151672363
256 32 1 3.2429449558258057
256 32 1 1.1616051197052002
256 32 1 1.0587335824966431
256 32 1 1.3558789491653442
256 32 1 0.8940246701240540
256 32 1 1.2127654552459717
256 32 1 1.3762338161468506
256 32 1 1.5736080408096313
256 32 1 1.3936247825622559
256 32 1 0.8638012409210205
256 32 1 2.6923599243164062
256 32 1 2.7217392921447754
256 32 1 1.3165034055709839
256 32 1 1.2628393173217773
256 32 1 1.7542327642440796
256 32 1 1.0878144502639771
256 32 1 1.6644417047500610
256 32 1 1.2048512697219849
256 32 1 0.6958453655242920
256 32 1 2.3817269802093506
256 32 1 0.9470699429512024
256 32 1 1.2787685394287109
256 32 1 5.2805523872375488
256 32 1 2.8563952445983887
256 32 1 3.2392661571502686
256 32 1 0.6618205904960632
256 32 1 1.7113422155380249
256 32 1 1.3104504346847534
256 32 1 0.9158781170845032
256 32 1 1.5480277538299561
256 32 1 1.9521940946578979
256 32 1 0.7390202879905701
256 64 1 0.8137553334236145
256 64 1 0.4601378142833710
256 64 1 0.7168785333633423
256 64 1 0.4809195697307587
256 64 1 1.3992152214050293
256 64 1 0.6825143694877625
256 64 1 0.6377475857734680
256 64 1 0.5268093943595886
256 64 1 1.4335659742355347
256 64 1 1.3137251138687134
256 64 1 0.5447506904602051
256 64 1 1.0201485157012939
256 64 1 0.5989645719528198
256 64 1 0.6393724679946899
256 64 1 1.0262837409973145
256 64 1 0.7769020795822144
256 64 1 0.6322101354598999
256 64 1 0.6670272946357727
256 64 1 0.7712865471839905
256 64 1 0.7906818985939026
256 64 1 1.5321743488311768
256 64 1 0.6164088249206543
256 64 1 0.6241085529327393
256 64 1 1.1588760614395142
256 64 1 1.2892434597015381
256 64 1 1.0235162973403931
256 64 1 1.0286383628845215
256 64 1 1.1005700826644897
256 64 1 1.1724123954772949
256 64 1 0.5826434493064880
256 64 1 0.9550650715827942
256 64 1 0.7457294464111328
256 64 1 0.9348353743553162
256 64 1 0.7987557053565979
256 64 1 0.7445994019508362
256 64 1 0.6320064067840576
256 64 1 0.5954537391662598
256 64 1 1.2202944755554199
256 64 1 0.4763346612453461
256 64 1 0.4456312954425812
256 64 1 0.4200870990753174
256 64 1 0.6558371186256409
256 64 1 0.6820911169052124
256 64 1 0.4388437569141388
256 64 1 0.7231349349021912
256 64 1 0.7276517748832703
256 64 1 0.7206625938415527
256 64 1 1.0849540233612061
256 64 1 0.9775224328041077
256 64 1 0.9994457364082336
256 64 1 0.8865236639976501
256 64 1 0.6330915689468384
256 64 1 0.9509072303771973
256 64 1 1.1337734460830688
256 64 1 0.6369002461433411
256 64 1 0.6913190484046936
256 64 1 0.4622094333171844
256 64 1 0.8292167186737061
256 64 1 0.7250968813896179
256 64 1 0.7926728725433350
256 64 1 0.8016437292098999
256 64 1 0.6496107578277588
256 64 1 0.8061996698379517
256 64 1 0.6964400410652161
256 64 1 0.6955358386039734
256 64 1 0.5404934883117676
256 64 1 0.6418192982673645
256 64 1 0.8555023670196533
256 64 1 0.5346193909645081
256 64 1 0.7604883313179016
256 64 1 0.8482568860054016
256 64 1 0.9028101563453674
256 64 1 1.3578644990921021
256 64 1 0.9094128608703613
256 64 1 0.9523020386695862
256 64 1 0.5356965065002441
256 64 1 1.0801850557327271
256 64 1 0.8260254859924316
256 64 1 1.2718721628189087
256 64 1 0.3694943189620972
256 64 1 0.6282312870025635
256 64 1 0.6292089223861694
256 64 1 0.5096573233604431
256 64 1 1.3994692564010620
256 64 1 0.8324965834617615
256 64 1 0.9272831082344055
256 64 1 0.8363783359527588
256 64 1 0.9275774955749512
256 64 1 0.5436406731605530
256 64 1 1.1911338567733765
256 64 1 1.2463436126708984
256 64 1 0.7116661667823792
256 64 1 0.5725878477096558
256 64 1 0.7836298942565918
256 64 1 0.7345033288002014
256 64 1 0.7862483859062195
256 64 1 0.9777252078056335
256 64 1 0.9517561197280884
256 64 1 0.8391246199607849
256 64 1 0.9559194445610046
256 128 1 0.6248376965522766
256 128 1 0.8148310184478760
256 128 1 0.5741084814071655
256 128 1 0.6252534985542297
256 128 1 0.6580092906951904
256 128 1 0.6828315854072571
256 128 1 0.5516842603683472
256 128 1 0.5411422252655029
256 128 1 0.5550776124000549
256 128 1 0.4904383122920990
256 128 1 0.5029200315475464
256 128 1 0.5820288062095642
256 128 1 0.6153905987739563
256 128 1 0.6916283369064331
256 128 1 0.6477552652359009
256 128 1 0.5735523700714111
256 128 1 0.5721572637557983
256 128 1 0.6587647199630737
256 128 1 0.5897746682167053
256 128 1 0.7914023399353027
256 128 1 0.6557571291923523
256 128 1 0.4551582038402557
256 128 1 0.5573008060455322
256 128 1 0.6193927526473999
256 128 1 0.4433823525905609
256 128 1 0.6877599358558655
256 128 1 0.4895856380462646
256 128 1 0.7267522215843201
256 128 1 0.4147771596908569
256 128 1 0.4475647211074829
256 128 1 0.7710277438163757
256 128 1 0.7096349596977234
256 128 1 0.5386644601821899
256 128 1 0.5386348962783813
256 128 1 0.4456866085529327
256 128 1 0.5989038348197937
256 128 1 0.6456689238548279
256 128 1 0.4159232974052429
256 128 1 0.5142387151718140
256 128 1 0.9990891218185425
256 128 1 0.4898537397384644
256 128 1 0.5675632357597351
256 128 1 0.6838803291320801
256 128 1 0.7187047600746155
256 128 1 0.4341179728507996
256 128 1 0.6656352877616882
256 128 1 0.4314652383327484
256 128 1 0.4387286007404327
256 128 1 0.8708217740058899
256 128 1 0.5514211058616638
256 128 1 0.5447366237640381
256 128 1 0.9771494269371033
256 128 1 0.6019069552421570
256 128 1 1.2048597335815430
256 128 1 0.5869961380958557
256 128 1 0.8107491135597229
256 128 1 0.3729757368564606
256 128 1 0.5156230926513672
256 128 1 0.5229055881500244
256 128 1 1.0896528959274292
256 128 1 0.4055925011634827
256 128 1 0.3860627114772797
256 128 1 0.5769996643066406
256 128 1 0.5502932667732239
256 128 1 0.6984314918518066
256 128 1 0.4141461849212646
256 128 1 0.3522535264492035
256 128 1 0.8571922779083252
256 128 1 0.6894185543060303
256 128 1 0.7821628451347351
256 128 1 0.4766550958156586
256 128 1 0.3882944583892822
256 128 1 0.7930637598037720
256 128 1 0.7553928494453430
256 128 1 0.5089908838272095
256 128 1 0.6622241139411926
256 128 1 0.7491952776908875
256 128 1 0.5494779348373413
256 128 1 0.5362013578414917
256 128 1 0.6631428599357605
256 128 1 0.7874699234962463
256 128 1 0.5574825406074524
256 128 1 0.6704022288322449
256 128 1 0.4972913265228271
256 128 1 0.6851027607917786
256 128 1 0.4743124246597290
256 128 1 0.4346273839473724
256 128 1 0.4626919031143188
256 128 1 0.4665584862232208
256 128 1 0.5464811921119690
256 128 1 0.5200263857841492
256 128 1 0.6897093057632446
256 128 1 0.6643513441085815
256 128 1 0.6509774923324585
256 128 1 0.4008776843547821
256 128 1 0.3792550563812256
256 128 1 0.4634926915168762
256 128 1 0.4921573996543884
256 128 1 0.5019158720970154
256 128 1 0.5189311504364014
256 256 1 0.4466992914676666
256 256 1 0.5614064931869507
256 256 1 0.4302720725536346
256 256 1 0.4062538146972656
256 256 1 0.4886735975742340
256 256 1 0.5299818515777588
256 256 1 0.4968027174472809
256 256 1 0.4453744590282440
256 256 1 0.6116290688514709
256 256 1 0.4353139400482178
256 256 1 0.4752637743949890
256 256 1 0.4858783781528473
256 256 1 0.6833992600440979
256 256 1 0.4603733718395233
256 256 1 0.4832767844200134
256 256 1 0.3447075188159943
256 256 1 0.4127991795539856
256 256 1 0.3357547521591187
256 256 1 0.4745965898036957
256 256 1 0.5547705292701721
256 256 1 0.4174179136753082
256 256 1 0.5060881972312927
256 256 1 0.3901050686836243
256 256 1 0.3006564974784851
256 256 1 0.5038470625877380
256 256 1 0.4222317636013031
256 256 1 0.4233904182910919
256 256 1 0.5702465176582336
256 256 1 0.3100212216377258
256 256 1 0.3271463513374329
256 256 1 0.5174001455307007
256 256 1 0.4404089450836182
256 256 1 0.3583003282546997
256 256 1 0.3695022463798523
256 256 1 0.4640147089958191
256 256 1 0.4329351782798767
256 256 1 0.4667052030563354
256 256 1 0.4821551442146301
256 256 1 0.5350111722946167
256 256 1 0.3964221179485321
256 256 1 0.3605449795722961
256 256 1 0.4067045450210571
256 256 1 0.5359049439430237
256 256 1 0.3961323201656342
256 256 1 0.3446877300739288
256 256 1 0.3312920331954956
256 256 1 0.4398161768913269
256 256 1 0.4686938822269440
256 256 1 0.4366814494132996
256 256 1 0.5325835943222046
256 256 1 0.4796475470066071
256 256 1 0.3599283695220947
256 256 1 0.3116776347160339
256 256 1 0.3684872686862946
256 256 1 0.5242802500724792
256 256 1 0.4476084113121033
256 256 1 0.4829352498054504
256 256 1 0.4170484542846680
256 256 1 0.3383818864822388
256 256 1 0.4574914574623108
256 256 1 0.3869747817516327
256 256 1 0.7712604403495789
256 256 1 0.4362872838973999
256 256 1 0.4196867346763611
256 256 1 0.6368195414543152
256 256 1 0.5937466025352478
256 256 1 0.4172497987747192
256 256 1 0.4345257878303528
256 256 1 0.3752184808254242
256 256 1 0.6621986627578735
256 256 1 0.3652197122573853
256 256 1 0.4693799316883087
256 256 1 0.5119764804840088
256 256 1 0.4133255481719971
256 256 1 0.3845969736576080
256 256 1 0.5954303145408630
256 256 1 0.3564630150794983
256 256 1 0.4789078831672668
256 256 1 0.3995449841022491
256 256 1 0.3764497637748718
256 256 1 0.4223774671554565
256 256 1 0.4163656532764435
256 256 1 0.4519541859626770
256 256 1 0.3841280043125153
256 256 1 0.3986445367336273
256 256 1 0.5665795803070068
256 256 1 0.4760780036449432
256 256 1 0.3859523534774780
256 256 1 0.4510151147842407
256 256 1 0.3982859551906586
256 256 1 0.4016397595405579
256 256 1 0.4057881832122803
256 256 1 0.4549906253814697
256 256 1 0.4097683727741241
256 256 1 0.3550364375114441
256 256 1 0.6110565066337585
256 256 1 0.4630474150180817
256 256 1 0.4383396506309509
256 256 1 0.3419516682624817
256 256 1 0.3850611150264740
256 512 1 0.3602812886238098
256 512 1 0.3385075330734253
256 512 1 0.3559827506542206
256 512 1 0.3671335577964783
256 512 1 0.3329197764396667
256 512 1 0.3633441627025604
256 512 1 0.3965124487876892
256 512 1 0.3986254632472992
256 512 1 0.3767738640308380
256 512 1 0.4074029028415680
256 512 1 0.3287719786167145
256 512 1 0.3363029360771179
256 512 1 0.3684172332286835
256 512 1 0.3665941655635834
256 512 1 0.3777419626712799
256 512 1 0.3938052356243134
256 512 1 0.4325661063194275
256 512 1 0.3764389753341675
256 512 1 0.3081334233283997
256 512 1 0.4266697764396667
256 512 1 0.3519893884658813
256 512 1 0.4338655471801758
256 512 1 0.3238126039505005
256 512 1 0.2897268235683441
256 512 1 0.4541155695915222
256 512 1 0.3697889745235443
256 512 1 0.3941445648670197
256 512 1 0.3257897496223450
256 512 1 0.4253475964069366
256 512 1 0.2771967053413391
256 512 1 0.3168293535709381
256 512 1 0.4244708716869354
256 512 1 0.3898594677448273
256 512 1 0.3266140222549438
256 512 1 0.3391583561897278
256 512 1 0.3888907730579376
256 512 1 0.3431325554847717
256 512 1 0.4937329888343811
256 512 1 0.4042714834213257
256 512 1 0.3112010061740875
256 512 1 0.4010843932628632
256 512 1 0.3768213987350464
256 512 1 0.4760760962963104
256 512 1 0.4425048828125000
256 512 1 0.3369755148887634
256 512 1 0.4131821691989899
256 512 1 0.3191713988780975
256 512 1 0.4044029712677002
256 512 1 0.4502041935920715
256 512 1 0.3997437357902527
256 512 1 0.3450728356838226
256 512 1 0.5183789730072021
256 512 1 0.4089263081550598
256 512 1 0.4328173398971558
256 512 1 0.4018345177173615
256 512 1 0.4636264145374298
256 512 1 0.4164702892303467
256 512 1 0.3606579601764679
256 512 1 0.2480623573064804
256 512 1 0.3665106594562531
256 512 1 0.3650823533535004
256 512 1 0.4592657387256622
256 512 1 0.3056380450725555
256 512 1 0.4102682471275330
256 512 1 0.4393839538097382
256 512 1 0.3407740294933319
256 512 1 0.3440073430538177
256 512 1 0.4512380361557007
256 512 1 0.3174116909503937
256 512 1 0.4023104906082153
256 512 1 0.3038331568241119
256 512 1 0.4128368496894836
256 512 1 0.3815774917602539
256 512 1 0.3685850203037262
256 512 1 0.3878148198127747
256 512 1 0.3800189197063446
256 512 1 0.4035820364952087
256 512 1 0.4556818008422852
256 512 1 0.3923138082027435
256 512 1 0.3563883900642395
256 512 1 0.2974055707454681
256 512 1 0.4351090490818024
256 512 1 0.3910933434963226
256 512 1 0.3198490738868713
256 512 1 0.4056648612022400
256 512 1 0.3607699275016785
256 512 1 0.4196620285511017
256 512 1 0.3133859336376190
256 512 1 0.4831452071666718
256 512 1 0.4242760837078094
256 512 1 0.4246815443038940
256 512 1 0.4631181359291077
256 512 1 0.4902001917362213
256 512 1 0.4188117086887360
256 512 1 0.2986813485622406
256 512 1 0.4243443608283997
256 512 1 0.3475504219532013
256 512 1 0.3798412382602692
256 512 1 0.4224916100502014
256 512 1 0.4369352757930756
512 4 1 61.5129203796386719
512 4 1 362.0008544921875000
512 4 1 100.1391677856445312
512 4 1 245.1411132812500000
512 4 1 111.3512878417968750
512 4 1 42.7233390808105469
512 4 1 927.2845458984375000
512 4 1 712.8773193359375000
512 4 1 292.4815063476562500
512 4 1 156.2801818847656250
512 4 1 351.3559265136718750
512 4 1 62.7893218994140625
512 4 1 239.6896057128906250
512 4 1 218.9498443603515625
512 4 1 153.4348297119140625
512 4 1 138.5903930664062500
512 4 1 80.7807312011718750
512 4 1 97.1405563354492188
512 4 1 79.9484405517578125
512 4 1 127.7436065673828125
512 4 1 96.1272048950195312
512 4 1 342.4861755371093750
512 4 1 65.6018295288085938
512 4 1 176.5963897705078125
512 4 1 239.8903198242187500
512 4 1 46.9075584411621094
512 4 1 138.5531005859375000
512 4 1 159.6563720703125000
512 4 1 156.5052185058593750
512 4 1 177.3450622558593750
512 4 1 168.7769775390625000
512 4 1 188.8258361816406250
512 4 1 243.6154632568359375
512 4 1 88.0893478393554688
512 4 1 10.6718130111694336
512 4 1 44.2993812561035156
512 4 1 39.2265510559082031
512 4 1 6.4930143356323242
512 4 1 23.6383609771728516
512 4 1 321.1593627929687500
512 4 1 77.2582473754882812
512 4 1 171.7292480468750000
512 4 1 50.8486328125000000
512 4 1 435.3229370117187500
512 4 1 336.0176696777343750
512 4 1 360.2743835449218750
512 4 1 219.1859436035156250
512 4 1 78.5063247680664062
512 4 1 150.7198028564453125
512 4 1 164.7514495849609375
512 4 1 108.2520675659179688
512 4 1 192.0273437500000000
512 4 1 456.0700378417968750
512 4 1 127.9013290405273438
512 4 1 98.9220046997070312
512 4 1 589.5480346679687500
512 4 1 152.9404144287109375
512 4 1 95.8838806152343750
512 4 1 60.5366516113281250
512 4 1 421.5923461914062500
512 4 1 133.5502014160156250
512 4 1 81.7439193725585938
512 4 1 275.0908813476562500
512 4 1 29.2803325653076172
512 4 1 504.4821472167968750
512 4 1 59.5110549926757812
512 4 1 216.8185119628906250
512 4 1 150.2030334472656250
512 4 1 151.3327026367187500
512 4 1 50.9311065673828125
512 4 1 231.3935699462890625
512 4 1 48.9552345275878906
512 4 1 223.8455047607421875
512 4 1 324.9106445312500000
512 4 1 579.2170410156250000
512 4 1 56.5001678466796875
512 4 1 140.8042755126953125
512 4 1 55.2705726623535156
512 4 1 606.2668457031250000
512 4 1 526.8301391601562500
512 4 1 1.4430905580520630
512 4 1 783.2003173828125000
512 4 1 57.8392181396484375
512 4 1 196.7218627929687500
512 4 1 77.6679687500000000
512 4 1 120.2070312500000000
512 4 1 51.0597229003906250
512 4 1 58.6133995056152344
512 4 1 123.5655822753906250
512 4 1 410.7362365722656250
512 4 1 268.3681945800781250
512 4 1 311.7629394531250000
512 4 1 101.5982360839843750
512 4 1 166.5645141601562500
512 4 1 58.1123352050781250
512 4 1 97.4475097656250000
512 4 1 208.0841217041015625
512 4 1 509.5443420410156250
512 4 1 146.3543701171875000
512 4 1 192.9026336669921875
512 8 1 60.4209365844726562
512 8 1 52.3674354553222656
512 8 1 23.8579158782958984
512 8 1 277.7295227050781250
512 8 1 104.2860946655273438
512 8 1 58.9923057556152344
512 8 1 48.5124282836914062
512 8 1 424.5193786621093750
512 8 1 130.2892608642578125
512 8 1 339.0348815917968750
512 8 1 12.7537155151367188
512 8 1 166.2682800292968750
512 8 1 17.5004768371582031
512 8 1 4.9429850578308105
512 8 1 30.9408855438232422
512 8 1 65.6154327392578125
512 8 1 367.3942871093750000
512 8 1 327.1587829589843750
512 8 1 54.8656654357910156
512 8 1 13.2103347778320312
512 8 1 56.6398162841796875
512 8 1 1.1493989229202271
512 8 1 232.0464019775390625
512 8 1 44.7722473144531250
512 8 1 6.9571533203125000
512 8 1 44.0762443542480469
512 8 1 1.2978912591934204
512 8 1 11.9981803894042969
512 8 1 22.3644847869873047
512 8 1 16.1969337463378906
512 8 1 429.5382385253906250
512 8 1 1.7134820222854614
512 8 1 1.5965576171875000
512 8 1 390.2664184570312500
512 8 1 70.1828308105468750
512 8 1 10.3806333541870117
512 8 1 42.7535095214843750
512 8 1 78.6733474731445312
512 8 1 2.4837427139282227
512 8 1 97.7576293945312500
512 8 1 95.5618667602539062
512 8 1 74.9561004638671875
512 8 1 146.8873748779296875
512 8 1 46.6159095764160156
512 8 1 5.0905137062072754
512 8 1 4.2031402587890625
512 8 1 6.6523246765136719
512 8 1 73.2908554077148438
512 8 1 2.6408078670501709
512 8 1 165.9622650146484375
512 8 1 142.9405822753906250
512 8 1 1.3075295686721802
512 8 1 246.3637542724609375
512 8 1 188.8181304931640625
512 8 1 145.9821472167968750
512 8 1 7.9387297630310059
512 8 1 9.0780582427978516
512 8 1 3.4719688892364502
512 8 1 3.4520413875579834
512 8 1 122.9727554321289062
512 8 1 38.8707504272460938
512 8 1 4.0134387016296387
512 8 1 188.1724548339843750
512 8 1 442.5230407714843750
512 8 1 141.7555084228515625
512 8 1 89.8283233642578125
512 8 1 2.4034578800201416
512 8 1 69.5565795898437500
512 8 1 216.0489196777343750
512 8 1 125.3719558715820312
512 8 1 5.8418793678283691
512 8 1 14.8100166320800781
512 8 1 160.5968017578125000
512 8 1 113.7088928222656250
512 8 1 42.0596809387207031
512 8 1 70.0881805419921875
512 8 1 43.1988716125488281
512 8 1 175.6435699462890625
512 8 1 546.5168457031250000
512 8 1 421.2039489746093750
512 8 1 84.6373062133789062
512 8 1 209.1311340332031250
512 8 1 80.2877960205078125
512 8 1 184.3137512207031250
512 8 1 73.1523208618164062
512 8 1 35.2904396057128906
512 8 1 139.8402557373046875
512 8 1 55.0772895812988281
512 8 1 55.3587684631347656
512 8 1 30.8135433197021484
512 8 1 64.1683120727539062
512 8 1 172.6632385253906250
512 8 1 41.0287094116210938
512 8 1 127.7729263305664062
512 8 1 711.0341186523437500
512 8 1 1.3042911291122437
512 8 1 63.2639694213867188
512 8 1 746.0055541992187500
512 8 1 1338.4254150390625000
512 8 1 23.8041973114013672
512 16 1 0.9145132303237915
512 16 1 54.5831680297851562
512 16 1 2.6987302303314209
512 16 1 5.0122170448303223
512 16 1 2.7294867038726807
512 16 1 13.8349943161010742
512 16 1 1.3208662271499634
512 16 1 5.4476060867309570
512 16 1 3.8937180042266846
512 16 1 1.1422839164733887
512 16 1 0.5486208796501160
512 16 1 6.3769207000732422
512 16 1 7.1791362762451172
512 16 1 11.8444604873657227
512 16 1 91.1310958862304688
512 16 1 18.4479618072509766
512 16 1 15.9098768234252930
512 16 1 2.3258023262023926
512 16 1 3.0781879425048828
512 16 1 0.6833556890487671
512 16 1 1.3284382820129395
512 16 1 7.1994953155517578
512 16 1 12.3431587219238281
512 16 1 3.9164006710052490
512 16 1 307.4784240722656250
512 16 1 4.5916066169738770
512 16 1 2.9395577907562256
512 16 1 1.2421542406082153
512 16 1 2.0617387294769287
512 16 1 4.6494393348693848
512 16 1 1.4839377403259277
512 16 1 179.9317016601562500
512 16 1 1.2968639135360718
512 16 1 9.7807435989379883
512 16 1 11.3090820312500000
512 16 1 4.6642518043518066
512 16 1 25.0658817291259766
512 16 1 2.8135416507720947
512 16 1 1.3264105319976807
512 16 1 11.6527881622314453
512 16 1 12.5167894363403320
512 16 1 2.8420345783233643
512 16 1 2.2418386936187744
512 16 1 74.0512466430664062
512 16 1 0.8018351793289185
512 16 1 1.8032064437866211
512 16 1 4.6950087547302246
512 16 1 21.2953338623046875
512 16 1 4.3843288421630859
512 16 1 1.3486477136611938
512 16 1 1.6357058286666870
512 16 1 23.4419441223144531
512 16 1 128.9177856445312500
512 16 1 4.6780991554260254
512 16 1 1.0507042407989502
512 16 1 39.9585838317871094
512 16 1 28.0018291473388672
512 16 1 1.8880292177200317
512 16 1 2.3633072376251221
512 16 1 1.6125171184539795
512 16 1 1.3741945028305054
512 16 1 1.0551551580429077
512 16 1 5.2425866127014160
512 16 1 0.5716128349304199
512 16 1 8.2265357971191406
512 16 1 6.2465095520019531
512 16 1 1.2613319158554077
512 16 1 88.5846405029296875
512 16 1 2.3136866092681885
512 16 1 4.7347502708435059
512 16 1 5.0748882293701172
512 16 1 3.7457916736602783
512 16 1 93.1861648559570312
512 16 1 1.1063941717147827
512 16 1 1.1725037097930908
512 16 1 2.3612375259399414
512 16 1 1.5903670787811279
512 16 1 7.1017866134643555
512 16 1 1.4762536287307739
512 16 1 68.0244216918945312
512 16 1 1.2564716339111328
512 16 1 6.8934063911437988
512 16 1 6.6441435813903809
512 16 1 99.2820587158203125
512 16 1 16.6922245025634766
512 16 1 14.9710445404052734
512 16 1 7.0353932380676270
512 16 1 11.8172740936279297
512 16 1 21.2912216186523438
512 16 1 21.7001094818115234
512 16 1 1.4831874370574951
512 16 1 2.7735280990600586
512 16 1 13.0497751235961914
512 16 1 1.3998445272445679
512 16 1 61.5857620239257812
512 16 1 7.7977623939514160
512 16 1 14.2498083114624023
512 16 1 0.7964442372322083
512 16 1 1.7518926858901978
512 16 1 122.5525207519531250
512 32 1 1.3508353233337402
512 32 1 1.2609832286834717
512 32 1 1.4540171623229980
512 32 1 2.5184240341186523
512 32 1 2.8690536022186279
512 32 1 0.8503488898277283
512 32 1 1.2442992925643921
512 32 1 1.3542283773422241
512 32 1 1.6184231042861938
512 32 1 0.8958324193954468
512 32 1 2.4247591495513916
512 32 1 1.7180994749069214
512 32 1 1.4786818027496338
512 32 1 1.1519029140472412
512 32 1 0.8111525774002075
512 32 1 1.3287558555603027
512 32 1 1.1207963228225708
512 32 1 0.4767652750015259
512 32 1 1.7059215307235718
512 32 1 1.1722723245620728
512 32 1 1.6006311178207397
512 32 1 0.9278410077095032
512 32 1 0.8922302126884460
512 32 1 1.4038876295089722
512 32 1 1.1823567152023315
512 32 1 2.2861695289611816
512 32 1 1.9392347335815430
512 32 1 2.0270798206329346
512 32 1 2.5411925315856934
512 32 1 0.7087985873222351
512 32 1 0.8133783936500549
512 32 1 0.8440179228782654
512 32 1 1.5698469877243042
512 32 1 0.6651380062103271
512 32 1 0.8052131533622742
512 32 1 1.6116170883178711
512 32 1 0.9553557634353638
512 32 1 1.5906929969787598
512 32 1 1.0876948833465576
512 32 1 1.7486982345581055
512 32 1 1.2050879001617432
512 32 1 0.9381803274154663
512 32 1 1.1039804220199585
512 32 1 0.6788614392280579
512 32 1 2.7131459712982178
512 32 1 0.7396202087402344
512 32 1 0.3943597078323364
512 32 1 1.9106985330581665
512 32 1 0.9475259184837341
512 32 1 0.7898151874542236
512 32 1 1.0419456958770752
512 32 1 0.9612623453140259
512 32 1 1.5379528999328613
512 32 1 0.4555201828479767
512 32 1 0.9344640970230103
512 32 1 0.6688379645347595
512 32 1 0.8524038195610046
512 32 1 1.1125968694686890
512 32 1 2.1553299427032471
512 32 1 2.4008653163909912
512 32 1 0.4456773400306702
512 32 1 1.0903992652893066
512 32 1 0.9576631784439087
512 32 1 1.4347311258316040
512 32 1 1.6973013877868652
512 32 1 0.5407555103302002
512 32 1 1.9505548477172852
512 32 1 0.7655514478683472
512 32 1 0.9065235853195190
512 32 1 0.5747296810150146
512 32 1 0.6185950636863708
512 32 1 1.8542840480804443
512 32 1 1.5197243690490723
512 32 1 1.2914955615997314
512 32 1 0.7711939811706543
512 32 1 1.3682905435562134
512 32 1 1.1349613666534424
512 32 1 1.9010690450668335
512 32 1 1.2160280942916870
512 32 1 0.4226776957511902
512 32 1 0.7914803028106689
512 32 1 0.9240868091583252
512 32 1 1.1951522827148438
512 32 1 1.0350518226623535
512 32 1 0.7178735136985779
512 32 1 0.7160233855247498
512 32 1 1.5037559270858765
512 32 1 1.9063606262207031
512 32 1 2.5326859951019287
512 32 1 1.3200018405914307
512 32 1 1.2014671564102173
512 32 1 1.3153320550918579
512 32 1 1.1166254281997681
512 32 1 1.2055439949035645
512 32 1 1.0414565801620483
512 32 1 1.0551145076751709
512 32 1 1.3461505174636841
512 32 1 1.1917603015899658
512 32 1 1.6388287544250488
512 32 1 2.3166267871856689
512 64 1 0.6820834279060364
512 64 1 0.5647937059402466
512 64 1 0.6844256520271301
512 64 1 1.5925199985504150
512 64 1 0.4444851577281952
512 64 1 0.5198855996131897
512 64 1 0.4104337394237518
512 64 1 0.7493776082992554
512 64 1 0.5527811646461487
512 64 1 0.5128823518753052
512 64 1 1.1450891494750977
512 64 1 0.5541282892227173
512 64 1 0.7657844424247742
512 64 1 0.9534227848052979
512 64 1 0.7115466594696045
512 64 1 0.7769277095794678
512 64 1 0.5992655754089355
512 64 1 0.7390612959861755
512 64 1 0.5986495018005371
512 64 1 0.4811189770698547
512 64 1 0.6616510748863220
512 64 1 0.5468476414680481
512 64 1 0.8189478516578674
512 64 1 0.6967485547065735
512 64 1 0.5473558306694031
512 64 1 0.6725709438323975
512 64 1 0.4322274029254913
512 64 1 0.7840049862861633
512 64 1 0.6054379940032959
512 64 1 0.9244905710220337
512 64 1 0.7744781374931335
512 64 1 0.8776789307594299
512 64 1 1.5036381483078003
512 64 1 0.8586837053298950
512 64 1 0.5807197093963623
512 64 1 0.7750183939933777
512 64 1 0.5551314949989319
512 64 1 0.7050588726997375
512 64 1 0.5067411661148071
512 64 1 0.4333746731281281
512 64 1 0.7479506731033325
512 64 1 0.7262738943099976
512 64 1 0.8750939369201660
512 64 1 0.8941707015037537
512 64 1 1.0482285022735596
512 64 1 0.5506780743598938
512 64 1 0.4605188369750977
512 64 1 0.8161338567733765
512 64 1 0.5450865626335144
512 64 1 0.4394144713878632
512 64 1 1.0596021413803101
512 64 1 0.5385043025016785
512 64 1 0.5189767479896545
512 64 1 0.7804175615310669
512 64 1 0.8244585990905762
512 64 1 0.5136344432830811
512 64 1 0.4834162592887878
512 64 1 1.2144560813903809
512 64 1 0.5665210485458374
512 64 1 0.6412623524665833
512 64 1 0.4569911658763885
512 64 1 0.6355845928192139
512 64 1 0.5292214751243591
512 64 1 0.4697836041450500
512 64 1 0.4572812318801880
512 64 1 0.7874979972839355
512 64 1 0.5587844848632812
512 64 1 0.6233685612678528
512 64 1 0.4591413438320160
512 64 1 1.1482064723968506
512 64 1 0.5337076187133789
512 64 1 0.9416671991348267
512 64 1 0.7304964661598206
512 64 1 0.4627181291580200
512 64 1 0.6833904385566711
512 64 1 0.6153378486633301
512 64 1 1.7071571350097656
512 64 1 1.0446963310241699
512 64 1 0.6627396345138550
512 64 1 0.7234573364257812
512 64 1 0.7996395826339722
512 64 1 0.6078809499740601
512 64 1 0.6951321363449097
512 64 1 0.9815286993980408
512 64 1 0.4790685176849365
512 64 1 1.1460835933685303
512 64 1 0.8562500476837158
512 64 1 0.8855375051498413
512 64 1 0.5402871966362000
512 64 1 0.5279082655906677
512 64 1 0.4999133944511414
512 64 1 0.8635063171386719
512 64 1 0.6555224061012268
512 64 1 0.6763036251068115
512 64 1 0.8131266832351685
512 64 1 1.2937420606613159
512 64 1 0.6687549352645874
512 64 1 0.4455636739730835
512 64 1 1.1795537471771240
512 64 1 0.4347456097602844
512 128 1 0.5779075026512146
512 128 1 0.4656872153282166
512 128 1 0.4617663919925690
512 128 1 0.4946087598800659
512 128 1 0.5460820198059082
512 128 1 0.6274639964103699
512 128 1 0.4400812387466431
512 128 1 0.7224215865135193
512 128 1 0.4582399725914001
512 128 1 0.4515911936759949
512 128 1 0.3556897640228271
512 128 1 0.4690064489841461
512 128 1 0.4889041781425476
512 128 1 0.7056071758270264
512 128 1 0.4751912057399750
512 128 1 0.2556115090847015
512 128 1 0.5054565668106079
512 128 1 0.3451313376426697
512 128 1 0.3587495386600494
512 128 1 0.4654097259044647
512 128 1 0.3765077888965607
512 128 1 0.5253302454948425
512 128 1 0.4240847826004028
512 128 1 0.4689396917819977
512 128 1 0.4929198026657104
512 128 1 0.6174308061599731
512 128 1 0.4715569317340851
512 128 1 0.4807923138141632
512 128 1 0.4958083331584930
512 128 1 0.5334092974662781
512 128 1 0.4758707284927368
512 128 1 0.3832264840602875
512 128 1 0.5330746173858643
512 128 1 0.5374255180358887
512 128 1 0.4347832500934601
512 128 1 0.5892645716667175
512 128 1 0.5406126379966736
512 128 1 0.3613966405391693
512 128 1 0.4407204389572144
512 128 1 0.4008250534534454
512 128 1 0.3411551713943481
512 128 1 0.4118115901947021
512 128 1 0.4702275991439819
512 128 1 0.3442275226116180
512 128 1 0.6015380620956421
512 128 1 0.4002014994621277
512 128 1 0.3885846734046936
512 128 1 0.5121634006500244
512 128 1 0.4284738898277283
512 128 1 0.3485246300697327
512 128 1 0.4877924025058746
512 128 1 0.3751889169216156
512 128 1 0.4779146313667297
512 128 1 0.6032429337501526
512 128 1 0.5262361764907837
512 128 1 0.6299059987068176
512 128 1 0.4436188936233521
512 128 1 0.4632838368415833
512 128 1 0.4649581015110016
512 128 1 0.5134119987487793
512 128 1 0.4738481044769287
512 128 1 0.7002986669540405
512 128 1 0.5922781825065613
512 128 1 0.5903615951538086
512 128 1 0.4401403069496155
512 128 1 0.5614143610000610
512 128 1 0.6080155968666077
512 128 1 0.3698624670505524
512 128 1 0.4501039981842041
512 128 1 0.5846647024154663
512 128 1 0.6213659048080444
512 128 1 0.4126112461090088
512 128 1 0.5370237827301025
512 128 1 0.5439415574073792
512 128 1 0.4302325546741486
512 128 1 0.6665061712265015
512 128 1 0.4757582545280457
512 128 1 0.7118729948997498
512 128 1 0.4651402533054352
512 128 1 0.4047701358795166
512 128 1 0.4783966839313507
512 128 1 0.3240928649902344
512 128 1 0.6114751696586609
512 128 1 0.3017306029796600
512 128 1 0.4550756812095642
512 128 1 0.6195138692855835
512 128 1 0.6439742445945740
512 128 1 0.3925432264804840
512 128 1 0.6048160791397095
512 128 1 0.3225767612457275
512 128 1 0.4303230345249176
512 128 1 0.4703628122806549
512 128 1 0.3956621885299683
512 128 1 0.5158854126930237
512 128 1 0.4741303622722626
512 128 1 0.5229265689849854
512 128 1 0.8253582715988159
512 128 1 0.5809469819068909
512 128 1 0.4746991395950317
512 128 1 0.5373173356056213
512 256 1 0.3655487298965454
512 256 1 0.2906270623207092
512 256 1 0.3817340731620789
512 256 1 0.3354998528957367
512 256 1 0.4830074608325958
512 256 1 0.5032746791839600
512 256 1 0.3773128986358643
512 256 1 0.3854119181632996
512 256 1 0.3684814572334290
512 256 1 0.3231676816940308
512 256 1 0.5170996785163879
512 256 1 0.4580870568752289
512 256 1 0.2966951429843903
512 256 1 0.4407592117786407
512 256 1 0.4238665401935577
512 256 1 0.3356285393238068
512 256 1 0.4109046161174774
512 256 1 0.4547400772571564
512 256 1 0.3661711513996124
512 256 1 0.4033884406089783
512 256 1 0.4009455442428589
512 256 1 0.3485705554485321
512 256 1 0.6163675785064697
512 256 1 0.5986381769180298
512 256 1 0.3874177038669586
512 256 1 0.4706995487213135
512 256 1 0.3508652448654175
512 256 1 0.3792110681533813
512 256 1 0.4533921182155609
512 256 1 0.3536909222602844
512 256 1 0.3349539935588837
512 256 1 0.3997131586074829
512 256 1 0.4074351787567139
512 256 1 0.2920332849025726
512 256 1 0.3903755843639374
512 256 1 0.4830662608146667
512 256 1 0.3516064882278442
512 256 1 0.3980709016323090
512 256 1 0.3032312989234924
512 256 1 0.2811583578586578
512 256 1 0.4410186409950256
512 256 1 0.4564643800258636
512 256 1 0.3755314648151398
512 256 1 0.5162174701690674
512 256 1 0.3431249260902405
512 256 1 0.4053802192211151
512 256 1 0.3255946040153503
512 256 1 0.4794909954071045
512 256 1 0.3261371552944183
512 256 1 0.3479076623916626
512 256 1 0.3840682208538055
512 256 1 0.4043805301189423
512 256 1 0.4525870978832245
512 256 1 0.3632130026817322
512 256 1 0.2923643887042999
512 256 1 0.4260082244873047
512 256 1 0.5481069087982178
512 256 1 0.4153158664703369
512 256 1 0.4161137640476227
512 256 1 0.5079652667045593
512 256 1 0.3159902095794678
512 256 1 0.4948899447917938
512 256 1 0.4123190939426422
512 256 1 0.4312441349029541
512 256 1 0.5461794137954712
512 256 1 0.4059258699417114
512 256 1 0.5054443478584290
512 256 1 0.3926436603069305
512 256 1 0.4273577034473419
512 256 1 0.3260191679000854
512 256 1 0.4688388109207153
512 256 1 0.3571746349334717
512 256 1 0.3723224699497223
512 256 1 0.3260239660739899
512 256 1 0.2498820424079895
512 256 1 0.4014701843261719
512 256 1 0.4880611896514893
512 256 1 0.3211826682090759
512 256 1 0.3377167582511902
512 256 1 0.4799456000328064
512 256 1 0.3482185602188110
512 256 1 0.3667085170745850
512 256 1 0.3490067720413208
512 256 1 0.4438976049423218
512 256 1 0.3836986422538757
512 256 1 0.4705786108970642
512 256 1 0.3675094544887543
512 256 1 0.4706923663616180
512 256 1 0.4807320535182953
512 256 1 0.5347767472267151
512 256 1 0.5606315732002258
512 256 1 0.5085195302963257
512 256 1 0.4132322967052460
512 256 1 0.3417601287364960
512 256 1 0.3784572184085846
512 256 1 0.3310917317867279
512 256 1 0.3571020364761353
512 256 1 0.3420979380607605
512 256 1 0.3656076788902283
512 256 1 0.3227076232433319
512 512 1 0.3273779153823853
512 512 1 0.2539629340171814
512 512 1 0.4173380136489868
512 512 1 0.3745740950107574
512 512 1 0.2752301394939423
512 512 1 0.3488543033599854
512 512 1 0.3684038817882538
512 512 1 0.3411082923412323
512 512 1 0.3461021482944489
512 512 1 0.3947906792163849
512 512 1 0.3739795684814453
512 512 1 0.4769433736801147
512 512 1 0.3710356950759888
512 512 1 0.4073193371295929
512 512 1 0.3853327035903931
512 512 1 0.3258030414581299
512 512 1 0.3200984597206116
512 512 1 0.3277678191661835
512 512 1 0.3858030438423157
512 512 1 0.3618045747280121
512 512 1 0.3378275930881500
512 512 1 0.3429395556449890
512 512 1 0.3580604791641235
512 512 1 0.3733814358711243
512 512 1 0.3726400434970856
512 512 1 0.3325695395469666
512 512 1 0.3722338080406189
512 512 1 0.3359666168689728
512 512 1 0.3407494425773621
512 512 1 0.3032769262790680
512 512 1 0.3366878032684326
512 512 1 0.3119472563266754
512 512 1 0.3290697038173676
512 512 1 0.3329922556877136
512 512 1 0.3773313462734222
512 512 1 0.4265379309654236
512 512 1 0.3304758071899414
512 512 1 0.3434269428253174
512 512 1 0.3640955388545990
512 512 1 0.3512432575225830
512 512 1 0.3406005799770355
512 512 1 0.3531142771244049
512 512 1 0.3049635291099548
512 512 1 0.3915345370769501
512 512 1 0.2969465553760529
512 512 1 0.3640825152397156
512 512 1 0.3458727002143860
512 512 1 0.4427836537361145
512 512 1 0.3373177647590637
512 512 1 0.3578914999961853
512 512 1 0.3190182149410248
512 512 1 0.3921884596347809
512 512 1 0.2358270287513733
512 512 1 0.2843386530876160
512 512 1 0.3204431831836700
512 512 1 0.2809032499790192
512 512 1 0.3226327896118164
512 512 1 0.3668169081211090
512 512 1 0.3627815246582031
512 512 1 0.3597813844680786
512 512 1 0.3557839691638947
512 512 1 0.3529692888259888
512 512 1 0.2856185436248779
512 512 1 0.3568195104598999
512 512 1 0.4160239100456238
512 512 1 0.3909373581409454
512 512 1 0.3278972208499908
512 512 1 0.3133129477500916
512 512 1 0.3348347544670105
512 512 1 0.2959336042404175
512 512 1 0.3504949212074280
512 512 1 0.2544218003749847
512 512 1 0.4285627603530884
512 512 1 0.3788948953151703
512 512 1 0.3514685034751892
512 512 1 0.3587059676647186
512 512 1 0.3028747439384460
512 512 1 0.3532506227493286
512 512 1 0.3158816397190094
512 512 1 0.3337265849113464
512 512 1 0.3060940802097321
512 512 1 0.3722409307956696
512 512 1 0.3314290344715118
512 512 1 0.3455471694469452
512 512 1 0.3979504704475403
512 512 1 0.3399013280868530
512 512 1 0.3885326683521271
512 512 1 0.4275969564914703
512 512 1 0.3231031000614166
512 512 1 0.3825159966945648
512 512 1 0.3540759384632111
512 512 1 0.2496033459901810
512 512 1 0.3400532007217407
512 512 1 0.2796334922313690
512 512 1 0.3046896457672119
512 512 1 0.4243197739124298
512 512 1 0.3528709113597870
512 512 1 0.3017911016941071
512 512 1 0.3126006424427032
512 512 1 0.3647934794425964
1024 4 1 665.3210449218750000
1024 4 1 166.1612091064453125
1024 4 1 487.4060974121093750
1024 4 1 168.1684417724609375
1024 4 1 721.8739624023437500
1024 4 1 181.5142211914062500
1024 4 1 116.8560638427734375
1024 4 1 39.7158355712890625
1024 4 1 192.8763427734375000
1024 4 1 192.6804351806640625
1024 4 1 46.4612312316894531
1024 4 1 91.2026596069335938
1024 4 1 44.8817596435546875
1024 4 1 124.2158584594726562
1024 4 1 304.1076049804687500
1024 4 1 259.1743469238281250
1024 4 1 948.6119384765625000
1024 4 1 502.1569519042968750
1024 4 1 54.6614990234375000
1024 4 1 195.3199157714843750
1024 4 1 297.8582763671875000
1024 4 1 53.9889488220214844
1024 4 1 282.1059265136718750
1024 4 1 328.9581298828125000
1024 4 1 588.6392822265625000
1024 4 1 61.3805580139160156
1024 4 1 61.8121109008789062
1024 4 1 36.7715759277343750
1024 4 1 124.6788940429687500
1024 4 1 97.5797195434570312
1024 4 1 154.6595764160156250
1024 4 1 98.4220581054687500
1024 4 1 108.9146423339843750
1024 4 1 65.0148620605468750
1024 4 1 104.1744689941406250
1024 4 1 71.9436798095703125
1024 4 1 103.2678833007812500
1024 4 1 129.1130218505859375
1024 4 1 425.5676879882812500
1024 4 1 165.3893432617187500
1024 4 1 248.4986267089843750
1024 4 1 33.2980804443359375
1024 4 1 331.1279602050781250
1024 4 1 370.8139038085937500
1024 4 1 129.9382171630859375
1024 4 1 91.5414276123046875
1024 4 1 77.8899383544921875
1024 4 1 82.0503234863281250
1024 4 1 102.4482040405273438
1024 4 1 44.1422653198242188
1024 4 1 29.6458587646484375
1024 4 1 244.7340850830078125
1024 4 1 80.9455261230468750
1024 4 1 103.5236816406250000
1024 4 1 24.9285011291503906
1024 4 1 453.8386840820312500
1024 4 1 490.7255859375000000
1024 4 1 58.6102256774902344
1024 4 1 54.9836921691894531
1024 4 1 255.2056274414062500
1024 4 1 108.0694732666015625
1024 4 1 239.3619689941406250
1024 4 1 101.6419219970703125
1024 4 1 516.1766967773437500
1024 4 1 151.5851898193359375
1024 4 1 104.6491241455078125
1024 4 1 311.2593078613281250
1024 4 1 109.4673156738281250
1024 4 1 445.3493652343750000
1024 4 1 145.1612243652343750
1024 4 1 118.5733795166015625
1024 4 1 161.3597564697265625
1024 4 1 35.2703475952148438
1024 4 1 521.0363159179687500
1024 4 1 130.0485839843750000
1024 4 1 268.5888977050781250
1024 4 1 116.5720825195312500
1024 4 1 15.8040466308593750
1024 4 1 211.3214721679687500
1024 4 1 87.0880661010742188
1024 4 1 128.6098022460937500
1024 4 1 33.3090820312500000
1024 4 1 211.9813537597656250
1024 4 1 101.6941986083984375
1024 4 1 81.5492477416992188
1024 4 1 153.5644683837890625
1024 4 1 363.8329162597656250
1024 4 1 192.5720825195312500
1024 4 1 133.4055938720703125
1024 4 1 149.6039886474609375
1024 4 1 15.8496122360229492
1024 4 1 92.4158706665039062
1024 4 1 292.0340576171875000
1024 4 1 404.5858459472656250
1024 4 1 235.7138214111328125
1024 4 1 299.0247802734375000
1024 4 1 139.5798187255859375
1024 4 1 365.2961730957031250
1024 4 1 470.0860595703125000
1024 4 1 2.4913485050201416
1024 8 1 57.7549057006835938
1024 8 1 10.6471776962280273
1024 8 1 40.9991149902343750
1024 8 1 1.5745460987091064
1024 8 1 4.9474773406982422
1024 8 1 20.2519378662109375
1024 8 1 267.7613525390625000
1024 8 1 64.6733856201171875
1024 8 1 296.6318664550781250
1024 8 1 132.1954040527343750
1024 8 1 240.7585754394531250
1024 8 1 4.9337630271911621
1024 8 1 175.2886962890625000
1024 8 1 201.2220916748046875
1024 8 1 41.1068344116210938
1024 8 1 168.9419555664062500
1024 8 1 152.9504089355468750
1024 8 1 0.9130228161811829
1024 8 1 379.6979370117187500
1024 8 1 104.0264587402343750
1024 8 1 8.1460151672363281
1024 8 1 21.6587524414062500
1024 8 1 266.9623107910156250
1024 8 1 67.7338027954101562
1024 8 1 85.6966781616210938
1024 8 1 68.2559204101562500
1024 8 1 3.0821416378021240
1024 8 1 2.9916121959686279
1024 8 1 48.3532142639160156
1024 8 1 1.3239588737487793
1024 8 1 229.7400817871093750
1024 8 1 2.1614258289337158
1024 8 1 512.0241088867187500
1024 8 1 267.8318481445312500
1024 8 1 112.9521408081054688
1024 8 1 4.2206029891967773
1024 8 1 185.4824218750000000
1024 8 1 233.3552551269531250
1024 8 1 281.4594421386718750
1024 8 1 95.3311538696289062
1024 8 1 46.1992034912109375
1024 8 1 55.6970329284667969
1024 8 1 2.2757418155670166
1024 8 1 2.1190950870513916
1024 8 1 2.2998683452606201
1024 8 1 13.9429664611816406
1024 8 1 25.0808124542236328
1024 8 1 167.8872985839843750
1024 8 1 23.0133571624755859
1024 8 1 93.1593780517578125
1024 8 1 16.0727462768554688
1024 8 1 4.8940906524658203
1024 8 1 142.6823272705078125
1024 8 1 448.9305725097656250
1024 8 1 3.6886997222900391
1024 8 1 57.6836776733398438
1024 8 1 183.0586547851562500
1024 8 1 457.4852294921875000
1024 8 1 1.3311624526977539
1024 8 1 3.9598417282104492
1024 8 1 59.5443611145019531
1024 8 1 4.6719169616699219
1024 8 1 440.0215148925781250
1024 8 1 115.1320571899414062
1024 8 1 102.8292541503906250
1024 8 1 280.5439453125000000
1024 8 1 177.2308654785156250
1024 8 1 143.1445159912109375
1024 8 1 131.8803863525390625
1024 8 1 199.7825317382812500
1024 8 1 52.0821571350097656
1024 8 1 282.6618347167968750
1024 8 1 4.8697414398193359
1024 8 1 20.9290351867675781
1024 8 1 515.7327270507812500
1024 8 1 3.9514639377593994
1024 8 1 67.8690719604492188
1024 8 1 175.7962493896484375
1024 8 1 76.7069015502929688
1024 8 1 362.2907104492187500
1024 8 1 313.3070983886718750
1024 8 1 14.3594093322753906
1024 8 1 234.3208618164062500
1024 8 1 11.0904664993286133
1024 8 1 74.0515213012695312
1024 8 1 2.0902051925659180
1024 8 1 139.5465087890625000
1024 8 1 76.5208740234375000
1024 8 1 45.9592857360839844
1024 8 1 13.4113903045654297
1024 8 1 305.0802612304687500
1024 8 1 301.6798095703125000
1024 8 1 55.8673973083496094
1024 8 1 54.8034667968750000
1024 8 1 8.0323410034179688
1024 8 1 83.1599578857421875
1024 8 1 55.4346580505371094
1024 8 1 17.4677753448486328
1024 8 1 176.1414642333984375
1024 8 1 295.0420532226562500
1024 16 1 3.1318247318267822
1024 16 1 0.6593029499053955
1024 16 1 2.8375551700592041
1024 16 1 0.6321538686752319
1024 16 1 2.8718183040618896
1024 16 1 2.0370545387268066
1024 16 1 14.6062564849853516
1024 16 1 1.1276850700378418
1024 16 1 8.4638471603393555
1024 16 1 8.8068666458129883
1024 16 1 4.2051820755004883
1024 16 1 0.9373912215232849
1024 16 1 1.1143748760223389
1024 16 1 3.8430037498474121
1024 16 1 1.1597188711166382
1024 16 1 0.8931598663330078
1024 16 1 22.7716560363769531
1024 16 1 2.0357384681701660
1024 16 1 5.9779944419860840
1024 16 1 0.4454488754272461
1024 16 1 1.0023922920227051
1024 16 1 1.6729010343551636
1024 16 1 0.7051238417625427
1024 16 1 0.9262217879295349
1024 16 1 4.0941953659057617
1024 16 1 1.5397127866744995
1024 16 1 15.2322740554809570
1024 16 1 2.8905944824218750
1024 16 1 1.5084052085876465
1024 16 1 1.3388575315475464
1024 16 1 3.9131240844726562
1024 16 1 1.1752525568008423
1024 16 1 6.3964085578918457
1024 16 1 0.9073185920715332
1024 16 1 4.9046440124511719
1024 16 1 10.9362497329711914
1024 16 1 9.8683204650878906
1024 16 1 170.8291625976562500
1024 16 1 21.8823471069335938
1024 16 1 2.0040283203125000
1024 16 1 0.8509141802787781
1024 16 1 7.2530627250671387
1024 16 1 27.9423198699951172
1024 16 1 0.7418208122253418
1024 16 1 1.7254184484481812
1024 16 1 3.5384302139282227
1024 16 1 1.3697544336318970
1024 16 1 0.8753243088722229
1024 16 1 2.1408207416534424
1024 16 1 1.0422286987304688
1024 16 1 2.2615461349487305
1024 16 1 0.6316301822662354
1024 16 1 38.7569503784179688
1024 16 1 0.6141370534896851
1024 16 1 6.8715081214904785
1024 16 1 3.2242701053619385
1024 16 1 0.6426888108253479
1024 16 1 1.1261723041534424
1024 16 1 2.2592439651489258
1024 16 1 1.5092959403991699
1024 16 1 0.8889418244361877
1024 16 1 23.2722663879394531
1024 16 1 1.1347815990447998
1024 16 1 0.7675904631614685
1024 16 1 1.6840715408325195
1024 16 1 2.5162143707275391
1024 16 1 1.3081142902374268
1024 16 1 1.5041232109069824
1024 16 1 2.6409254074096680
1024 16 1 0.9523075819015503
1024 16 1 3.5091478824615479
1024 16 1 1.4208958148956299
1024 16 1 16.6426582336425781
1024 16 1 3.2287075519561768
1024 16 1 0.6498445868492126
1024 16 1 17.4147911071777344
1024 16 1 3.7838723659515381
1024 16 1 0.9435724020004272
1024 16 1 1.5936422348022461
1024 16 1 5.9275989532470703
1024 16 1 14.9766349792480469
1024 16 1 157.3453979492187500
1024 16 1 3.3266184329986572
1024 16 1 18.5826454162597656
1024 16 1 0.8421602845191956
1024 16 1 0.9460577368736267
1024 16 1 0.9180144667625427
1024 16 1 14.8112001419067383
1024 16 1 14.0376939773559570
1024 16 1 7.5793604850769043
1024 16 1 0.5413858294487000
1024 16 1 5.0863366127014160
1024 16 1 1.0404191017150879
1024 16 1 1.4943979978561401
1024 16 1 0.8557828664779663
1024 16 1 1.4677488803863525
1024 16 1 16.2045402526855469
1024 16 1 2.8551740646362305
1024 16 1 1.4947233200073242
1024 16 1 7.8532733917236328
1024 32 1 1.3424158096313477
1024 32 1 0.8733929991722107
1024 32 1 0.9865405559539795
1024 32 1 0.9916914105415344
1024 32 1 0.7289329767227173
1024 32 1 1.6394022703170776
1024 32 1 1.2621721029281616
1024 32 1 1.0676251649856567
1024 32 1 1.0533211231231689
1024 32 1 1.5586488246917725
1024 32 1 1.8697607517242432
1024 32 1 0.8340476155281067
1024 32 1 0.5375169515609741
1024 32 1 0.9790077209472656
1024 32 1 0.7776683568954468
1024 32 1 0.8999862074851990
1024 32 1 0.6857665181159973
1024 32 1 1.1284816265106201
1024 32 1 0.6548317074775696
1024 32 1 0.7114956378936768
1024 32 1 0.3614656031131744
1024 32 1 0.8692408204078674
1024 32 1 0.4055095613002777
1024 32 1 1.1070981025695801
1024 32 1 1.2691922187805176
1024 32 1 0.6134704947471619
1024 32 1 1.0350272655487061
1024 32 1 0.9716399312019348
1024 32 1 0.6280747056007385
1024 32 1 0.9050341248512268
1024 32 1 0.3993999361991882
1024 32 1 0.9484754204750061
1024 32 1 0.8488929867744446
1024 32 1 2.4491457939147949
1024 32 1 0.6281307339668274
1024 32 1 0.5520976781845093
1024 32 1 1.8597826957702637
1024 32 1 0.7059397101402283
1024 32 1 0.7112742662429810
1024 32 1 0.5148459076881409
1024 32 1 0.6624117493629456
1024 32 1 1.0222319364547729
1024 32 1 0.7340318560600281
1024 32 1 0.6266285777091980
1024 32 1 1.0775314569473267
1024 32 1 0.9977089762687683
1024 32 1 1.3301379680633545
1024 32 1 0.5846024155616760
1024 32 1 0.3608609437942505
1024 32 1 0.3744902312755585
1024 32 1 1.9041024446487427
1024 32 1 1.1729767322540283
1024 32 1 0.8211953043937683
1024 32 1 0.5167983770370483
1024 32 1 0.8131642341613770
1024 32 1 0.8916519284248352
1024 32 1 0.9517555832862854
1024 32 1 0.8957051634788513
1024 32 1 0.6131414771080017
1024 32 1 0.8508150577545166
1024 32 1 0.8364590406417847
1024 32 1 0.5461675524711609
1024 32 1 1.1738213300704956
1024 32 1 0.5413899421691895
1024 32 1 0.8081136345863342
1024 32 1 0.6490686535835266
1024 32 1 0.5966587662696838
1024 32 1 1.3910537958145142
1024 32 1 0.8638575077056885
1024 32 1 0.5512248873710632
1024 32 1 1.2547262907028198
1024 32 1 1.0916351079940796
1024 32 1 1.4776016473770142
1024 32 1 0.7708748579025269
1024 32 1 0.7315043807029724
1024 32 1 1.0922291278839111
1024 32 1 0.9277738928794861
1024 32 1 3.7840292453765869
1024 32 1 0.5460731387138367
1024 32 1 1.5340501070022583
1024 32 1 0.7485932111740112
1024 32 1 1.6641402244567871
1024 32 1 1.3990867137908936
1024 32 1 0.5990086793899536
1024 32 1 0.6739570498466492
1024 32 1 2.1060440540313721
1024 32 1 1.1087369918823242
1024 32 1 2.3402202129364014
1024 32 1 0.7632374763488770
1024 32 1 0.6024779677391052
1024 32 1 1.1980614662170410
1024 32 1 1.0254405736923218
1024 32 1 1.5543860197067261
1024 32 1 0.6705954074859619
1024 32 1 1.2299151420593262
1024 32 1 0.5656259655952454
1024 32 1 1.0504386425018311
1024 32 1 3.7861177921295166
1024 32 1 0.5932856202125549
1024 32 1 1.0857688188552856
1024 64 1 0.4837400317192078
1024 64 1 0.4435238540172577
1024 64 1 0.3738586008548737
1024 64 1 0.7178500890731812
1024 64 1 0.7291758656501770
1024 64 1 0.3785763680934906
1024 64 1 0.4608954489231110
1024 64 1 0.5980248451232910
1024 64 1 0.5545055270195007
1024 64 1 0.7509948015213013
1024 64 1 0.3994496166706085
1024 64 1 0.3458584547042847
1024 64 1 0.4476244747638702
1024 64 1 0.4042298495769501
1024 64 1 0.6255125999450684
1024 64 1 0.6631039977073669
1024 64 1 0.6423809528350830
1024 64 1 0.5818457603454590
1024 64 1 0.8136420249938965
1024 64 1 0.8374242186546326
1024 64 1 0.4451596140861511
1024 64 1 0.6852787733078003
1024 64 1 0.5819589495658875
1024 64 1 0.3235558271408081
1024 64 1 0.5085427165031433
1024 64 1 0.4682587385177612
1024 64 1 0.7023963928222656
1024 64 1 0.5907578468322754
1024 64 1 0.3491042852401733
1024 64 1 0.4963774383068085
1024 64 1 0.8055374622344971
1024 64 1 0.5772576332092285
1024 64 1 0.5389509797096252
1024 64 1 0.4927669465541840
1024 64 1 0.5548650622367859
1024 64 1 0.7959899902343750
1024 64 1 0.6596079468727112
1024 64 1 0.4619377255439758
1024 64 1 0.8987671136856079
1024 64 1 0.7754186391830444
1024 64 1 0.6534483432769775
1024 64 1 0.5775657296180725
1024 64 1 0.4723934829235077
1024 64 1 0.5446463823318481
1024 64 1 0.5132639408111572
1024 64 1 0.5139709711074829
1024 64 1 0.6250460743904114
1024 64 1 0.3952626883983612
1024 64 1 0.5971366167068481
1024 64 1 0.4615299701690674
1024 64 1 0.9262775182723999
1024 64 1 0.7672451734542847
1024 64 1 0.4912835359573364
1024 64 1 0.4672126471996307
1024 64 1 0.6189625263214111
1024 64 1 0.5161942243576050
1024 64 1 1.0457756519317627
1024 64 1 0.5273460149765015
1024 64 1 0.4745796918869019
1024 64 1 0.4885831475257874
1024 64 1 0.5370868444442749
1024 64 1 0.8143919110298157
1024 64 1 0.7704871296882629
1024 64 1 0.4967468380928040
1024 64 1 0.5813376307487488
1024 64 1 0.5648695826530457
1024 64 1 0.6295398473739624
1024 64 1 0.3735245466232300
1024 64 1 0.6702575683593750
1024 64 1 0.4568460583686829
1024 64 1 0.4114025831222534
1024 64 1 0.6581935882568359
1024 64 1 0.5539585947990417
1024 64 1 0.6295875310897827
1024 64 1 0.6517441272735596
1024 64 1 0.9900774955749512
1024 64 1 0.5341777205467224
1024 64 1 0.5954601168632507
1024 64 1 0.4373724460601807
1024 64 1 0.9236422777175903
1024 64 1 0.5758103728294373
1024 64 1 0.7103326320648193
1024 64 1 0.5734415650367737
1024 64 1 0.5416288375854492
1024 64 1 0.4289596676826477
1024 64 1 0.4849134683609009
1024 64 1 0.7867519855499268
1024 64 1 0.6336790323257446
1024 64 1 0.6348554491996765
1024 64 1 0.4349019229412079
1024 64 1 0.3963888883590698
1024 64 1 0.6791591048240662
1024 64 1 0.4843422770500183
1024 64 1 0.3357968926429749
1024 64 1 0.4899100959300995
1024 64 1 0.6856845617294312
1024 64 1 0.5143036246299744
1024 64 1 0.9766337871551514
1024 64 1 0.4645735621452332
1024 64 1 0.4908941686153412
1024 128 1 0.4774341583251953
1024 128 1 0.2850663959980011
1024 128 1 0.4939318001270294
1024 128 1 0.5638938546180725
1024 128 1 0.4399679303169250
1024 128 1 0.4184022247791290
1024 128 1 0.4135435521602631
1024 128 1 0.6646069288253784
1024 128 1 0.3829569220542908
1024 128 1 0.5000307559967041
1024 128 1 0.4057522714138031
1024 128 1 0.4515222609043121
1024 128 1 0.5197449922561646
1024 128 1 0.2981997728347778
1024 128 1 0.3849654793739319
1024 128 1 0.3346414268016815
1024 128 1 0.6705764532089233
1024 128 1 0.3880175352096558
1024 128 1 0.5054485797882080
1024 128 1 0.4219635426998138
1024 128 1 0.3670375943183899
1024 128 1 0.3950923979282379
1024 128 1 0.3622873723506927
1024 128 1 0.5108916759490967
1024 128 1 0.4134351313114166
1024 128 1 0.4897992312908173
1024 128 1 0.6311781406402588
1024 128 1 0.4122308492660522
1024 128 1 0.3867071866989136
1024 128 1 0.5030580759048462
1024 128 1 0.5042375326156616
1024 128 1 0.3905996382236481
1024 128 1 0.6449592113494873
1024 128 1 0.3950435221195221
1024 128 1 0.3239063918590546
1024 128 1 0.5160907506942749
1024 128 1 0.3863803148269653
1024 128 1 0.4114861786365509
1024 128 1 0.5784141421318054
1024 128 1 0.4133794009685516
1024 128 1 0.3779791593551636
1024 128 1 0.6028659939765930
1024 128 1 0.4450131952762604
1024 128 1 0.3857076764106750
1024 128 1 0.3190720677375793
1024 128 1 0.4076287746429443
1024 128 1 0.5901268720626831
1024 128 1 0.4625618755817413
1024 128 1 0.4813830554485321
1024 128 1 0.2848348617553711
1024 128 1 0.4098032414913177
1024 128 1 0.4563388526439667
1024 128 1 0.6574040055274963
1024 128 1 0.5770839452743530
1024 128 1 0.4502061009407043
1024 128 1 0.3035600781440735
1024 128 1 0.4608437418937683
1024 128 1 0.3427146971225739
1024 128 1 0.4730121493339539
1024 128 1 0.4285877346992493
1024 128 1 0.4425689578056335
1024 128 1 0.4526568353176117
1024 128 1 0.4516154527664185
1024 128 1 0.4157857000827789
1024 128 1 0.4225919842720032
1024 128 1 0.3757563531398773
1024 128 1 0.5465197563171387
1024 128 1 0.4044680297374725
1024 128 1 0.4109874069690704
1024 128 1 0.4459164440631866
1024 128 1 0.4840934276580811
1024 128 1 0.5460189580917358
1024 128 1 0.4464765489101410
1024 128 1 0.5757101178169250
1024 128 1 0.3697347939014435
1024 128 1 0.5298661589622498
1024 128 1 0.4643117487430573
1024 128 1 0.4798356294631958
1024 128 1 0.5444543361663818
1024 128 1 0.3585706651210785
1024 128 1 0.4134961664676666
1024 128 1 0.4432373940944672
1024 128 1 0.3381503224372864
1024 128 1 0.4255146086215973
1024 128 1 0.4988228082656860
1024 128 1 0.2891393005847931
1024 128 1 0.4900690019130707
1024 128 1 0.4555210471153259
1024 128 1 0.4015565812587738
1024 128 1 0.3635244071483612
1024 128 1 0.4267636239528656
1024 128 1 0.8251975178718567
1024 128 1 0.6704037189483643
1024 128 1 0.4323709011077881
1024 128 1 0.4437022507190704
1024 128 1 0.4604591429233551
1024 128 1 0.4230155944824219
1024 128 1 0.6532999277114868
1024 128 1 0.2584848105907440
1024 128 1 0.4751394689083099
1024 256 1 0.2879208624362946
1024 256 1 0.3912823200225830
1024 256 1 0.4599427282810211
1024 256 1 0.4268906712532043
1024 256 1 0.3344226777553558
1024 256 1 0.3305227756500244
1024 256 1 0.3647757470607758
1024 256 1 0.3436963558197021
1024 256 1 0.4604752659797668
1024 256 1 0.2488016486167908
1024 256 1 0.4099125266075134
1024 256 1 0.2774014174938202
1024 256 1 0.4614886343479156
1024 256 1 0.3434378802776337
1024 256 1 0.4377452433109283
1024 256 1 0.4552966952323914
1024 256 1 0.3342384397983551
1024 256 1 0.3802249133586884
1024 256 1 0.3503954410552979
1024 256 1 0.3626684248447418
1024 256 1 0.4169681966304779
1024 256 1 0.4638999998569489
1024 256 1 0.3597728312015533
1024 256 1 0.3822816908359528
1024 256 1 0.2710291743278503
1024 256 1 0.3747717738151550
1024 256 1 0.4707563519477844
1024 256 1 0.3605732321739197
1024 256 1 0.3999663591384888
1024 256 1 0.3338427245616913
1024 256 1 0.3801785707473755
1024 256 1 0.3289983868598938
1024 256 1 0.3446262776851654
1024 256 1 0.4523220360279083
1024 256 1 0.4193161129951477
1024 256 1 0.3715709447860718
1024 256 1 0.3836632072925568
1024 256 1 0.3442237973213196
1024 256 1 0.4174406826496124
1024 256 1 0.3576483428478241
1024 256 1 0.6105571985244751
1024 256 1 0.4490671455860138
1024 256 1 0.3162539601325989
1024 256 1 0.3154823780059814
1024 256 1 0.4939172267913818
1024 256 1 0.3821656107902527
1024 256 1 0.4623328149318695
1024 256 1 0.5410137772560120
1024 256 1 0.4024649560451508
1024 256 1 0.3312366008758545
1024 256 1 0.3372192680835724
1024 256 1 0.3142554163932800
1024 256 1 0.4340910017490387
1024 256 1 0.4302098453044891
1024 256 1 0.3690904378890991
1024 256 1 0.4326205551624298
1024 256 1 0.4228383600711823
1024 256 1 0.3683993518352509
1024 256 1 0.3454831242561340
1024 256 1 0.3974096179008484
1024 256 1 0.4332439303398132
1024 256 1 0.3364857733249664
1024 256 1 0.4279934167861938
1024 256 1 0.2668803334236145
1024 256 1 0.3698040246963501
1024 256 1 0.2973490357398987
1024 256 1 0.4408638477325439
1024 256 1 0.4181163012981415
1024 256 1 0.3240598738193512
1024 256 1 0.3979452252388000
1024 256 1 0.3390237092971802
1024 256 1 0.4342907965183258
1024 256 1 0.2937214672565460
1024 256 1 0.4936302900314331
1024 256 1 0.3917731940746307
1024 256 1 0.4470441937446594
1024 256 1 0.3167987763881683
1024 256 1 0.3606941998004913
1024 256 1 0.4404175877571106
1024 256 1 0.2998014688491821
1024 256 1 0.3770203292369843
1024 256 1 0.3669113814830780
1024 256 1 0.4729407429695129
1024 256 1 0.5216196179389954
1024 256 1 0.4068188369274139
1024 256 1 0.3726102113723755
1024 256 1 0.2902199923992157
1024 256 1 0.3537270426750183
1024 256 1 0.3504032492637634
1024 256 1 0.3797412216663361
1024 256 1 0.2400167435407639
1024 256 1 0.4388824701309204
1024 256 1 0.3643844127655029
1024 256 1 0.3758673965930939
1024 256 1 0.3856921494007111
1024 256 1 0.3768410384654999
1024 256 1 0.6215717792510986
1024 256 1 0.3348731994628906
1024 256 1 0.3976742029190063
1024 256 1 0.4174695312976837
1024 512 1 0.4413200020790100
1024 512 1 0.2846729159355164
1024 512 1 0.3297428190708160
1024 512 1 0.3722718954086304
1024 512 1 0.3748663365840912
1024 512 1 0.4339215457439423
1024 512 1 0.3122139871120453
1024 512 1 0.3649947345256805
1024 512 1 0.3026599884033203
1024 512 1 0.3465154170989990
1024 512 1 0.3861862421035767
1024 512 1 0.2036349624395370
1024 512 1 0.3522505164146423
1024 512 1 0.2839268445968628
1024 512 1 0.3197530806064606
1024 512 1 0.3405327498912811
1024 512 1 0.3874899148941040
1024 512 1 0.2705156803131104
1024 512 1 0.3296991288661957
1024 512 1 0.2744743227958679
1024 512 1 0.2834930121898651
1024 512 1 0.3538068830966949
1024 512 1 0.3305980265140533
1024 512 1 0.3284431397914886
1024 512 1 0.3348250985145569
1024 512 1 0.3267968297004700
1024 512 1 0.3057147562503815
1024 512 1 0.2568344175815582
1024 512 1 0.3663609325885773
1024 512 1 0.2718436717987061
1024 512 1 0.3915589153766632
1024 512 1 0.3157760500907898
1024 512 1 0.3029412925243378
1024 512 1 0.2891629636287689
1024 512 1 0.3337944149971008
1024 512 1 0.3224039375782013
1024 512 1 0.3456509709358215
1024 512 1 0.3025929927825928
1024 512 1 0.2813984155654907
1024 512 1 0.3340891599655151
1024 512 1 0.2794123589992523
1024 512 1 0.2991853952407837
1024 512 1 0.3116921782493591
1024 512 1 0.3949996829032898
1024 512 1 0.3023834228515625
1024 512 1 0.2997683882713318
1024 512 1 0.2842835485935211
1024 512 1 0.3407929241657257
1024 512 1 0.2927579581737518
1024 512 1 0.2757200300693512
1024 512 1 0.3420605361461639
1024 512 1 0.2884673178195953
1024 512 1 0.2920531928539276
1024 512 1 0.3252221345901489
1024 512 1 0.3645390272140503
1024 512 1 0.2625717222690582
1024 512 1 0.3219889402389526
1024 512 1 0.3179504871368408
1024 512 1 0.2712590694427490
1024 512 1 0.3448117375373840
1024 512 1 0.3071076273918152
1024 512 1 0.3177019953727722
1024 512 1 0.3224197328090668
1024 512 1 0.3021868169307709
1024 512 1 0.2907145619392395
1024 512 1 0.4402160346508026
1024 512 1 0.2639610767364502
1024 512 1 0.3906506597995758
1024 512 1 0.3331825137138367
1024 512 1 0.2941745817661285
1024 512 1 0.2974283993244171
1024 512 1 0.2923876345157623
1024 512 1 0.3051126599311829
1024 512 1 0.2690504193305969
1024 512 1 0.3858908712863922
1024 512 1 0.3080222308635712
1024 512 1 0.3718992471694946
1024 512 1 0.3505769371986389
1024 512 1 0.2367478758096695
1024 512 1 0.3520457148551941
1024 512 1 0.2945626378059387
1024 512 1 0.3287512063980103
1024 512 1 0.3338457047939301
1024 512 1 0.3337568342685699
1024 512 1 0.2670049965381622
1024 512 1 0.3495052456855774
1024 512 1 0.3655622005462646
1024 512 1 0.3857425451278687
1024 512 1 0.3041306436061859
1024 512 1 0.3319008350372314
1024 512 1 0.2912778556346893
1024 512 1 0.2865141630172729
1024 512 1 0.2634233236312866
1024 512 1 0.3834888935089111
1024 512 1 0.3118228912353516
1024 512 1 0.2841620147228241
1024 512 1 0.2249655574560165
1024 512 1 0.3398891687393188
1024 512 1 0.3524274826049805
1024 512 1 0.3229083120822906
2048 4 1 129.1665802001953125
2048 4 1 101.9352798461914062
2048 4 1 100.0055770874023438
2048 4 1 209.9268798828125000
2048 4 1 54.6629676818847656
2048 4 1 71.5195617675781250
2048 4 1 88.1610031127929688
2048 4 1 74.1587753295898438
2048 4 1 123.2733078002929688
2048 4 1 18.8057823181152344
2048 4 1 75.9787139892578125
2048 4 1 274.0848388671875000
2048 4 1 1.6912564039230347
2048 4 1 161.3459930419921875
2048 4 1 96.6966476440429688
2048 4 1 217.3632354736328125
2048 4 1 53.8247451782226562
2048 4 1 73.4497222900390625
2048 4 1 31.1357879638671875
2048 4 1 32.1455383300781250
2048 4 1 173.3882446289062500
2048 4 1 35.1588249206542969
2048 4 1 202.4946136474609375
2048 4 1 149.0087890625000000
2048 4 1 18.8094673156738281
2048 4 1 70.9768524169921875
2048 4 1 168.2039489746093750
2048 4 1 460.0949096679687500
2048 4 1 213.5723114013671875
2048 4 1 128.7183532714843750
2048 4 1 285.3923950195312500
2048 4 1 2.7853488922119141
2048 4 1 40.9731903076171875
2048 4 1 359.8913269042968750
2048 4 1 115.5372238159179688
2048 4 1 232.0572052001953125
2048 4 1 195.3800354003906250
2048 4 1 24.6751708984375000
2048 4 1 36.7642745971679688
2048 4 1 70.3871841430664062
2048 4 1 713.8463134765625000
2048 4 1 457.3157348632812500
2048 4 1 229.5467376708984375
2048 4 1 51.7191543579101562
2048 4 1 435.1133728027343750
2048 4 1 104.2036590576171875
2048 4 1 88.8637008666992188
2048 4 1 692.0756225585937500
2048 4 1 26.9021682739257812
2048 4 1 47.6281051635742188
2048 4 1 21.7259006500244141
2048 4 1 56.4018325805664062
2048 4 1 129.9527435302734375
2048 4 1 62.4064598083496094
2048 4 1 202.7784576416015625
2048 4 1 191.6333923339843750
2048 4 1 84.2695693969726562
2048 4 1 80.6608276367187500
2048 4 1 59.7558097839355469
2048 4 1 440.0892333984375000
2048 4 1 256.9975585937500000
2048 4 1 173.0837097167968750
2048 4 1 52.7206802368164062
2048 4 1 9.6671676635742188
2048 4 1 197.3926391601562500
2048 4 1 105.0741195678710938
2048 4 1 192.8544006347656250
2048 4 1 152.6231842041015625
2048 4 1 326.5798339843750000
2048 4 1 130.5380096435546875
2048 4 1 302.6897277832031250
2048 4 1 157.4650726318359375
2048 4 1 40.8706359863281250
2048 4 1 25.4779319763183594
2048 4 1 150.9598388671875000
2048 4 1 70.1407394409179688
2048 4 1 193.8920440673828125
2048 4 1 436.4294128417968750
2048 4 1 271.4573669433593750
2048 4 1 262.0008850097656250
2048 4 1 739.7210083007812500
2048 4 1 128.3914947509765625
2048 4 1 490.4193725585937500
2048 4 1 101.1437301635742188
2048 4 1 689.3990478515625000
2048 4 1 100.4648818969726562
2048 4 1 371.0793457031250000
2048 4 1 50.2053947448730469
2048 4 1 333.0922546386718750
2048 4 1 133.2751312255859375
2048 4 1 46.1112022399902344
2048 4 1 206.8019104003906250
2048 4 1 1184.5683593750000000
2048 4 1 32.6536827087402344
2048 4 1 844.9020385742187500
2048 4 1 44.3191413879394531
2048 4 1 515.2411499023437500
2048 4 1 80.0980300903320312
2048 4 1 193.7048950195312500
2048 4 1 96.3124923706054688
2048 8 1 37.2667846679687500
2048 8 1 353.7226562500000000
2048 8 1 28.6051731109619141
2048 8 1 166.1875762939453125
2048 8 1 78.1295394897460938
2048 8 1 344.1206359863281250
2048 8 1 91.8857498168945312
2048 8 1 35.0050239562988281
2048 8 1 1.1519362926483154
2048 8 1 35.5028381347656250
2048 8 1 98.9512634277343750
2048 8 1 1.6553809642791748
2048 8 1 21.6946830749511719
2048 8 1 2.2300200462341309
2048 8 1 80.5870437622070312
2048 8 1 356.0157165527343750
2048 8 1 33.2567749023437500
2048 8 1 80.3757324218750000
2048 8 1 1.4168657064437866
2048 8 1 1.2277481555938721
2048 8 1 21.4573192596435547
2048 8 1 167.2955474853515625
2048 8 1 124.4962234497070312
2048 8 1 1.4102685451507568
2048 8 1 0.9741920232772827
2048 8 1 59.3441734313964844
2048 8 1 2.1236004829406738
2048 8 1 55.2681045532226562
2048 8 1 233.6925964355468750
2048 8 1 1113.4200439453125000
2048 8 1 43.4962882995605469
2048 8 1 16.5756549835205078
2048 8 1 6.1649003028869629
2048 8 1 541.4550170898437500
2048 8 1 116.1496810913085938
2048 8 1 592.3594360351562500
2048 8 1 6.6356143951416016
2048 8 1 144.0161437988281250
2048 8 1 0.6734223961830139
2048 8 1 47.8909568786621094
2048 8 1 149.1262054443359375
2048 8 1 109.9692306518554688
2048 8 1 1.3089647293090820
2048 8 1 17.3374576568603516
2048 8 1 27.0026569366455078
2048 8 1 117.7039031982421875
2048 8 1 35.7051544189453125
2048 8 1 12.6698827743530273
2048 8 1 22.4275360107421875
2048 8 1 11.1140174865722656
2048 8 1 7.6074590682983398
2048 8 1 2.8334829807281494
2048 8 1 7.8978013992309570
2048 8 1 141.3211669921875000
2048 8 1 68.3851013183593750
2048 8 1 204.3650817871093750
2048 8 1 2.3141720294952393
2048 8 1 122.4703826904296875
2048 8 1 37.6502037048339844
2048 8 1 7.8474926948547363
2048 8 1 117.4435577392578125
2048 8 1 1.5356086492538452
2048 8 1 143.9762420654296875
2048 8 1 0.6468042135238647
2048 8 1 91.2775878906250000
2048 8 1 230.4203643798828125
2048 8 1 0.9973722696304321
2048 8 1 158.0112609863281250
2048 8 1 72.6752319335937500
2048 8 1 40.3499603271484375
2048 8 1 101.8058776855468750
2048 8 1 19.3188323974609375
2048 8 1 107.6152343750000000
2048 8 1 1.8844749927520752
2048 8 1 232.3359222412109375
2048 8 1 53.4169464111328125
2048 8 1 0.4445389509201050
2048 8 1 341.6466369628906250
2048 8 1 562.8117065429687500
2048 8 1 99.0615997314453125
2048 8 1 235.3674926757812500
2048 8 1 2.0545878410339355
2048 8 1 0.8117986917495728
2048 8 1 1.6410270929336548
2048 8 1 394.1233520507812500
2048 8 1 15.2515382766723633
2048 8 1 6.3889441490173340
2048 8 1 82.7428512573242188
2048 8 1 135.6323699951171875
2048 8 1 31.9555034637451172
2048 8 1 77.1870651245117188
2048 8 1 428.0744934082031250
2048 8 1 339.6961059570312500
2048 8 1 195.1828460693359375
2048 8 1 7.7921748161315918
2048 8 1 3.3797161579132080
2048 8 1 313.5914001464843750
2048 8 1 19.2072467803955078
2048 8 1 621.2654418945312500
2048 8 1 19.8862113952636719
2048 16 1 0.7948581576347351
2048 16 1 1.2753010988235474
2048 16 1 1.0707862377166748
2048 16 1 1.1964160203933716
2048 16 1 1.3349540233612061
2048 16 1 2.6409850120544434
2048 16 1 4.3954100608825684
2048 16 1 1.0276196002960205
2048 16 1 6.5712556838989258
2048 16 1 1.1468441486358643
2048 16 1 3.2337453365325928
2048 16 1 1.3854011297225952
2048 16 1 0.6385237574577332
2048 16 1 1.1455290317535400
2048 16 1 1.7708412408828735
2048 16 1 0.9079322814941406
2048 16 1 2.7844982147216797
2048 16 1 0.7936946153640747
2048 16 1 1.5742372274398804
2048 16 1 4.4110565185546875
2048 16 1 1.0788949728012085
2048 16 1 29.1352272033691406
2048 16 1 0.4414126574993134
2048 16 1 7.4375324249267578
2048 16 1 2.7378444671630859
2048 16 1 1.2379380464553833
2048 16 1 3.1487240791320801
2048 16 1 2.0636343955993652
2048 16 1 5.1994457244873047
2048 16 1 2.6762371063232422
2048 16 1 6.6289210319519043
2048 16 1 8.5317392349243164
2048 16 1 5.2184963226318359
2048 16 1 1.0939806699752808
2048 16 1 0.6592683196067810
2048 16 1 1.5901365280151367
2048 16 1 1.1372584104537964
2048 16 1 2.2596530914306641
2048 16 1 1.2385715246200562
2048 16 1 0.8245380520820618
2048 16 1 19.9003715515136719
2048 16 1 3.9059455394744873
2048 16 1 2.7031409740447998
2048 16 1 1.9586410522460938
2048 16 1 2.2146935462951660
2048 16 1 1.7474262714385986
2048 16 1 0.9926692247390747
2048 16 1 86.3569259643554688
2048 16 1 1.1326193809509277
2048 16 1 10.1702260971069336
2048 16 1 0.5735284686088562
2048 16 1 4.3566336631774902
2048 16 1 0.5142465233802795
2048 16 1 1.5119949579238892
2048 16 1 0.8296092152595520
2048 16 1 0.5828253030776978
2048 16 1 0.8952090740203857
2048 16 1 1.3711624145507812
2048 16 1 10.2325363159179688
2048 16 1 1.6153678894042969
2048 16 1 3.6190743446350098
2048 16 1 6.2642631530761719
2048 16 1 2.0934336185455322
2048 16 1 0.9052056074142456
2048 16 1 1.6148415803909302
2048 16 1 36.8162612915039062
2048 16 1 1.9178798198699951
2048 16 1 11.3084316253662109
2048 16 1 0.9232168793678284
2048 16 1 0.4257490038871765
2048 16 1 1.5403037071228027
2048 16 1 0.9252635240554810
2048 16 1 1.0126273632049561
2048 16 1 3.0178766250610352
2048 16 1 1.9023135900497437
2048 16 1 3.9100017547607422
2048 16 1 4.7360525131225586
2048 16 1 1.8920603990554810
2048 16 1 1.1008970737457275
2048 16 1 1.0610415935516357
2048 16 1 1.3109254837036133
2048 16 1 1.2890090942382812
2048 16 1 1.8708534240722656
2048 16 1 1.9620000123977661
2048 16 1 1.0394048690795898
2048 16 1 4.0655660629272461
2048 16 1 0.4994975924491882
2048 16 1 77.3930358886718750
2048 16 1 3.8285379409790039
2048 16 1 3.4101767539978027
2048 16 1 1.4267942905426025
2048 16 1 0.9424353837966919
2048 16 1 10.6304616928100586
2048 16 1 1.0856909751892090
2048 16 1 5.0562181472778320
2048 16 1 4.1545500755310059
2048 16 1 3.2783184051513672
2048 16 1 100.3663482666015625
2048 16 1 0.8611648678779602
2048 16 1 5.3056821823120117
2048 32 1 0.4684289693832397
2048 32 1 1.1516109704971313
2048 32 1 1.0391544103622437
2048 32 1 0.7986011505126953
2048 32 1 0.7530210018157959
2048 32 1 0.7680444121360779
2048 32 1 0.5708400011062622
2048 32 1 2.3516805171966553
2048 32 1 2.7588417530059814
2048 32 1 0.7797586321830750
2048 32 1 0.5066934823989868
2048 32 1 0.6614819169044495
2048 32 1 1.1436778306961060
2048 32 1 2.7823183536529541
2048 32 1 0.5204031467437744
2048 32 1 0.8885763287544250
2048 32 1 0.8548480868339539
2048 32 1 0.6812076568603516
2048 32 1 1.6279035806655884
2048 32 1 0.5654889941215515
2048 32 1 0.6736803650856018
2048 32 1 0.5334646701812744
2048 32 1 0.8016218543052673
2048 32 1 1.9654474258422852
2048 32 1 0.5734786391258240
2048 32 1 0.4656798541545868
2048 32 1 0.7255281805992126
2048 32 1 1.0620554685592651
2048 32 1 0.8648760318756104
2048 32 1 0.8421251773834229
2048 32 1 0.9130491018295288
2048 32 1 0.8297271132469177
2048 32 1 1.1571173667907715
2048 32 1 0.5247865319252014
2048 32 1 0.8509055376052856
2048 32 1 0.8374739289283752
2048 32 1 0.5495870709419250
2048 32 1 0.6305767893791199
2048 32 1 0.5263661146163940
2048 32 1 0.8839470744132996
2048 32 1 0.9476292133331299
2048 32 1 0.8075351119041443
2048 32 1 0.8915010094642639
2048 32 1 0.5801911354064941
2048 32 1 0.6341774463653564
2048 32 1 0.5550727844238281
2048 32 1 0.9335261583328247
2048 32 1 0.4340828657150269
2048 32 1 0.5840059518814087
2048 32 1 0.5013383626937866
2048 32 1 0.7190941572189331
2048 32 1 0.6757428646087646
2048 32 1 0.4604687094688416
2048 32 1 0.5066053867340088
2048 32 1 0.6647971272468567
2048 32 1 0.9895254373550415
2048 32 1 0.7058833837509155
2048 32 1 0.9891256093978882
2048 32 1 0.7450510263442993
2048 32 1 0.7877470254898071
2048 32 1 0.8917061090469360
2048 32 1 0.6706538200378418
2048 32 1 0.5551908016204834
2048 32 1 1.0715663433074951
2048 32 1 1.1332724094390869
2048 32 1 0.8695382475852966
2048 32 1 0.6808446645736694
2048 32 1 0.7742508649826050
2048 32 1 0.3723295629024506
2048 32 1 0.5784137248992920
2048 32 1 0.4926822185516357
2048 32 1 0.3999064564704895
2048 32 1 0.4571745395660400
2048 32 1 0.4274672567844391
2048 32 1 0.8024953603744507
2048 32 1 0.4290765821933746
2048 32 1 0.6166760921478271
2048 32 1 0.6906765103340149
2048 32 1 1.1655812263488770
2048 32 1 0.9265019893646240
2048 32 1 0.5407880544662476
2048 32 1 0.9818713665008545
2048 32 1 0.6089009046554565
2048 32 1 0.5224739909172058
2048 32 1 0.5423386096954346
2048 32 1 1.4308080673217773
2048 32 1 0.7137823700904846
2048 32 1 1.0182361602783203
2048 32 1 0.3423024713993073
2048 32 1 0.9315791130065918
2048 32 1 1.0313986539840698
2048 32 1 0.4739886522293091
2048 32 1 1.2072834968566895
2048 32 1 0.7149733901023865
2048 32 1 0.5029008984565735
2048 32 1 1.0111466646194458
2048 32 1 0.4631913006305695
2048 32 1 0.4540349543094635
2048 32 1 0.4940685033798218
2048 32 1 0.9081930518150330
2048 64 1 0.5101274251937866
2048 64 1 0.6223508715629578
2048 64 1 0.5924783945083618
2048 64 1 0.5177508592605591
2048 64 1 0.6713082790374756
2048 64 1 0.4439550638198853
2048 64 1 0.4505226016044617
2048 64 1 0.5215968489646912
2048 64 1 0.4983016252517700
2048 64 1 0.5855624675750732
2048 64 1 0.6019426584243774
2048 64 1 0.7877810597419739
2048 64 1 0.4423666298389435
2048 64 1 0.5474934577941895
2048 64 1 0.4576675891876221
2048 64 1 0.3255875706672668
2048 64 1 0.3493230044841766
2048 64 1 0.3209438025951385
2048 64 1 0.4387959539890289
2048 64 1 0.5775003433227539
2048 64 1 0.5685184597969055
2048 64 1 0.4648828506469727
2048 64 1 0.6603031158447266
2048 64 1 0.4651287496089935
2048 64 1 0.5595776438713074
2048 64 1 0.4325809776782990
2048 64 1 0.3645845353603363
2048 64 1 0.4287431240081787
2048 64 1 0.6121118068695068
2048 64 1 0.5025054812431335
2048 64 1 0.4751454293727875
2048 64 1 0.3653524518013000
2048 64 1 0.5538939833641052
2048 64 1 0.4939336478710175
2048 64 1 0.4918877780437469
2048 64 1 0.7516048550605774
2048 64 1 0.3610821664333344
2048 64 1 0.6561976075172424
2048 64 1 0.5375840663909912
2048 64 1 0.5287277102470398
2048 64 1 0.4057914316654205
2048 64 1 0.3898271918296814
2048 64 1 0.6920992136001587
2048 64 1 0.6575753092765808
2048 64 1 0.5312683582305908
2048 64 1 0.6275501847267151
2048 64 1 0.4538555145263672
2048 64 1 0.4929464757442474
2048 64 1 0.5780748724937439
2048 64 1 0.4923796057701111
2048 64 1 0.5215525627136230
2048 64 1 0.5222280621528625
2048 64 1 0.4112339019775391
2048 64 1 0.4296543896198273
2048 64 1 0.3852369785308838
2048 64 1 0.5842483043670654
2048 64 1 0.5518383979797363
2048 64 1 0.5010248422622681
2048 64 1 0.4956760704517365
2048 64 1 0.3863443732261658
2048 64 1 0.3890571594238281
2048 64 1 0.4075527489185333
2048 64 1 0.7151881456375122
2048 64 1 0.6470670104026794
2048 64 1 0.5475583076477051
2048 64 1 0.3719479739665985
2048 64 1 0.3736178874969482
2048 64 1 0.6283972859382629
2048 64 1 0.4111715257167816
2048 64 1 0.7419781684875488
2048 64 1 0.5095419883728027
2048 64 1 0.4426470696926117
2048 64 1 0.5514200925827026
2048 64 1 0.4186275601387024
2048 64 1 0.6065588593482971
2048 64 1 0.4216124415397644
2048 64 1 0.4684256315231323
2048 64 1 0.4434424340724945
2048 64 1 0.5594642162322998
2048 64 1 0.4196611046791077
2048 64 1 0.5462552905082703
2048 64 1 0.3945861756801605
2048 64 1 0.5484363436698914
2048 64 1 0.5310055017471313
2048 64 1 0.3744515180587769
2048 64 1 0.3645668029785156
2048 64 1 0.4520796835422516
2048 64 1 0.5078639984130859
2048 64 1 0.3851791024208069
2048 64 1 0.5130653977394104
2048 64 1 0.6012478470802307
2048 64 1 0.5235959887504578
2048 64 1 0.8128622174263000
2048 64 1 1.1139855384826660
2048 64 1 0.3280925750732422
2048 64 1 0.6403754353523254
2048 64 1 0.8061639666557312
2048 64 1 0.3576589822769165
2048 64 1 0.5212842822074890
2048 64 1 0.6466624736785889
2048 128 1 0.3146041333675385
2048 128 1 0.5239467620849609
2048 128 1 0.3559174239635468
2048 128 1 0.4691399037837982
2048 128 1 0.3763088881969452
2048 128 1 0.3272579908370972
2048 128 1 0.4373977184295654
2048 128 1 0.3044534921646118
2048 128 1 0.3670765757560730
2048 128 1 0.5139505267143250
2048 128 1 0.4278967380523682
2048 128 1 0.4691077470779419
2048 128 1 0.3500283956527710
2048 128 1 0.2684594392776489
2048 128 1 0.3849242925643921
2048 128 1 0.3739812970161438
2048 128 1 0.3303251564502716
2048 128 1 0.3819870352745056
2048 128 1 0.4363118410110474
2048 128 1 0.3948477804660797
2048 128 1 0.3389038443565369
2048 128 1 0.3549409210681915
2048 128 1 0.3334614634513855
2048 128 1 0.4769022762775421
2048 128 1 0.3166923820972443
2048 128 1 0.3552970588207245
2048 128 1 0.3483263254165649
2048 128 1 0.4167964160442352
2048 128 1 0.4834758341312408
2048 128 1 0.3610200583934784
2048 128 1 0.4757886230945587
2048 128 1 0.2181471288204193
2048 128 1 0.3661668896675110
2048 128 1 0.3564667105674744
2048 128 1 0.4601988196372986
2048 128 1 0.3475145697593689
2048 128 1 0.3289701342582703
2048 128 1 0.3762816190719604
2048 128 1 0.5270609855651855
2048 128 1 0.3994013965129852
2048 128 1 0.4415469765663147
2048 128 1 0.5461453795433044
2048 128 1 0.3430561125278473
2048 128 1 0.3638535737991333
2048 128 1 0.5089800953865051
2048 128 1 0.4291955828666687
2048 128 1 0.4494353830814362
2048 128 1 0.4633095264434814
2048 128 1 0.3932959735393524
2048 128 1 0.5176700949668884
2048 128 1 0.4004685282707214
2048 128 1 0.3235029280185699
2048 128 1 0.2165837287902832
2048 128 1 0.3820265531539917
2048 128 1 0.4890166819095612
2048 128 1 0.3873616158962250
2048 128 1 0.3523236811161041
2048 128 1 0.5376759171485901
2048 128 1 0.4141738116741180
2048 128 1 0.3230527043342590
2048 128 1 0.3627381622791290
2048 128 1 0.4117652177810669
2048 128 1 0.3484061956405640
2048 128 1 0.3947370946407318
2048 128 1 0.3804546296596527
2048 128 1 0.3952052295207977
2048 128 1 0.4716721773147583
2048 128 1 0.3143759965896606
2048 128 1 0.3614127635955811
2048 128 1 0.2831192910671234
2048 128 1 0.2869127690792084
2048 128 1 0.4347647726535797
2048 128 1 0.2945240736007690
2048 128 1 0.4512970447540283
2048 128 1 0.4766962528228760
2048 128 1 0.4872731268405914
2048 128 1 0.3413592278957367
2048 128 1 0.5466779470443726
2048 128 1 0.3766148090362549
2048 128 1 0.3802298009395599
2048 128 1 0.3150697052478790
2048 128 1 0.3154964745044708
2048 128 1 0.3482052981853485
2048 128 1 0.4650828540325165
2048 128 1 0.3587256968021393
2048 128 1 0.2665879428386688
2048 128 1 0.2410592138767242
2048 128 1 0.4617761969566345
2048 128 1 0.3590769469738007
2048 128 1 0.3862725496292114
2048 128 1 0.4355905055999756
2048 128 1 0.5083328485488892
2048 128 1 0.3571165204048157
2048 128 1 0.4951125383377075
2048 128 1 0.4109909534454346
2048 128 1 0.2262625694274902
2048 128 1 0.4333395659923553
2048 128 1 0.4859825074672699
2048 128 1 0.3045238852500916
2048 128 1 0.4222469329833984
2048 256 1 0.3471161127090454
2048 256 1 0.3465987145900726
2048 256 1 0.4760908782482147
2048 256 1 0.3578767478466034
2048 256 1 0.3150416314601898
2048 256 1 0.4180961847305298
2048 256 1 0.3014396727085114
2048 256 1 0.3651748001575470
2048 256 1 0.3018647432327271
2048 256 1 0.3422357439994812
2048 256 1 0.3084657788276672
2048 256 1 0.2331006377935410
2048 256 1 0.3972164392471313
2048 256 1 0.3682588934898376
2048 256 1 0.3428402841091156
2048 256 1 0.3418773412704468
2048 256 1 0.2970280051231384
2048 256 1 0.2832805216312408
2048 256 1 0.2925706803798676
2048 256 1 0.3684215247631073
2048 256 1 0.2896418571472168
2048 256 1 0.3326061367988586
2048 256 1 0.3402524590492249
2048 256 1 0.3025501370429993
2048 256 1 0.3797952532768250
2048 256 1 0.4029217064380646
2048 256 1 0.3397145569324493
2048 256 1 0.3478472232818604
2048 256 1 0.2796460390090942
2048 256 1 0.4738976359367371
2048 256 1 0.3017483055591583
2048 256 1 0.4158032238483429
2048 256 1 0.3515449762344360
2048 256 1 0.2987911701202393
2048 256 1 0.4614386260509491
2048 256 1 0.3903038501739502
2048 256 1 0.4047288596630096
2048 256 1 0.2888960242271423
2048 256 1 0.3675020933151245
2048 256 1 0.3898372352123260
2048 256 1 0.3341753482818604
2048 256 1 0.3002756237983704
2048 256 1 0.2968412339687347
2048 256 1 0.3834116756916046
2048 256 1 0.3922974467277527
2048 256 1 0.3488371670246124
2048 256 1 0.3543690741062164
2048 256 1 0.2673216462135315
2048 256 1 0.2972612380981445
2048 256 1 0.4091989099979401
2048 256 1 0.3753858208656311
2048 256 1 0.3271671235561371
2048 256 1 0.5521303415298462
2048 256 1 0.3427866399288177
2048 256 1 0.3563042879104614
2048 256 1 0.4244640767574310
2048 256 1 0.3158394396305084
2048 256 1 0.2867713272571564
2048 256 1 0.3834286630153656
2048 256 1 0.3334533274173737
2048 256 1 0.3948951959609985
2048 256 1 0.3524185121059418
2048 256 1 0.3241848647594452
2048 256 1 0.3332794308662415
2048 256 1 0.3548825383186340
2048 256 1 0.2692351639270782
2048 256 1 0.3270499706268311
2048 256 1 0.3585200607776642
2048 256 1 0.3013480305671692
2048 256 1 0.3276543021202087
2048 256 1 0.3590331375598907
2048 256 1 0.3311718404293060
2048 256 1 0.3173341453075409
2048 256 1 0.3574633896350861
2048 256 1 0.3108671009540558
2048 256 1 0.3123109042644501
2048 256 1 0.3329330682754517
2048 256 1 0.3314520120620728
2048 256 1 0.4500059187412262
2048 256 1 0.3417319059371948
2048 256 1 0.3152286112308502
2048 256 1 0.3408095240592957
2048 256 1 0.2746581733226776
2048 256 1 0.3623414337635040
2048 256 1 0.3417134582996368
2048 256 1 0.3797230422496796
2048 256 1 0.3478193283081055
2048 256 1 0.3532807826995850
2048 256 1 0.2991374135017395
2048 256 1 0.2694576978683472
2048 256 1 0.3648261725902557
2048 256 1 0.2685576081275940
2048 256 1 0.3515399098396301
2048 256 1 0.3641832470893860
2048 256 1 0.5031043887138367
2048 256 1 0.2828593254089355
2048 256 1 0.3325358629226685
2048 256 1 0.4145983159542084
2048 256 1 0.2987630367279053
2048 256 1 0.3033082485198975
2048 512 1 0.2486064881086349
2048 512 1 0.2292855679988861
2048 512 1 0.3241373300552368
2048 512 1 0.3409069180488586
2048 512 1 0.2906782627105713
2048 512 1 0.3230728209018707
2048 512 1 0.2218058556318283
2048 512 1 0.2419602572917938
2048 512 1 0.2983978390693665
2048 512 1 0.2802498936653137
2048 512 1 0.3125914037227631
2048 512 1 0.3121431469917297
2048 512 1 0.3727549016475677
2048 512 1 0.3211310207843781
2048 512 1 0.3060908615589142
2048 512 1 0.2684196233749390
2048 512 1 0.3141400814056396
2048 512 1 0.2924659252166748
2048 512 1 0.3389036953449249
2048 512 1 0.2786884605884552
2048 512 1 0.2409887909889221
2048 512 1 0.2812894284725189
2048 512 1 0.3440945446491241
2048 512 1 0.2657876610755920
2048 512 1 0.3135603070259094
2048 512 1 0.3591248393058777
2048 512 1 0.2576229870319366
2048 512 1 0.3505388200283051
2048 512 1 0.3396923840045929
2048 512 1 0.2548631727695465
2048 512 1 0.2560057342052460
2048 512 1 0.3025386631488800
2048 512 1 0.2535113990306854
2048 512 1 0.3453355431556702
2048 512 1 0.2131315171718597
2048 512 1 0.3652289211750031
2048 512 1 0.3518486320972443
2048 512 1 0.3232952356338501
2048 512 1 0.2577347457408905
2048 512 1 0.3256602883338928
2048 512 1 0.2783820331096649
2048 512 1 0.2587209939956665
2048 512 1 0.2808484733104706
2048 512 1 0.3063820004463196
2048 512 1 0.2969914674758911
2048 512 1 0.3068466484546661
2048 512 1 0.2907268404960632
2048 512 1 0.2450269758701324
2048 512 1 0.2826011180877686
2048 512 1 0.3490949869155884
2048 512 1 0.2846495211124420
2048 512 1 0.2925735712051392
2048 512 1 0.2712231874465942
2048 512 1 0.2482703179121017
2048 512 1 0.2968562841415405
2048 512 1 0.3571315705776215
2048 512 1 0.3300494253635406
2048 512 1 0.3494757115840912
2048 512 1 0.2619075477123260
2048 512 1 0.3279942274093628
2048 512 1 0.3445468842983246
2048 512 1 0.2822700440883636
2048 512 1 0.3283454179763794
2048 512 1 0.2508271932601929
2048 512 1 0.2889044880867004
2048 512 1 0.3121415376663208
2048 512 1 0.4162546396255493
2048 512 1 0.2861138284206390
2048 512 1 0.2762690484523773
2048 512 1 0.3566392660140991
2048 512 1 0.2932862341403961
2048 512 1 0.2689110636711121
2048 512 1 0.2790245413780212
2048 512 1 0.2853500843048096
2048 512 1 0.3624276816844940
2048 512 1 0.2385833114385605
2048 512 1 0.3273735940456390
2048 512 1 0.3194289505481720
2048 512 1 0.2771137058734894
2048 512 1 0.2743260860443115
2048 512 1 0.3037122189998627
2048 512 1 0.3192035555839539
2048 512 1 0.3356092870235443
2048 512 1 0.3206232786178589
2048 512 1 0.2962633669376373
2048 512 1 0.2916745245456696
2048 512 1 0.3153209388256073
2048 512 1 0.3019730448722839
2048 512 1 0.2845856547355652
2048 512 1 0.2834846377372742
2048 512 1 0.3043978810310364
2048 512 1 0.2793469130992889
2048 512 1 0.3131097555160522
2048 512 1 0.2921732664108276
2048 512 1 0.2673566937446594
2048 512 1 0.2621882557868958
2048 512 1 0.2978526055812836
2048 512 1 0.3095432221889496
2048 512 1 0.3163040578365326
2048 512 1 0.3039770126342773
