N m t e
4 4 1 348.5252990722656250
4 4 1 374.7416076660156250
4 4 1 99.2648315429687500
4 4 1 32.5784988403320312
4 4 1 67.6707000732421875
4 4 1 106.7105484008789062
4 4 1 37.2150726318359375
4 4 1 35.6784782409667969
4 4 1 458.9816284179687500
4 4 1 30.3069629669189453
4 4 1 66.7787094116210938
4 4 1 305.5386962890625000
4 4 1 91.5648422241210938
4 4 1 99.6327133178710938
4 4 1 160.6839294433593750
4 4 1 271.6962280273437500
4 4 1 32.0631408691406250
4 4 1 78.1937026977539062
4 4 1 65.6898956298828125
4 4 1 111.9032897949218750
4 4 1 26.3632049560546875
4 4 1 19.5082340240478516
4 4 1 85.0493240356445312
4 4 1 79.3702087402343750
4 4 1 549.6308593750000000
4 4 1 301.4128417968750000
4 4 1 353.4003601074218750
4 4 1 271.8884277343750000
4 4 1 131.2401428222656250
4 4 1 69.4524841308593750
4 4 1 46.1719207763671875
4 4 1 33.5029945373535156
4 4 1 23.0065116882324219
4 4 1 88.1137924194335938
4 4 1 210.9511566162109375
4 4 1 28.5450077056884766
4 4 1 101.8019332885742188
4 4 1 337.9476928710937500
4 4 1 73.5689010620117188
4 4 1 146.9072875976562500
4 4 1 114.7031173706054688
4 4 1 144.3125305175781250
4 4 1 11.0827369689941406
4 4 1 27.2111263275146484
4 4 1 51.2006072998046875
4 4 1 85.2674636840820312
4 4 1 18.6178646087646484
4 4 1 87.7946319580078125
4 4 1 9.0242671966552734
4 4 1 744.6217041015625000
4 4 1 21.1871013641357422
4 4 1 33.7061157226562500
4 4 1 135.8819274902343750
4 4 1 29.1417865753173828
4 4 1 117.8410720825195312
4 4 1 591.0537719726562500
4 4 1 46.5036659240722656
4 4 1 45.9982070922851562
4 4 1 20.4567089080810547
4 4 1 70.5473785400390625
4 4 1 974.4058837890625000
4 4 1 47.7216835021972656
4 4 1 725.6942749023437500
4 4 1 56.6074028015136719
4 4 1 14.6384916305541992
4 4 1 177.4687347412109375
4 4 1 119.8722915649414062
4 4 1 592.2363891601562500
4 4 1 258.4255371093750000
4 4 1 85.6810607910156250
4 4 1 23.4659976959228516
4 4 1 338.4248046875000000
4 4 1 187.3575134277343750
4 4 1 57.0466461181640625
4 4 1 397.7850036621093750
4 4 1 31.0374412536621094
4 4 1 42.6970748901367188
4 4 1 38.9491691589355469
4 4 1 350.4698486328125000
4 4 1 12.3099403381347656
4 4 1 25.0587692260742188
4 4 1 137.6739501953125000
4 4 1 25.6966190338134766
4 4 1 16.5867481231689453
4 4 1 904.6287231445312500
4 4 1 231.8036346435546875
4 4 1 16.9632797241210938
4 4 1 42.7038459777832031
4 4 1 124.2517395019531250
4 4 1 221.8246307373046875
4 4 1 251.7851409912109375
4 4 1 46.5156593322753906
4 4 1 55.5760459899902344
4 4 1 107.5130004882812500
4 4 1 31.4982738494873047
4 4 1 105.4316864013671875
4 4 1 150.9603881835937500
4 4 1 123.6036071777343750
4 4 1 16.2062568664550781
4 4 1 29.5160598754882812
4 8 1 325.7938537597656250
4 8 1 73.7897872924804688
4 8 1 138.4735107421875000
4 8 1 90.4843673706054688
4 8 1 42.6184730529785156
4 8 1 88.8760757446289062
4 8 1 34.0634231567382812
4 8 1 44.2802009582519531
4 8 1 25.0722770690917969
4 8 1 50.1128654479980469
4 8 1 50.1689071655273438
4 8 1 70.4226684570312500
4 8 1 21.3711662292480469
4 8 1 91.0605163574218750
4 8 1 125.7770614624023438
4 8 1 63.9685401916503906
4 8 1 20.9223175048828125
4 8 1 50.0580711364746094
4 8 1 227.9144134521484375
4 8 1 24.9676761627197266
4 8 1 4.4408860206604004
4 8 1 17.1824131011962891
4 8 1 20.7657585144042969
4 8 1 6.1492924690246582
4 8 1 25.2731399536132812
4 8 1 119.7036590576171875
4 8 1 44.4113082885742188
4 8 1 205.1474456787109375
4 8 1 302.2208557128906250
4 8 1 77.1586608886718750
4 8 1 81.8578796386718750
4 8 1 287.9035339355468750
4 8 1 48.5828170776367188
4 8 1 76.4742355346679688
4 8 1 467.1690673828125000
4 8 1 61.4096488952636719
4 8 1 1109.7685546875000000
4 8 1 159.5241241455078125
4 8 1 77.7194290161132812
4 8 1 88.7657546997070312
4 8 1 49.2389106750488281
4 8 1 25.3219795227050781
4 8 1 45.6766815185546875
4 8 1 25.9582328796386719
4 8 1 19.7556533813476562
4 8 1 30.3383274078369141
4 8 1 32.8654708862304688
4 8 1 306.0016174316406250
4 8 1 31.8417854309082031
4 8 1 40.7511444091796875
4 8 1 27.8484401702880859
4 8 1 339.4089965820312500
4 8 1 506.8519287109375000
4 8 1 41.5906257629394531
4 8 1 159.2269897460937500
4 8 1 81.5270767211914062
4 8 1 83.1465988159179688
4 8 1 96.7524795532226562
4 8 1 443.2254028320312500
4 8 1 175.8909606933593750
4 8 1 86.3166961669921875
4 8 1 399.6645812988281250
4 8 1 96.3183593750000000
4 8 1 94.4047164916992188
4 8 1 182.7747497558593750
4 8 1 52.1709480285644531
4 8 1 169.7545318603515625
4 8 1 631.0487670898437500
4 8 1 46.4908676147460938
4 8 1 317.2415771484375000
4 8 1 125.6396560668945312
4 8 1 24.8793392181396484
4 8 1 35.4133796691894531
4 8 1 17.1941699981689453
4 8 1 57.8742179870605469
4 8 1 89.2362670898437500
4 8 1 321.0768737792968750
4 8 1 113.7916564941406250
4 8 1 405.7693481445312500
4 8 1 24.6141853332519531
4 8 1 88.2042083740234375
4 8 1 66.5771865844726562
4 8 1 36.0493087768554688
4 8 1 32.1447105407714844
4 8 1 179.5985412597656250
4 8 1 25.3682804107666016
4 8 1 14.8263063430786133
4 8 1 30.3942146301269531
4 8 1 225.8238525390625000
4 8 1 42.7893638610839844
4 8 1 36.8044357299804688
4 8 1 22.5982913970947266
4 8 1 77.1625900268554688
4 8 1 132.2665710449218750
4 8 1 4.6401200294494629
4 8 1 19.8752250671386719
4 8 1 89.2290725708007812
4 8 1 45.6801643371582031
4 8 1 319.6968688964843750
4 8 1 115.2457809448242188
4 16 1 25.8610782623291016
4 16 1 1.9658962488174438
4 16 1 5.5886149406433105
4 16 1 23.2629013061523438
4 16 1 217.8089447021484375
4 16 1 12.9265384674072266
4 16 1 46.6973342895507812
4 16 1 21.2610054016113281
4 16 1 26.0049095153808594
4 16 1 52.0535697937011719
4 16 1 25.4626827239990234
4 16 1 387.8345642089843750
4 16 1 27.2986812591552734
4 16 1 13.4680871963500977
4 16 1 21.5685367584228516
4 16 1 244.0020904541015625
4 16 1 107.4766921997070312
4 16 1 50.3367424011230469
4 16 1 285.9841308593750000
4 16 1 50.2209320068359375
4 16 1 2.1229462623596191
4 16 1 18.3289718627929688
4 16 1 8.3643789291381836
4 16 1 62.9571380615234375
4 16 1 27.8976287841796875
4 16 1 11.4241981506347656
4 16 1 15.0134315490722656
4 16 1 37.3480339050292969
4 16 1 621.2868652343750000
4 16 1 25.8978595733642578
4 16 1 21.0532855987548828
4 16 1 1.4225609302520752
4 16 1 31.8420257568359375
4 16 1 51.5826301574707031
4 16 1 22.2400169372558594
4 16 1 36.3593215942382812
4 16 1 10.6396532058715820
4 16 1 54.8367195129394531
4 16 1 27.0853080749511719
4 16 1 15.5123071670532227
4 16 1 59.6157112121582031
4 16 1 32.0467033386230469
4 16 1 58.2395553588867188
4 16 1 27.7497844696044922
4 16 1 143.2717742919921875
4 16 1 3.9412300586700439
4 16 1 54.4537582397460938
4 16 1 84.1255798339843750
4 16 1 98.0093688964843750
4 16 1 324.0289306640625000
4 16 1 698.5752563476562500
4 16 1 164.5823822021484375
4 16 1 12.5778369903564453
4 16 1 25.0539054870605469
4 16 1 113.7698364257812500
4 16 1 34.6712379455566406
4 16 1 49.9329109191894531
4 16 1 38.6593284606933594
4 16 1 157.1822509765625000
4 16 1 267.4311828613281250
4 16 1 19.2004241943359375
4 16 1 30.8457794189453125
4 16 1 38.4097518920898438
4 16 1 84.3028106689453125
4 16 1 24.1541824340820312
4 16 1 24.4999885559082031
4 16 1 34.6504096984863281
4 16 1 30.8425045013427734
4 16 1 14.5743741989135742
4 16 1 48.9874458312988281
4 16 1 197.4524536132812500
4 16 1 46.2089653015136719
4 16 1 23.7151145935058594
4 16 1 117.7117080688476562
4 16 1 8.1990213394165039
4 16 1 16.6758365631103516
4 16 1 94.3942413330078125
4 16 1 72.9255752563476562
4 16 1 26.9206352233886719
4 16 1 168.5438232421875000
4 16 1 4.6577959060668945
4 16 1 21.3056964874267578
4 16 1 24.8504810333251953
4 16 1 58.8213539123535156
4 16 1 5.7144579887390137
4 16 1 106.0334930419921875
4 16 1 178.0146942138671875
4 16 1 26.0123920440673828
4 16 1 6.8895168304443359
4 16 1 17.9265384674072266
4 16 1 10.1113710403442383
4 16 1 41.0412712097167969
4 16 1 21.3346843719482422
4 16 1 120.9623336791992188
4 16 1 39.6338920593261719
4 16 1 29.0263481140136719
4 16 1 24.9910106658935547
4 16 1 21.9985504150390625
4 16 1 4.0494904518127441
4 16 1 13.0038461685180664
4 32 1 0.8328817486763000
4 32 1 7.7495183944702148
4 32 1 34.8060531616210938
4 32 1 11.6748847961425781
4 32 1 3.6026194095611572
4 32 1 168.8406219482421875
4 32 1 2.6132917404174805
4 32 1 11.2965993881225586
4 32 1 3.1652491092681885
4 32 1 6.2399897575378418
4 32 1 10.8819446563720703
4 32 1 15.5013437271118164
4 32 1 6.1407957077026367
4 32 1 3.4542691707611084
4 32 1 21.9130420684814453
4 32 1 42.9962196350097656
4 32 1 8.1583890914916992
4 32 1 5.3043107986450195
4 32 1 31.9248218536376953
4 32 1 24.8146018981933594
4 32 1 6.5826725959777832
4 32 1 2.1682939529418945
4 32 1 3.3750317096710205
4 32 1 32.5890045166015625
4 32 1 48.9955863952636719
4 32 1 5.4609575271606445
4 32 1 16.2066631317138672
4 32 1 22.0538597106933594
4 32 1 8.4177379608154297
4 32 1 21.0003051757812500
4 32 1 221.7776031494140625
4 32 1 21.5244693756103516
4 32 1 35.4256515502929688
4 32 1 10.1372451782226562
4 32 1 19.5495719909667969
4 32 1 19.0024738311767578
4 32 1 57.7548828125000000
4 32 1 17.9344253540039062
4 32 1 9.4763240814208984
4 32 1 3.4296572208404541
4 32 1 2.2382473945617676
4 32 1 2.8913092613220215
4 32 1 24.7885589599609375
4 32 1 11.1025199890136719
4 32 1 3.7006664276123047
4 32 1 3.5578811168670654
4 32 1 1.9939966201782227
4 32 1 81.6180801391601562
4 32 1 13.6895055770874023
4 32 1 2.3208434581756592
4 32 1 50.5179634094238281
4 32 1 5.7543210983276367
4 32 1 17.1365871429443359
4 32 1 4.3121099472045898
4 32 1 32.8164024353027344
4 32 1 7.4014124870300293
4 32 1 7.2480134963989258
4 32 1 21.3621292114257812
4 32 1 20.2661781311035156
4 32 1 5.2254590988159180
4 32 1 8.4874515533447266
4 32 1 1.8612008094787598
4 32 1 23.3148078918457031
4 32 1 46.7693748474121094
4 32 1 7.4495587348937988
4 32 1 15.9042110443115234
4 32 1 2.7476177215576172
4 32 1 99.6741485595703125
4 32 1 160.5360260009765625
4 32 1 5.5427608489990234
4 32 1 4.4647202491760254
4 32 1 15.7776756286621094
4 32 1 31.1794147491455078
4 32 1 36.5691490173339844
4 32 1 17.1947383880615234
4 32 1 10.8765783309936523
4 32 1 48.8678016662597656
4 32 1 4.3906540870666504
4 32 1 16.3047943115234375
4 32 1 7.1146545410156250
4 32 1 33.1315078735351562
4 32 1 11.4981050491333008
4 32 1 48.0838317871093750
4 32 1 5.8105745315551758
4 32 1 19.4608459472656250
4 32 1 5.5610289573669434
4 32 1 13.7194814682006836
4 32 1 1.6501324176788330
4 32 1 75.9799118041992188
4 32 1 2.6194775104522705
4 32 1 13.9622898101806641
4 32 1 14.5627098083496094
4 32 1 23.8808441162109375
4 32 1 23.6867160797119141
4 32 1 8.1548690795898438
4 32 1 2.9357030391693115
4 32 1 1.9939966201782227
4 32 1 2.1047918796539307
4 32 1 21.1541728973388672
4 32 1 4.9239320755004883
4 64 1 5.5765810012817383
4 64 1 25.9141750335693359
4 64 1 28.4209213256835938
4 64 1 2.0955634117126465
4 64 1 1.6591998338699341
4 64 1 3.7950122356414795
4 64 1 8.8097486495971680
4 64 1 1.6779437065124512
4 64 1 3.8113217353820801
4 64 1 1.4626839160919189
4 64 1 2.5854027271270752
4 64 1 4.9034814834594727
4 64 1 4.4312052726745605
4 64 1 2.3716986179351807
4 64 1 3.5664870738983154
4 64 1 2.7534515857696533
4 64 1 3.0949077606201172
4 64 1 2.5418567657470703
4 64 1 10.6266355514526367
4 64 1 0.7650182843208313
4 64 1 18.0478267669677734
4 64 1 1.6918339729309082
4 64 1 3.0774948596954346
4 64 1 3.6734910011291504
4 64 1 6.9888973236083984
4 64 1 1.4921174049377441
4 64 1 23.9280853271484375
4 64 1 7.8313236236572266
4 64 1 12.1099300384521484
4 64 1 1.7588037252426147
4 64 1 6.5172047615051270
4 64 1 1.5806066989898682
4 64 1 5.0347971916198730
4 64 1 4.9207916259765625
4 64 1 1.4662065505981445
4 64 1 6.7449965476989746
4 64 1 5.2674174308776855
4 64 1 1.6077795028686523
4 64 1 5.2293176651000977
4 64 1 4.9403352737426758
4 64 1 0.8268408179283142
4 64 1 4.7959547042846680
4 64 1 10.6901817321777344
4 64 1 2.2876167297363281
4 64 1 1.7619482278823853
4 64 1 1.7155276536941528
4 64 1 1.4158536195755005
4 64 1 3.6861069202423096
4 64 1 7.7754502296447754
4 64 1 7.0517840385437012
4 64 1 1.9524997472763062
4 64 1 14.0782213211059570
4 64 1 4.7161498069763184
4 64 1 17.0798320770263672
4 64 1 15.8466463088989258
4 64 1 7.1506128311157227
4 64 1 113.6980209350585938
4 64 1 2.0890374183654785
4 64 1 2.4363334178924561
4 64 1 8.5204601287841797
4 64 1 15.1076755523681641
4 64 1 4.8941631317138672
4 64 1 1.5057293176651001
4 64 1 2.9983506202697754
4 64 1 4.8624100685119629
4 64 1 1.4770643711090088
4 64 1 5.4290199279785156
4 64 1 3.3675832748413086
4 64 1 2.0049691200256348
4 64 1 1.3887001276016235
4 64 1 2.6212596893310547
4 64 1 2.3049046993255615
4 64 1 5.9261503219604492
4 64 1 1.5304707288742065
4 64 1 5.0313844680786133
4 64 1 2.2109203338623047
4 64 1 7.0634703636169434
4 64 1 4.2719860076904297
4 64 1 5.8386921882629395
4 64 1 1.7671368122100830
4 64 1 2.7649369239807129
4 64 1 2.0423090457916260
4 64 1 1.7182006835937500
4 64 1 3.0515358448028564
4 64 1 7.2097239494323730
4 64 1 12.5748844146728516
4 64 1 2.6932787895202637
4 64 1 4.2388243675231934
4 64 1 2.0643758773803711
4 64 1 2.9985969066619873
4 64 1 1.8425011634826660
4 64 1 3.6152267456054688
4 64 1 0.8371366858482361
4 64 1 15.8426113128662109
4 64 1 2.8727059364318848
4 64 1 37.6004524230957031
4 64 1 28.2110404968261719
4 64 1 1.5094985961914062
4 64 1 0.7856304049491882
4 64 1 4.6235275268554688
4 128 1 3.6975305080413818
4 128 1 1.8592845201492310
4 128 1 1.1390157938003540
4 128 1 2.3539326190948486
4 128 1 1.1509553194046021
4 128 1 0.9082419872283936
4 128 1 4.5534968376159668
4 128 1 1.2705368995666504
4 128 1 1.9704961776733398
4 128 1 2.1691427230834961
4 128 1 2.3431649208068848
4 128 1 5.6015949249267578
4 128 1 5.6938295364379883
4 128 1 2.3771228790283203
4 128 1 1.6418725252151489
4 128 1 2.1284112930297852
4 128 1 1.3388187885284424
4 128 1 2.5989632606506348
4 128 1 2.5842928886413574
4 128 1 1.3458838462829590
4 128 1 1.7084225416183472
4 128 1 0.9447563290596008
4 128 1 1.5666432380676270
4 128 1 2.5977969169616699
4 128 1 2.9300391674041748
4 128 1 2.0445151329040527
4 128 1 1.4667906761169434
4 128 1 0.7344128489494324
4 128 1 2.1647517681121826
4 128 1 2.0091161727905273
4 128 1 5.7362408638000488
4 128 1 1.8567634820938110
4 128 1 1.7262120246887207
4 128 1 2.1975889205932617
4 128 1 1.8912812471389771
4 128 1 2.1190359592437744
4 128 1 2.3065631389617920
4 128 1 2.3424432277679443
4 128 1 1.8265200853347778
4 128 1 3.9264309406280518
4 128 1 1.4709032773971558
4 128 1 3.8455622196197510
4 128 1 5.5462913513183594
4 128 1 1.6496630907058716
4 128 1 3.1948728561401367
4 128 1 2.5167050361633301
4 128 1 0.9379245042800903
4 128 1 2.0243263244628906
4 128 1 2.0560574531555176
4 128 1 1.8432430028915405
4 128 1 0.8307296633720398
4 128 1 2.0732972621917725
4 128 1 1.8219162225723267
4 128 1 1.1405957937240601
4 128 1 1.6001193523406982
4 128 1 1.4107214212417603
4 128 1 1.5378304719924927
4 128 1 1.7684690952301025
4 128 1 1.6174421310424805
4 128 1 1.9216274023056030
4 128 1 2.7327837944030762
4 128 1 1.3753093481063843
4 128 1 1.5085306167602539
4 128 1 2.9603118896484375
4 128 1 0.7373308539390564
4 128 1 4.6804375648498535
4 128 1 1.5469549894332886
4 128 1 1.5821839570999146
4 128 1 3.3278012275695801
4 128 1 0.9158877730369568
4 128 1 1.5303082466125488
4 128 1 1.4960230588912964
4 128 1 2.0741207599639893
4 128 1 4.4139223098754883
4 128 1 1.5276340246200562
4 128 1 1.4847648143768311
4 128 1 1.8435275554656982
4 128 1 1.2444930076599121
4 128 1 2.5902738571166992
4 128 1 3.4576680660247803
4 128 1 0.9841111898422241
4 128 1 1.7454617023468018
4 128 1 1.7591273784637451
4 128 1 2.9664249420166016
4 128 1 0.9695150852203369
4 128 1 2.0755019187927246
4 128 1 2.2272226810455322
4 128 1 2.3433396816253662
4 128 1 1.0596646070480347
4 128 1 3.0338556766510010
4 128 1 5.2880468368530273
4 128 1 2.4443047046661377
4 128 1 1.2796142101287842
4 128 1 1.0195349454879761
4 128 1 1.5133475065231323
4 128 1 1.0655382871627808
4 128 1 1.3242927789688110
4 128 1 1.7497493028640747
4 128 1 1.4993437528610229
4 128 1 1.9238742589950562
4 256 1 1.3739956617355347
4 256 1 1.0824466943740845
4 256 1 1.2918925285339355
4 256 1 1.0567096471786499
4 256 1 0.8093968033790588
4 256 1 0.8351217508316040
4 256 1 1.5413928031921387
4 256 1 1.3468353748321533
4 256 1 1.0505748987197876
4 256 1 1.4725897312164307
4 256 1 2.2983832359313965
4 256 1 1.6433579921722412
4 256 1 1.0871711969375610
4 256 1 1.1072971820831299
4 256 1 1.1333930492401123
4 256 1 1.2675205469131470
4 256 1 1.0121742486953735
4 256 1 3.1738409996032715
4 256 1 1.8452726602554321
4 256 1 1.0574609041213989
4 256 1 0.8667626380920410
4 256 1 0.7707369327545166
4 256 1 1.6122469902038574
4 256 1 1.8340306282043457
4 256 1 1.0167756080627441
4 256 1 0.9867144823074341
4 256 1 1.1560093164443970
4 256 1 1.5322307348251343
4 256 1 0.9653162956237793
4 256 1 1.2442153692245483
4 256 1 1.6643879413604736
4 256 1 1.6428256034851074
4 256 1 1.2898674011230469
4 256 1 1.7179521322250366
4 256 1 1.3719226121902466
4 256 1 1.1878455877304077
4 256 1 0.7566639780998230
4 256 1 0.9472418427467346
4 256 1 1.7548085451126099
4 256 1 1.2548172473907471
4 256 1 0.9617781639099121
4 256 1 1.7145577669143677
4 256 1 0.7326589822769165
4 256 1 2.3710896968841553
4 256 1 0.9063412547111511
4 256 1 2.3682308197021484
4 256 1 1.7862327098846436
4 256 1 1.0334446430206299
4 256 1 0.9037627577781677
4 256 1 1.9526420831680298
4 256 1 1.0047827959060669
4 256 1 1.6570864915847778
4 256 1 2.5468068122863770
4 256 1 1.1242973804473877
4 256 1 1.3428410291671753
4 256 1 1.5385400056838989
4 256 1 1.0860849618911743
4 256 1 0.8922350406646729
4 256 1 0.9826114177703857
4 256 1 1.7236678600311279
4 256 1 0.8042837381362915
4 256 1 1.1341909170150757
4 256 1 0.6742968559265137
4 256 1 1.5355416536331177
4 256 1 1.4991711378097534
4 256 1 1.7723900079727173
4 256 1 0.8858625888824463
4 256 1 0.8885694146156311
4 256 1 1.0376259088516235
4 256 1 1.4049829244613647
4 256 1 0.9822366833686829
4 256 1 1.3202759027481079
4 256 1 2.6523871421813965
4 256 1 3.1284575462341309
4 256 1 1.2926194667816162
4 256 1 1.1215863227844238
4 256 1 0.6951800584793091
4 256 1 0.6417955160140991
4 256 1 1.0251425504684448
4 256 1 1.1893149614334106
4 256 1 1.3053382635116577
4 256 1 0.9254212975502014
4 256 1 2.0619738101959229
4 256 1 1.2795422077178955
4 256 1 1.4445023536682129
4 256 1 1.6308708190917969
4 256 1 2.2984006404876709
4 256 1 1.5154205560684204
4 256 1 1.4423347711563110
4 256 1 1.2105965614318848
4 256 1 0.8822305798530579
4 256 1 1.4646748304367065
4 256 1 1.5492297410964966
4 256 1 1.4719761610031128
4 256 1 1.4333710670471191
4 256 1 1.6464438438415527
4 256 1 1.9792228937149048
4 256 1 2.5226399898529053
4 256 1 0.8683636188507080
4 256 1 0.8231787681579590
4 512 1 1.1344478130340576
4 512 1 1.0889998674392700
4 512 1 1.4624556303024292
4 512 1 1.0855273008346558
4 512 1 0.7972804903984070
4 512 1 1.2211468219757080
4 512 1 1.2927078008651733
4 512 1 0.9939721822738647
4 512 1 0.8885026574134827
4 512 1 1.1570992469787598
4 512 1 1.2836536169052124
4 512 1 1.1367087364196777
4 512 1 0.9117922782897949
4 512 1 0.6916145086288452
4 512 1 1.0568311214447021
4 512 1 0.9700012803077698
4 512 1 0.9468654394149780
4 512 1 1.0251182317733765
4 512 1 1.0588523149490356
4 512 1 1.0237171649932861
4 512 1 1.2323536872863770
4 512 1 0.7351685166358948
4 512 1 1.0097424983978271
4 512 1 0.7390244007110596
4 512 1 0.9280191659927368
4 512 1 0.9912379980087280
4 512 1 0.8448333144187927
4 512 1 1.2928990125656128
4 512 1 0.8836810588836670
4 512 1 1.0402553081512451
4 512 1 0.9508715271949768
4 512 1 1.3170434236526489
4 512 1 1.1960223913192749
4 512 1 0.8044815063476562
4 512 1 0.9450939893722534
4 512 1 1.2055109739303589
4 512 1 0.9391348958015442
4 512 1 1.0096086263656616
4 512 1 1.0838501453399658
4 512 1 1.1326289176940918
4 512 1 0.9799049496650696
4 512 1 1.0770335197448730
4 512 1 1.1669247150421143
4 512 1 0.9606341719627380
4 512 1 0.8932254910469055
4 512 1 0.9492133259773254
4 512 1 0.9736960530281067
4 512 1 1.1659960746765137
4 512 1 0.7224860191345215
4 512 1 0.9785805344581604
4 512 1 1.0852499008178711
4 512 1 1.0897383689880371
4 512 1 1.4734504222869873
4 512 1 0.6430048942565918
4 512 1 0.9386569857597351
4 512 1 1.8488775491714478
4 512 1 1.5415256023406982
4 512 1 0.8229558467864990
4 512 1 1.0381820201873779
4 512 1 1.2581883668899536
4 512 1 0.6554552316665649
4 512 1 0.9075744152069092
4 512 1 0.9643159508705139
4 512 1 0.9643520116806030
4 512 1 1.5493313074111938
4 512 1 0.8672776818275452
4 512 1 1.1808413267135620
4 512 1 0.7668648362159729
4 512 1 0.8673661947250366
4 512 1 0.8306257128715515
4 512 1 1.0637595653533936
4 512 1 1.1268764734268188
4 512 1 0.8126007318496704
4 512 1 1.2346234321594238
4 512 1 0.8984473347663879
4 512 1 0.9565507769584656
4 512 1 0.6778147220611572
4 512 1 1.4532144069671631
4 512 1 1.1163905858993530
4 512 1 0.9485937356948853
4 512 1 0.9501577615737915
4 512 1 0.6981729865074158
4 512 1 0.8537467718124390
4 512 1 2.2468459606170654
4 512 1 0.9410327672958374
4 512 1 0.5618627667427063
4 512 1 1.0562030076980591
4 512 1 0.7817238569259644
4 512 1 1.0273180007934570
4 512 1 0.9287680983543396
4 512 1 0.9388445019721985
4 512 1 1.2580735683441162
4 512 1 0.8741545677185059
4 512 1 1.2771768569946289
4 512 1 1.3989000320434570
4 512 1 1.2334833145141602
4 512 1 0.8482628464698792
4 512 1 0.9511106610298157
4 512 1 1.0417040586471558
4 512 1 0.8187267780303955
8 4 1 22.9486312866210938
8 4 1 22.5636348724365234
8 4 1 29.4049224853515625
8 4 1 20.1728057861328125
8 4 1 24.0276737213134766
8 4 1 46.9610061645507812
8 4 1 6.1215629577636719
8 4 1 26.5895748138427734
8 4 1 32.0083122253417969
8 4 1 25.6015739440917969
8 4 1 79.3511962890625000
8 4 1 24.0409603118896484
8 4 1 316.0107116699218750
8 4 1 19.9544258117675781
8 4 1 12.6254262924194336
8 4 1 193.1748046875000000
8 4 1 26.9011917114257812
8 4 1 83.1446990966796875
8 4 1 15.4946107864379883
8 4 1 180.6869964599609375
8 4 1 55.3119964599609375
8 4 1 222.3235473632812500
8 4 1 2.9597764015197754
8 4 1 233.2029266357421875
8 4 1 75.5256652832031250
8 4 1 43.1111488342285156
8 4 1 5.6968498229980469
8 4 1 52.4308242797851562
8 4 1 28.5844440460205078
8 4 1 319.3952026367187500
8 4 1 113.2923736572265625
8 4 1 86.5480041503906250
8 4 1 8.7154817581176758
8 4 1 78.3686218261718750
8 4 1 357.7244567871093750
8 4 1 4.7193489074707031
8 4 1 44.1437644958496094
8 4 1 74.5230484008789062
8 4 1 9.8978729248046875
8 4 1 93.3113708496093750
8 4 1 65.8941726684570312
8 4 1 59.2344322204589844
8 4 1 82.9649429321289062
8 4 1 34.3271713256835938
8 4 1 17.8995742797851562
8 4 1 22.2174949645996094
8 4 1 26.1152706146240234
8 4 1 176.0624847412109375
8 4 1 76.2340164184570312
8 4 1 22.5984516143798828
8 4 1 14.2340841293334961
8 4 1 13.1483907699584961
8 4 1 7.4171824455261230
8 4 1 10.0859012603759766
8 4 1 14.5873746871948242
8 4 1 44.0249137878417969
8 4 1 66.7078094482421875
8 4 1 8.0553665161132812
8 4 1 56.3155899047851562
8 4 1 7.6133551597595215
8 4 1 34.5609703063964844
8 4 1 49.3315582275390625
8 4 1 58.7361488342285156
8 4 1 311.5190124511718750
8 4 1 48.2333869934082031
8 4 1 160.5324096679687500
8 4 1 31.8933773040771484
8 4 1 251.8889770507812500
8 4 1 29.1353435516357422
8 4 1 50.6374740600585938
8 4 1 25.9765434265136719
8 4 1 20.4279708862304688
8 4 1 72.4091186523437500
8 4 1 20.5397319793701172
8 4 1 50.9054069519042969
8 4 1 66.9374237060546875
8 4 1 733.3741455078125000
8 4 1 21.5678386688232422
8 4 1 19.8257122039794922
8 4 1 14.9265689849853516
8 4 1 24.9158687591552734
8 4 1 120.2049865722656250
8 4 1 11.4196224212646484
8 4 1 35.9110412597656250
8 4 1 18.3387203216552734
8 4 1 281.8393554687500000
8 4 1 23.9282608032226562
8 4 1 51.9554977416992188
8 4 1 11.8273763656616211
8 4 1 20.8825798034667969
8 4 1 46.6217384338378906
8 4 1 30.4227218627929688
8 4 1 110.7318954467773438
8 4 1 99.2840118408203125
8 4 1 26.6646804809570312
8 4 1 43.6158905029296875
8 4 1 32.7341117858886719
8 4 1 39.8969230651855469
8 4 1 8.7088308334350586
8 4 1 16.5034694671630859
8 8 1 25.1213798522949219
8 8 1 44.2749366760253906
8 8 1 61.9969520568847656
8 8 1 17.2509517669677734
8 8 1 10.1261405944824219
8 8 1 28.8806667327880859
8 8 1 12.5755529403686523
8 8 1 37.4583816528320312
8 8 1 96.8314361572265625
8 8 1 17.4104652404785156
8 8 1 19.7419471740722656
8 8 1 20.6146335601806641
8 8 1 5.7242569923400879
8 8 1 21.1954517364501953
8 8 1 6.6635107994079590
8 8 1 21.6111965179443359
8 8 1 10.7652702331542969
8 8 1 74.3348693847656250
8 8 1 22.8869342803955078
8 8 1 2.6626338958740234
8 8 1 259.6065368652343750
8 8 1 31.8607521057128906
8 8 1 57.1356010437011719
8 8 1 45.7827873229980469
8 8 1 35.1651992797851562
8 8 1 127.5507354736328125
8 8 1 14.5372276306152344
8 8 1 16.7600479125976562
8 8 1 16.9042510986328125
8 8 1 23.1480693817138672
8 8 1 28.6798973083496094
8 8 1 27.4150390625000000
8 8 1 4.7562885284423828
8 8 1 42.9413719177246094
8 8 1 46.6119880676269531
8 8 1 36.2749786376953125
8 8 1 22.8172168731689453
8 8 1 69.9620590209960938
8 8 1 26.2714557647705078
8 8 1 10.4330492019653320
8 8 1 21.3951129913330078
8 8 1 21.0560283660888672
8 8 1 35.0025749206542969
8 8 1 367.1194152832031250
8 8 1 150.3612518310546875
8 8 1 16.5861206054687500
8 8 1 32.9565582275390625
8 8 1 46.2509536743164062
8 8 1 19.4241447448730469
8 8 1 19.4142074584960938
8 8 1 10.3718423843383789
8 8 1 8.1604738235473633
8 8 1 17.0337600708007812
8 8 1 35.5704879760742188
8 8 1 46.5074920654296875
8 8 1 78.4939041137695312
8 8 1 1360.9565429687500000
8 8 1 19.9309844970703125
8 8 1 4.4873991012573242
8 8 1 4.3892202377319336
8 8 1 134.5075836181640625
8 8 1 114.6214904785156250
8 8 1 22.5000972747802734
8 8 1 99.8051757812500000
8 8 1 22.3980941772460938
8 8 1 113.2393875122070312
8 8 1 78.4596557617187500
8 8 1 3.0386016368865967
8 8 1 41.9496879577636719
8 8 1 9.2939767837524414
8 8 1 49.9670104980468750
8 8 1 371.1060180664062500
8 8 1 34.8616409301757812
8 8 1 120.9167251586914062
8 8 1 24.5072193145751953
8 8 1 25.4015884399414062
8 8 1 7.6611661911010742
8 8 1 10.2196035385131836
8 8 1 31.5211009979248047
8 8 1 133.2095184326171875
8 8 1 93.5449676513671875
8 8 1 36.4493942260742188
8 8 1 92.8006057739257812
8 8 1 39.3967437744140625
8 8 1 25.6963577270507812
8 8 1 4.2821931838989258
8 8 1 50.7261123657226562
8 8 1 4.9423251152038574
8 8 1 43.4452095031738281
8 8 1 54.6988410949707031
8 8 1 57.4942283630371094
8 8 1 13.2918949127197266
8 8 1 54.8374557495117188
8 8 1 9.0005226135253906
8 8 1 96.5856246948242188
8 8 1 45.8408088684082031
8 8 1 25.7103500366210938
8 8 1 147.8344268798828125
8 8 1 3.3869564533233643
8 8 1 46.0093536376953125
8 16 1 15.4820671081542969
8 16 1 13.2335481643676758
8 16 1 9.0339374542236328
8 16 1 22.1653194427490234
8 16 1 12.0171289443969727
8 16 1 16.5071525573730469
8 16 1 6.8674144744873047
8 16 1 54.6827163696289062
8 16 1 3.0284588336944580
8 16 1 18.1870880126953125
8 16 1 7.5805606842041016
8 16 1 3.2132918834686279
8 16 1 53.5421867370605469
8 16 1 14.1491146087646484
8 16 1 4.9915471076965332
8 16 1 10.3413028717041016
8 16 1 14.5785827636718750
8 16 1 19.5482616424560547
8 16 1 1.3139277696609497
8 16 1 17.9986553192138672
8 16 1 38.9145851135253906
8 16 1 2.1632146835327148
8 16 1 2.7897679805755615
8 16 1 113.9590148925781250
8 16 1 43.1512222290039062
8 16 1 19.2182865142822266
8 16 1 10.9317531585693359
8 16 1 12.4219799041748047
8 16 1 5.4571137428283691
8 16 1 15.5898160934448242
8 16 1 8.8418111801147461
8 16 1 38.3158035278320312
8 16 1 13.1641750335693359
8 16 1 9.6518487930297852
8 16 1 151.4548187255859375
8 16 1 208.4688720703125000
8 16 1 74.7929458618164062
8 16 1 7.6686635017395020
8 16 1 4.1812095642089844
8 16 1 23.2663574218750000
8 16 1 7.7617540359497070
8 16 1 2.9114174842834473
8 16 1 50.6648674011230469
8 16 1 11.5110616683959961
8 16 1 51.8108558654785156
8 16 1 17.8436965942382812
8 16 1 3.9343039989471436
8 16 1 3.3098862171173096
8 16 1 164.9898071289062500
8 16 1 2.6042249202728271
8 16 1 5.1057057380676270
8 16 1 42.1103477478027344
8 16 1 30.5592575073242188
8 16 1 26.6750774383544922
8 16 1 19.1758308410644531
8 16 1 12.5983572006225586
8 16 1 43.9710464477539062
8 16 1 32.1885910034179688
8 16 1 32.2473983764648438
8 16 1 6.9660162925720215
8 16 1 2.5006227493286133
8 16 1 45.5376892089843750
8 16 1 7.4722633361816406
8 16 1 29.4065723419189453
8 16 1 1.7866193056106567
8 16 1 16.8063240051269531
8 16 1 9.9429121017456055
8 16 1 19.7614860534667969
8 16 1 21.1498584747314453
8 16 1 6.9206895828247070
8 16 1 43.5107765197753906
8 16 1 1.8839733600616455
8 16 1 18.1074676513671875
8 16 1 12.5020198822021484
8 16 1 17.4461727142333984
8 16 1 361.0817260742187500
8 16 1 118.9561691284179688
8 16 1 18.6201095581054688
8 16 1 3.5138945579528809
8 16 1 9.8992786407470703
8 16 1 203.6943359375000000
8 16 1 58.1840705871582031
8 16 1 19.8066482543945312
8 16 1 59.9596138000488281
8 16 1 17.4741382598876953
8 16 1 27.3950252532958984
8 16 1 5.2650523185729980
8 16 1 12.8901138305664062
8 16 1 57.6272430419921875
8 16 1 23.6672954559326172
8 16 1 52.8912124633789062
8 16 1 10.3292207717895508
8 16 1 16.5756969451904297
8 16 1 10.0326004028320312
8 16 1 11.2208852767944336
8 16 1 21.8421115875244141
8 16 1 8.3787107467651367
8 16 1 154.1559143066406250
8 16 1 15.8219728469848633
8 16 1 43.2307510375976562
8 32 1 38.6442031860351562
8 32 1 2.6989557743072510
8 32 1 3.4038355350494385
8 32 1 2.3384990692138672
8 32 1 1.6213399171829224
8 32 1 24.6031513214111328
8 32 1 3.5310518741607666
8 32 1 3.3779964447021484
8 32 1 15.6852779388427734
8 32 1 2.5020816326141357
8 32 1 8.3124322891235352
8 32 1 2.8936252593994141
8 32 1 2.7028467655181885
8 32 1 4.5470085144042969
8 32 1 4.9846272468566895
8 32 1 16.0017642974853516
8 32 1 10.4116964340209961
8 32 1 10.3842048645019531
8 32 1 2.5764126777648926
8 32 1 17.2332477569580078
8 32 1 14.7561511993408203
8 32 1 15.6006193161010742
8 32 1 1.3512610197067261
8 32 1 0.8556129336357117
8 32 1 10.0197219848632812
8 32 1 0.8958325386047363
8 32 1 6.9193840026855469
8 32 1 1.1670677661895752
8 32 1 2.5599997043609619
8 32 1 16.3501510620117188
8 32 1 3.5082385540008545
8 32 1 2.4109733104705811
8 32 1 7.6299653053283691
8 32 1 39.4144706726074219
8 32 1 3.8045437335968018
8 32 1 15.0877208709716797
8 32 1 7.4934449195861816
8 32 1 4.4464063644409180
8 32 1 22.4907646179199219
8 32 1 3.4330110549926758
8 32 1 14.5462942123413086
8 32 1 3.0678620338439941
8 32 1 3.0079238414764404
8 32 1 3.1379559040069580
8 32 1 2.9077599048614502
8 32 1 2.5344235897064209
8 32 1 6.6220645904541016
8 32 1 5.0741825103759766
8 32 1 13.9078884124755859
8 32 1 4.2458577156066895
8 32 1 12.0761890411376953
8 32 1 1.9977777004241943
8 32 1 4.2414011955261230
8 32 1 13.0163364410400391
8 32 1 3.9721436500549316
8 32 1 2.1095154285430908
8 32 1 13.9574832916259766
8 32 1 2.0136945247650146
8 32 1 2.6627631187438965
8 32 1 15.6021537780761719
8 32 1 10.9358167648315430
8 32 1 9.1645631790161133
8 32 1 2.8242981433868408
8 32 1 4.0976276397705078
8 32 1 25.4185256958007812
8 32 1 2.5406942367553711
8 32 1 13.1017236709594727
8 32 1 0.7378520369529724
8 32 1 2.6898236274719238
8 32 1 12.1637907028198242
8 32 1 5.6719222068786621
8 32 1 6.0574617385864258
8 32 1 10.7537527084350586
8 32 1 2.0251457691192627
8 32 1 3.4227652549743652
8 32 1 2.6948468685150146
8 32 1 17.9529857635498047
8 32 1 2.5192520618438721
8 32 1 2.0120248794555664
8 32 1 6.7468042373657227
8 32 1 17.5912971496582031
8 32 1 1.2090799808502197
8 32 1 6.4613108634948730
8 32 1 3.9835116863250732
8 32 1 6.1343684196472168
8 32 1 27.6561603546142578
8 32 1 12.7517356872558594
8 32 1 16.5144195556640625
8 32 1 2.9342093467712402
8 32 1 4.3259291648864746
8 32 1 4.1236557960510254
8 32 1 12.1848945617675781
8 32 1 5.4933476448059082
8 32 1 1.9646432399749756
8 32 1 10.6976833343505859
8 32 1 21.2366237640380859
8 32 1 18.1697502136230469
8 32 1 2.1249928474426270
8 32 1 5.0103306770324707
8 32 1 7.1370153427124023
8 64 1 1.3359736204147339
8 64 1 1.9238702058792114
8 64 1 2.5564606189727783
8 64 1 1.6522271633148193
8 64 1 1.7917534112930298
8 64 1 1.6723046302795410
8 64 1 2.0592355728149414
8 64 1 1.7895460128784180
8 64 1 3.1217582225799561
8 64 1 7.1995043754577637
8 64 1 2.3846676349639893
8 64 1 1.2975692749023438
8 64 1 0.9314259290695190
8 64 1 1.7590873241424561
8 64 1 1.2089755535125732
8 64 1 1.7029544115066528
8 64 1 2.0775303840637207
8 64 1 3.5335679054260254
8 64 1 5.0826401710510254
8 64 1 4.6048498153686523
8 64 1 1.9262859821319580
8 64 1 1.5956475734710693
8 64 1 3.5476934909820557
8 64 1 3.4844243526458740
8 64 1 3.2254629135131836
8 64 1 0.7316412925720215
8 64 1 3.4971935749053955
8 64 1 1.8427538871765137
8 64 1 1.9846779108047485
8 64 1 3.1490297317504883
8 64 1 1.8062161207199097
8 64 1 1.1230189800262451
8 64 1 3.0993630886077881
8 64 1 2.0493853092193604
8 64 1 0.9879867434501648
8 64 1 5.7173643112182617
8 64 1 2.5188870429992676
8 64 1 1.5010042190551758
8 64 1 1.4184798002243042
8 64 1 0.9939771890640259
8 64 1 0.9893561005592346
8 64 1 2.0851716995239258
8 64 1 1.7040498256683350
8 64 1 1.5795637369155884
8 64 1 2.2908103466033936
8 64 1 1.9114004373550415
8 64 1 1.3913023471832275
8 64 1 3.0095105171203613
8 64 1 2.4321429729461670
8 64 1 3.3524193763732910
8 64 1 1.9677226543426514
8 64 1 1.2726664543151855
8 64 1 2.6014292240142822
8 64 1 2.0577373504638672
8 64 1 1.5203285217285156
8 64 1 2.2291939258575439
8 64 1 1.3353247642517090
8 64 1 13.1949100494384766
8 64 1 1.4976443052291870
8 64 1 2.1512227058410645
8 64 1 1.7381367683410645
8 64 1 1.5220614671707153
8 64 1 3.2793729305267334
8 64 1 1.3772810697555542
8 64 1 1.8660337924957275
8 64 1 1.2225813865661621
8 64 1 0.6717604994773865
8 64 1 1.1936603784561157
8 64 1 3.4202735424041748
8 64 1 3.6726207733154297
8 64 1 1.1028087139129639
8 64 1 2.6431982517242432
8 64 1 4.9112763404846191
8 64 1 2.7481267452239990
8 64 1 0.6902925968170166
8 64 1 2.0600080490112305
8 64 1 5.1844120025634766
8 64 1 3.2899603843688965
8 64 1 4.3854846954345703
8 64 1 2.4133322238922119
8 64 1 2.6615259647369385
8 64 1 2.2728643417358398
8 64 1 1.0139727592468262
8 64 1 5.1445703506469727
8 64 1 2.3376841545104980
8 64 1 2.6826920509338379
8 64 1 3.5843665599822998
8 64 1 1.3021788597106934
8 64 1 1.3342983722686768
8 64 1 1.9393463134765625
8 64 1 2.3185396194458008
8 64 1 1.6397689580917358
8 64 1 3.0426309108734131
8 64 1 1.8876166343688965
8 64 1 1.1934955120086670
8 64 1 2.6287722587585449
8 64 1 4.6937212944030762
8 64 1 2.9029505252838135
8 64 1 2.6396977901458740
8 64 1 1.5164625644683838
8 128 1 4.4342870712280273
8 128 1 1.4791455268859863
8 128 1 1.4423308372497559
8 128 1 1.0901286602020264
8 128 1 0.8054580092430115
8 128 1 1.2984220981597900
8 128 1 1.4272252321243286
8 128 1 2.6742143630981445
8 128 1 0.8698412179946899
8 128 1 1.5080150365829468
8 128 1 2.1927313804626465
8 128 1 1.4827876091003418
8 128 1 1.4788166284561157
8 128 1 1.0766420364379883
8 128 1 1.4304094314575195
8 128 1 1.5895119905471802
8 128 1 1.3547508716583252
8 128 1 2.0163931846618652
8 128 1 1.7160884141921997
8 128 1 1.1760485172271729
8 128 1 0.9973136186599731
8 128 1 0.7571752667427063
8 128 1 0.7169801592826843
8 128 1 1.9980105161666870
8 128 1 0.9784764647483826
8 128 1 1.7564954757690430
8 128 1 1.7021631002426147
8 128 1 0.8606057763099670
8 128 1 1.5360653400421143
8 128 1 1.0958845615386963
8 128 1 0.8845621347427368
8 128 1 1.3607422113418579
8 128 1 1.1576359272003174
8 128 1 1.3984158039093018
8 128 1 1.2410321235656738
8 128 1 1.3518191576004028
8 128 1 0.6695828437805176
8 128 1 1.2761666774749756
8 128 1 1.5902711153030396
8 128 1 1.0105232000350952
8 128 1 1.3548890352249146
8 128 1 2.8722794055938721
8 128 1 0.9003310203552246
8 128 1 2.1363368034362793
8 128 1 0.9438116550445557
8 128 1 1.5156378746032715
8 128 1 2.0838735103607178
8 128 1 1.3663802146911621
8 128 1 0.9655095934867859
8 128 1 1.1350423097610474
8 128 1 2.4475984573364258
8 128 1 1.2646123170852661
8 128 1 1.2309817075729370
8 128 1 1.7070243358612061
8 128 1 1.2775170803070068
8 128 1 1.2064951658248901
8 128 1 1.4049575328826904
8 128 1 2.3545191287994385
8 128 1 2.6209192276000977
8 128 1 1.7473949193954468
8 128 1 0.7285491824150085
8 128 1 1.6901153326034546
8 128 1 1.4754313230514526
8 128 1 1.3329074382781982
8 128 1 0.9258283972740173
8 128 1 1.5070301294326782
8 128 1 1.5131117105484009
8 128 1 1.0982382297515869
8 128 1 1.7570962905883789
8 128 1 1.2621695995330811
8 128 1 0.8947440385818481
8 128 1 1.3233122825622559
8 128 1 0.8543579578399658
8 128 1 1.0905659198760986
8 128 1 2.9000406265258789
8 128 1 0.8996919989585876
8 128 1 1.1011509895324707
8 128 1 0.9402228593826294
8 128 1 2.2772181034088135
8 128 1 0.6379556059837341
8 128 1 1.3767527341842651
8 128 1 1.4357244968414307
8 128 1 1.5430761575698853
8 128 1 3.3123157024383545
8 128 1 1.3149230480194092
8 128 1 0.6486712098121643
8 128 1 1.0734643936157227
8 128 1 2.9446511268615723
8 128 1 1.0548944473266602
8 128 1 1.7676292657852173
8 128 1 1.8071587085723877
8 128 1 1.2302405834197998
8 128 1 0.9178626537322998
8 128 1 1.3716846704483032
8 128 1 1.3981367349624634
8 128 1 2.3331122398376465
8 128 1 1.7551079988479614
8 128 1 1.4611395597457886
8 128 1 1.5460330247879028
8 128 1 1.2266627550125122
8 256 1 0.7201333642005920
8 256 1 0.8864711523056030
8 256 1 1.3373275995254517
8 256 1 0.8194174170494080
8 256 1 1.4265486001968384
8 256 1 0.6578123569488525
8 256 1 0.8338083028793335
8 256 1 0.6504995226860046
8 256 1 0.6411683559417725
8 256 1 0.9666653275489807
8 256 1 1.1028331518173218
8 256 1 0.9547344446182251
8 256 1 0.6506397128105164
8 256 1 1.2568737268447876
8 256 1 1.4357844591140747
8 256 1 1.9977470636367798
8 256 1 0.7955440282821655
8 256 1 0.8358632922172546
8 256 1 0.7119885087013245
8 256 1 0.9146766066551208
8 256 1 0.9046089053153992
8 256 1 1.3339486122131348
8 256 1 0.8552247881889343
8 256 1 0.9946799278259277
8 256 1 1.2625951766967773
8 256 1 0.7262964844703674
8 256 1 0.7367213964462280
8 256 1 0.6107757687568665
8 256 1 1.2783135175704956
8 256 1 0.9568745493888855
8 256 1 1.0643405914306641
8 256 1 0.8048768639564514
8 256 1 1.2627072334289551
8 256 1 1.0700570344924927
8 256 1 0.8703063130378723
8 256 1 0.9053584933280945
8 256 1 0.7153415679931641
8 256 1 0.9398958086967468
8 256 1 0.9011879563331604
8 256 1 1.0754863023757935
8 256 1 0.7601153850555420
8 256 1 0.8485466241836548
8 256 1 0.9162325263023376
8 256 1 1.5515400171279907
8 256 1 1.0333919525146484
8 256 1 0.9740303158760071
8 256 1 1.0333229303359985
8 256 1 1.0876978635787964
8 256 1 1.1354248523712158
8 256 1 1.0436195135116577
8 256 1 0.7637179493904114
8 256 1 0.8595246672630310
8 256 1 1.1031440496444702
8 256 1 1.7695907354354858
8 256 1 0.8439802527427673
8 256 1 0.9140766859054565
8 256 1 1.0576690435409546
8 256 1 1.2178168296813965
8 256 1 1.1417783498764038
8 256 1 0.9443083405494690
8 256 1 1.1020447015762329
8 256 1 0.9178254604339600
8 256 1 0.7157014608383179
8 256 1 1.6051312685012817
8 256 1 0.6308946013450623
8 256 1 0.5875330567359924
8 256 1 0.7251859307289124
8 256 1 0.6250121593475342
8 256 1 1.1192619800567627
8 256 1 0.9728807210922241
8 256 1 0.8053472638130188
8 256 1 1.1219744682312012
8 256 1 1.1466259956359863
8 256 1 0.5975205302238464
8 256 1 2.6208162307739258
8 256 1 1.1615267992019653
8 256 1 1.0858682394027710
8 256 1 1.0502380132675171
8 256 1 0.8992297649383545
8 256 1 1.0685596466064453
8 256 1 0.8766052722930908
8 256 1 1.3647941350936890
8 256 1 0.7250338196754456
8 256 1 0.8265931010246277
8 256 1 0.6678766608238220
8 256 1 1.4197241067886353
8 256 1 1.2720686197280884
8 256 1 1.0697283744812012
8 256 1 1.0495827198028564
8 256 1 0.8091619610786438
8 256 1 0.9054620265960693
8 256 1 0.9838338494300842
8 256 1 0.5443847179412842
8 256 1 0.5823961496353149
8 256 1 0.9578803181648254
8 256 1 1.0047941207885742
8 256 1 0.7878330349922180
8 256 1 1.1375491619110107
8 256 1 1.2283824682235718
8 256 1 1.1681182384490967
8 512 1 0.9814057946205139
8 512 1 0.6404644250869751
8 512 1 0.7203497290611267
8 512 1 0.9577423334121704
8 512 1 0.5866302847862244
8 512 1 1.0952726602554321
8 512 1 0.7454676628112793
8 512 1 0.8688614368438721
8 512 1 1.0666587352752686
8 512 1 0.5873390436172485
8 512 1 0.9291267991065979
8 512 1 1.0421509742736816
8 512 1 0.9410367012023926
8 512 1 0.7528875470161438
8 512 1 0.5030755400657654
8 512 1 1.0316510200500488
8 512 1 0.6509361267089844
8 512 1 0.6736413836479187
8 512 1 0.5715386271476746
8 512 1 0.7915377616882324
8 512 1 0.6694352626800537
8 512 1 0.7862902879714966
8 512 1 0.7357111573219299
8 512 1 0.6838544607162476
8 512 1 0.6353183984756470
8 512 1 0.7723063826560974
8 512 1 0.6349239349365234
8 512 1 0.8593676686286926
8 512 1 0.9536532759666443
8 512 1 0.7290635704994202
8 512 1 0.6814670562744141
8 512 1 0.6944648623466492
8 512 1 0.6825602650642395
8 512 1 0.5713489651679993
8 512 1 1.0013985633850098
8 512 1 0.7802638411521912
8 512 1 1.2700654268264771
8 512 1 0.9596912264823914
8 512 1 1.0583235025405884
8 512 1 0.6426268219947815
8 512 1 0.7990796566009521
8 512 1 0.8506666421890259
8 512 1 0.9787009954452515
8 512 1 0.6899567246437073
8 512 1 0.8570701479911804
8 512 1 1.2302010059356689
8 512 1 0.7531182765960693
8 512 1 0.7120537757873535
8 512 1 1.0649572610855103
8 512 1 0.6434037685394287
8 512 1 0.7752465605735779
8 512 1 0.6315928101539612
8 512 1 0.5919684767723083
8 512 1 0.8415369391441345
8 512 1 0.5574035048484802
8 512 1 0.6870517134666443
8 512 1 1.0884512662887573
8 512 1 0.6142673492431641
8 512 1 0.8330756425857544
8 512 1 0.6892018914222717
8 512 1 0.5739222168922424
8 512 1 0.7077451944351196
8 512 1 0.9227611422538757
8 512 1 0.8222512006759644
8 512 1 0.7386184930801392
8 512 1 0.9216834306716919
8 512 1 0.4954850375652313
8 512 1 0.9836956262588501
8 512 1 0.5286538600921631
8 512 1 0.6344172358512878
8 512 1 0.7639261484146118
8 512 1 0.5989755988121033
8 512 1 0.6481822729110718
8 512 1 0.8837795853614807
8 512 1 0.8633599281311035
8 512 1 0.8089860677719116
8 512 1 0.8015750050544739
8 512 1 0.6566069722175598
8 512 1 0.6229255795478821
8 512 1 0.6021423935890198
8 512 1 0.7959650158882141
8 512 1 1.0764569044113159
8 512 1 1.0388225317001343
8 512 1 0.8476651906967163
8 512 1 0.6417486071586609
8 512 1 0.6382889151573181
8 512 1 0.8298869132995605
8 512 1 0.7048051953315735
8 512 1 0.7527935504913330
8 512 1 0.9465088844299316
8 512 1 0.8532736897468567
8 512 1 1.3099697828292847
8 512 1 0.6129039525985718
8 512 1 0.6213757395744324
8 512 1 0.6565676927566528
8 512 1 0.7298471927642822
8 512 1 0.6480543017387390
8 512 1 1.0861877202987671
8 512 1 0.9472659230232239
8 512 1 0.9327998161315918
16 4 1 3.1403341293334961
16 4 1 22.6426849365234375
16 4 1 9.4163789749145508
16 4 1 8.2971706390380859
16 4 1 2.0317893028259277
16 4 1 4.6714701652526855
16 4 1 10.3620223999023438
16 4 1 8.7970457077026367
16 4 1 22.9027462005615234
16 4 1 10.1335258483886719
16 4 1 31.9742107391357422
16 4 1 11.6791820526123047
16 4 1 8.5406646728515625
16 4 1 17.5105781555175781
16 4 1 39.0161857604980469
16 4 1 60.0449333190917969
16 4 1 17.3740921020507812
16 4 1 3.2519271373748779
16 4 1 39.4979362487792969
16 4 1 18.6947555541992188
16 4 1 24.5182743072509766
16 4 1 48.6166954040527344
16 4 1 27.3766307830810547
16 4 1 21.4436397552490234
16 4 1 38.7790107727050781
16 4 1 45.4962120056152344
16 4 1 32.0841560363769531
16 4 1 5.9144425392150879
16 4 1 6.5960040092468262
16 4 1 41.1515388488769531
16 4 1 15.1315746307373047
16 4 1 43.5887603759765625
16 4 1 10.8695678710937500
16 4 1 15.0418128967285156
16 4 1 18.1369895935058594
16 4 1 17.9346237182617188
16 4 1 11.2822074890136719
16 4 1 47.2135467529296875
16 4 1 1.5884317159652710
16 4 1 2.1682095527648926
16 4 1 21.8297882080078125
16 4 1 5.6475939750671387
16 4 1 25.5032024383544922
16 4 1 28.8724174499511719
16 4 1 28.8392238616943359
16 4 1 17.3965606689453125
16 4 1 29.5927677154541016
16 4 1 25.1850738525390625
16 4 1 29.5593986511230469
16 4 1 8.9357738494873047
16 4 1 40.6136741638183594
16 4 1 18.7118587493896484
16 4 1 20.1774711608886719
16 4 1 5.6613025665283203
16 4 1 5.7902817726135254
16 4 1 11.4144706726074219
16 4 1 34.8083076477050781
16 4 1 18.5683269500732422
16 4 1 54.8160896301269531
16 4 1 24.1869449615478516
16 4 1 93.8474426269531250
16 4 1 37.3031845092773438
16 4 1 3.5298483371734619
16 4 1 12.1306104660034180
16 4 1 13.8008995056152344
16 4 1 38.1844482421875000
16 4 1 10.8715934753417969
16 4 1 42.4044151306152344
16 4 1 10.2177944183349609
16 4 1 14.3890047073364258
16 4 1 20.6784553527832031
16 4 1 47.6462402343750000
16 4 1 21.0762882232666016
16 4 1 6.7019581794738770
16 4 1 2.2540085315704346
16 4 1 2.1026837825775146
16 4 1 17.2484683990478516
16 4 1 8.1635055541992188
16 4 1 30.3807754516601562
16 4 1 6.6060485839843750
16 4 1 9.9399623870849609
16 4 1 13.2457180023193359
16 4 1 8.1999101638793945
16 4 1 38.0301742553710938
16 4 1 4.4531002044677734
16 4 1 11.1305847167968750
16 4 1 52.8682670593261719
16 4 1 7.3620009422302246
16 4 1 43.2242736816406250
16 4 1 2.4313247203826904
16 4 1 33.6609802246093750
16 4 1 7.1858353614807129
16 4 1 1.8557159900665283
16 4 1 47.9533348083496094
16 4 1 20.2927093505859375
16 4 1 8.1856040954589844
16 4 1 13.2123546600341797
16 4 1 6.0863742828369141
16 4 1 29.2069778442382812
16 4 1 18.7483768463134766
16 8 1 10.9587211608886719
16 8 1 7.6420807838439941
16 8 1 11.2607650756835938
16 8 1 8.3561792373657227
16 8 1 10.5604543685913086
16 8 1 59.7899284362792969
16 8 1 4.4870357513427734
16 8 1 4.2563157081604004
16 8 1 10.4607334136962891
16 8 1 10.8069877624511719
16 8 1 2.8519680500030518
16 8 1 10.0313262939453125
16 8 1 11.4595031738281250
16 8 1 20.4646358489990234
16 8 1 41.3667755126953125
16 8 1 26.8334159851074219
16 8 1 186.8319091796875000
16 8 1 1.9175698757171631
16 8 1 53.1665687561035156
16 8 1 38.2189483642578125
16 8 1 14.1986646652221680
16 8 1 15.4493589401245117
16 8 1 10.2167263031005859
16 8 1 23.8998641967773438
16 8 1 7.3838744163513184
16 8 1 15.4822359085083008
16 8 1 30.3084335327148438
16 8 1 14.3816747665405273
16 8 1 31.1231975555419922
16 8 1 8.7397756576538086
16 8 1 10.4841060638427734
16 8 1 11.5413293838500977
16 8 1 34.3972663879394531
16 8 1 21.7292728424072266
16 8 1 25.3248214721679688
16 8 1 2.7287187576293945
16 8 1 12.4855842590332031
16 8 1 22.8409595489501953
16 8 1 1.5351694822311401
16 8 1 21.5946807861328125
16 8 1 8.5259981155395508
16 8 1 47.1712951660156250
16 8 1 15.5837955474853516
16 8 1 1.1831252574920654
16 8 1 9.3708620071411133
16 8 1 60.1083679199218750
16 8 1 25.2957859039306641
16 8 1 4.2972316741943359
16 8 1 2.5344169139862061
16 8 1 28.9483699798583984
16 8 1 3.7668170928955078
16 8 1 3.7201602458953857
16 8 1 9.4822759628295898
16 8 1 6.5876469612121582
16 8 1 15.8047208786010742
16 8 1 7.5924043655395508
16 8 1 15.7284984588623047
16 8 1 6.2351775169372559
16 8 1 12.9638452529907227
16 8 1 10.4603061676025391
16 8 1 26.1083049774169922
16 8 1 3.6277747154235840
16 8 1 10.9652967453002930
16 8 1 13.7757530212402344
16 8 1 3.3487443923950195
16 8 1 22.1680240631103516
16 8 1 1.7334649562835693
16 8 1 9.9117698669433594
16 8 1 14.1883630752563477
16 8 1 13.1080236434936523
16 8 1 12.0485811233520508
16 8 1 1.8702331781387329
16 8 1 2.9590618610382080
16 8 1 11.0824985504150391
16 8 1 14.9146127700805664
16 8 1 4.8190021514892578
16 8 1 27.9514675140380859
16 8 1 13.7507324218750000
16 8 1 1.8802697658538818
16 8 1 13.9997215270996094
16 8 1 7.9478435516357422
16 8 1 7.6023216247558594
16 8 1 16.7438564300537109
16 8 1 3.2935581207275391
16 8 1 6.8206348419189453
16 8 1 57.1525535583496094
16 8 1 8.9008169174194336
16 8 1 6.4587583541870117
16 8 1 53.8161849975585938
16 8 1 13.3089656829833984
16 8 1 5.5908298492431641
16 8 1 2.6749398708343506
16 8 1 3.9516136646270752
16 8 1 4.0987262725830078
16 8 1 3.6123268604278564
16 8 1 28.7472972869873047
16 8 1 7.4387907981872559
16 8 1 12.9456357955932617
16 8 1 6.6112437248229980
16 8 1 26.1799125671386719
16 16 1 13.2283515930175781
16 16 1 2.0460538864135742
16 16 1 11.0746555328369141
16 16 1 1.1649188995361328
16 16 1 12.1961793899536133
16 16 1 9.3122520446777344
16 16 1 13.8637084960937500
16 16 1 1.8073570728302002
16 16 1 3.0234634876251221
16 16 1 5.0576033592224121
16 16 1 6.1601080894470215
16 16 1 12.9773550033569336
16 16 1 4.8931436538696289
16 16 1 22.7052669525146484
16 16 1 23.7358169555664062
16 16 1 14.0911779403686523
16 16 1 6.5318841934204102
16 16 1 9.2220993041992188
16 16 1 32.9587554931640625
16 16 1 4.5874280929565430
16 16 1 1.0825518369674683
16 16 1 2.4028780460357666
16 16 1 7.9062595367431641
16 16 1 7.6201262474060059
16 16 1 1.7094473838806152
16 16 1 0.9904337525367737
16 16 1 14.4746561050415039
16 16 1 6.1763997077941895
16 16 1 6.1730985641479492
16 16 1 4.2581586837768555
16 16 1 4.3548841476440430
16 16 1 13.9047069549560547
16 16 1 16.0149765014648438
16 16 1 26.2202739715576172
16 16 1 3.7710623741149902
16 16 1 2.6880753040313721
16 16 1 8.6295194625854492
16 16 1 24.7539558410644531
16 16 1 4.1364431381225586
16 16 1 16.7788753509521484
16 16 1 12.5903787612915039
16 16 1 7.1845870018005371
16 16 1 6.6805071830749512
16 16 1 4.5204710960388184
16 16 1 3.2549009323120117
16 16 1 4.8176140785217285
16 16 1 9.4549570083618164
16 16 1 21.2393131256103516
16 16 1 10.6439342498779297
16 16 1 2.7631127834320068
16 16 1 3.2099862098693848
16 16 1 7.2626643180847168
16 16 1 1.8371852636337280
16 16 1 2.8097565174102783
16 16 1 2.8386330604553223
16 16 1 14.8262548446655273
16 16 1 2.8334102630615234
16 16 1 2.1369762420654297
16 16 1 7.5611152648925781
16 16 1 4.8131132125854492
16 16 1 4.0396022796630859
16 16 1 8.4106292724609375
16 16 1 1.9737783670425415
16 16 1 2.4523639678955078
16 16 1 11.3741245269775391
16 16 1 0.9620268344879150
16 16 1 14.2255992889404297
16 16 1 2.7384140491485596
16 16 1 1.8782731294631958
16 16 1 3.0679044723510742
16 16 1 20.3985290527343750
16 16 1 10.2650661468505859
16 16 1 2.0364706516265869
16 16 1 2.5982952117919922
16 16 1 3.9150269031524658
16 16 1 11.0042190551757812
16 16 1 1.9199986457824707
16 16 1 40.8975524902343750
16 16 1 7.0374250411987305
16 16 1 1.5298302173614502
16 16 1 2.0459108352661133
16 16 1 5.3735184669494629
16 16 1 19.9404220581054688
16 16 1 2.4355535507202148
16 16 1 13.0728635787963867
16 16 1 19.9241828918457031
16 16 1 2.2628571987152100
16 16 1 12.9329833984375000
16 16 1 16.1176033020019531
16 16 1 0.7328060269355774
16 16 1 1.9559837579727173
16 16 1 50.7498817443847656
16 16 1 2.2639870643615723
16 16 1 3.9363853931427002
16 16 1 3.0141408443450928
16 16 1 2.2273585796356201
16 16 1 2.9418909549713135
16 16 1 6.5204524993896484
16 16 1 5.7455444335937500
16 16 1 12.2629747390747070
16 32 1 8.0651178359985352
16 32 1 12.7189149856567383
16 32 1 1.2718962430953979
16 32 1 1.2281076908111572
16 32 1 2.7883477210998535
16 32 1 1.9047454595565796
16 32 1 2.5599429607391357
16 32 1 3.0610635280609131
16 32 1 1.5417997837066650
16 32 1 1.8270744085311890
16 32 1 4.3847379684448242
16 32 1 15.1446037292480469
16 32 1 3.3739533424377441
16 32 1 6.1082682609558105
16 32 1 1.6194938421249390
16 32 1 1.9191207885742188
16 32 1 2.3817398548126221
16 32 1 1.6161607503890991
16 32 1 4.5428361892700195
16 32 1 2.6967618465423584
16 32 1 3.1910076141357422
16 32 1 1.9735351800918579
16 32 1 0.9968229532241821
16 32 1 1.6646064519882202
16 32 1 1.1267398595809937
16 32 1 2.0359628200531006
16 32 1 1.5025873184204102
16 32 1 4.1241035461425781
16 32 1 4.5275287628173828
16 32 1 3.7231972217559814
16 32 1 1.2199918031692505
16 32 1 1.9442080259323120
16 32 1 27.6798877716064453
16 32 1 1.1302280426025391
16 32 1 3.4368278980255127
16 32 1 5.9669589996337891
16 32 1 1.0511155128479004
16 32 1 6.2356233596801758
16 32 1 3.6373236179351807
16 32 1 2.7789318561553955
16 32 1 2.2429833412170410
16 32 1 2.3713088035583496
16 32 1 3.2282695770263672
16 32 1 1.5265934467315674
16 32 1 2.1871547698974609
16 32 1 1.9699978828430176
16 32 1 1.9432429075241089
16 32 1 5.9010581970214844
16 32 1 1.0586136579513550
16 32 1 2.1701431274414062
16 32 1 2.1782448291778564
16 32 1 3.6386802196502686
16 32 1 1.1078108549118042
16 32 1 21.4369277954101562
16 32 1 3.5600538253784180
16 32 1 1.1226990222930908
16 32 1 4.1985940933227539
16 32 1 0.8170855641365051
16 32 1 3.6777863502502441
16 32 1 2.1222009658813477
16 32 1 1.5310252904891968
16 32 1 1.5043941736221313
16 32 1 1.6155531406402588
16 32 1 3.5462405681610107
16 32 1 2.4172563552856445
16 32 1 2.5273761749267578
16 32 1 1.9173996448516846
16 32 1 2.2836322784423828
16 32 1 3.2133328914642334
16 32 1 1.5240205526351929
16 32 1 3.4634065628051758
16 32 1 9.4982967376708984
16 32 1 2.8507645130157471
16 32 1 16.4740543365478516
16 32 1 2.2165219783782959
16 32 1 3.5908188819885254
16 32 1 3.7526865005493164
16 32 1 2.0545468330383301
16 32 1 2.4392580986022949
16 32 1 1.7595052719116211
16 32 1 1.7200078964233398
16 32 1 2.2483942508697510
16 32 1 9.3892250061035156
16 32 1 1.6826918125152588
16 32 1 1.3326935768127441
16 32 1 1.3557019233703613
16 32 1 1.4984383583068848
16 32 1 3.3952472209930420
16 32 1 3.8861870765686035
16 32 1 2.4727883338928223
16 32 1 1.9061235189437866
16 32 1 1.5032442808151245
16 32 1 1.5136567354202271
16 32 1 1.1577517986297607
16 32 1 1.1274610757827759
16 32 1 1.4998518228530884
16 32 1 1.2493181228637695
16 32 1 12.7092103958129883
16 32 1 2.0756316184997559
16 32 1 4.6612186431884766
16 64 1 2.0611939430236816
16 64 1 1.9059164524078369
16 64 1 2.6144974231719971
16 64 1 1.6535162925720215
16 64 1 1.9551565647125244
16 64 1 1.6741316318511963
16 64 1 2.0588638782501221
16 64 1 1.2876319885253906
16 64 1 0.7649747729301453
16 64 1 1.5376231670379639
16 64 1 1.9236786365509033
16 64 1 0.5758982300758362
16 64 1 0.9397265911102295
16 64 1 1.6100369691848755
16 64 1 2.6044340133666992
16 64 1 1.5419480800628662
16 64 1 1.9151629209518433
16 64 1 1.6079760789871216
16 64 1 1.3189654350280762
16 64 1 1.0141553878784180
16 64 1 1.1391657590866089
16 64 1 1.4588131904602051
16 64 1 1.4188746213912964
16 64 1 0.6985653638839722
16 64 1 1.6269835233688354
16 64 1 0.5897311568260193
16 64 1 1.9447058439254761
16 64 1 0.8623412847518921
16 64 1 2.6822502613067627
16 64 1 0.7921436429023743
16 64 1 1.5021559000015259
16 64 1 1.3117277622222900
16 64 1 1.1408088207244873
16 64 1 1.3526072502136230
16 64 1 1.6948657035827637
16 64 1 1.0947676897048950
16 64 1 1.4195157289505005
16 64 1 0.9607886672019958
16 64 1 2.1795351505279541
16 64 1 0.7179121971130371
16 64 1 0.5960897207260132
16 64 1 1.0097742080688477
16 64 1 1.9446750879287720
16 64 1 1.3942985534667969
16 64 1 1.2912570238113403
16 64 1 0.9703006744384766
16 64 1 0.6909885406494141
16 64 1 0.9950591921806335
16 64 1 0.9902381896972656
16 64 1 1.6217217445373535
16 64 1 3.2363212108612061
16 64 1 1.6389917135238647
16 64 1 1.0557758808135986
16 64 1 0.8694745898246765
16 64 1 0.8309792876243591
16 64 1 1.1604063510894775
16 64 1 1.6498727798461914
16 64 1 1.6041326522827148
16 64 1 1.4292050600051880
16 64 1 0.8270877003669739
16 64 1 1.6945414543151855
16 64 1 1.6222709417343140
16 64 1 0.6982407569885254
16 64 1 1.3983788490295410
16 64 1 0.9714424610137939
16 64 1 1.2422608137130737
16 64 1 1.1843150854110718
16 64 1 2.6481945514678955
16 64 1 1.6531691551208496
16 64 1 1.1293553113937378
16 64 1 1.5812883377075195
16 64 1 1.3492354154586792
16 64 1 2.1058750152587891
16 64 1 1.8776000738143921
16 64 1 0.8641169667243958
16 64 1 2.1013541221618652
16 64 1 2.0242815017700195
16 64 1 0.9423990845680237
16 64 1 1.3306875228881836
16 64 1 0.8997677564620972
16 64 1 1.6172479391098022
16 64 1 2.0221581459045410
16 64 1 0.9526249170303345
16 64 1 1.4283996820449829
16 64 1 0.9339868426322937
16 64 1 1.0277700424194336
16 64 1 0.6275259256362915
16 64 1 1.3277139663696289
16 64 1 1.6376599073410034
16 64 1 0.8577703237533569
16 64 1 0.6221601963043213
16 64 1 1.3961035013198853
16 64 1 2.6565096378326416
16 64 1 0.9092052578926086
16 64 1 0.8585386872291565
16 64 1 1.4679113626480103
16 64 1 1.3050765991210938
16 64 1 1.0914062261581421
16 64 1 1.5061146020889282
16 64 1 1.0744841098785400
16 128 1 0.7375299930572510
16 128 1 0.7704380154609680
16 128 1 1.2565239667892456
16 128 1 1.4333401918411255
16 128 1 0.8897528052330017
16 128 1 1.3694128990173340
16 128 1 1.8742083311080933
16 128 1 1.6770778894424438
16 128 1 1.0268329381942749
16 128 1 1.0194318294525146
16 128 1 0.8495265841484070
16 128 1 1.0043096542358398
16 128 1 0.9739684462547302
16 128 1 0.7020732164382935
16 128 1 0.6623840928077698
16 128 1 1.1499369144439697
16 128 1 0.8876944184303284
16 128 1 0.9955840110778809
16 128 1 0.7865899801254272
16 128 1 0.7257369160652161
16 128 1 0.9146096706390381
16 128 1 0.7749404907226562
16 128 1 1.2994314432144165
16 128 1 1.5127290487289429
16 128 1 0.9506386518478394
16 128 1 1.5249868631362915
16 128 1 0.5605034828186035
16 128 1 0.9156321883201599
16 128 1 1.1940269470214844
16 128 1 0.9582592844963074
16 128 1 0.6983865499496460
16 128 1 1.0908797979354858
16 128 1 1.3619800806045532
16 128 1 1.1619952917098999
16 128 1 0.7257361412048340
16 128 1 0.7745677828788757
16 128 1 1.5774449110031128
16 128 1 0.9661189913749695
16 128 1 0.7059119939804077
16 128 1 1.0756930112838745
16 128 1 0.9634758234024048
16 128 1 0.8817700147628784
16 128 1 1.3126428127288818
16 128 1 1.4811553955078125
16 128 1 0.8276922702789307
16 128 1 0.8510613441467285
16 128 1 1.0766859054565430
16 128 1 0.8738213181495667
16 128 1 0.7838537096977234
16 128 1 1.0574154853820801
16 128 1 1.5157678127288818
16 128 1 1.0878319740295410
16 128 1 1.0335644483566284
16 128 1 1.0886871814727783
16 128 1 0.7558727860450745
16 128 1 0.9650469422340393
16 128 1 0.7129664421081543
16 128 1 0.9181447029113770
16 128 1 0.8549495935440063
16 128 1 0.7973221540451050
16 128 1 0.7083593010902405
16 128 1 0.7090497016906738
16 128 1 0.7924278974533081
16 128 1 0.7317899465560913
16 128 1 0.7041539549827576
16 128 1 0.7685136198997498
16 128 1 1.6347805261611938
16 128 1 1.2771857976913452
16 128 1 0.7369074821472168
16 128 1 0.7422750592231750
16 128 1 0.7449370026588440
16 128 1 1.0660557746887207
16 128 1 1.6046512126922607
16 128 1 0.5560492873191833
16 128 1 1.4740235805511475
16 128 1 0.7668495178222656
16 128 1 1.2597202062606812
16 128 1 1.2482565641403198
16 128 1 1.0546168088912964
16 128 1 2.0911712646484375
16 128 1 1.6337374448776245
16 128 1 0.7417052388191223
16 128 1 0.8847429156303406
16 128 1 0.7307317852973938
16 128 1 0.5547860860824585
16 128 1 0.8005458712577820
16 128 1 1.0777010917663574
16 128 1 0.7042986154556274
16 128 1 0.8744266629219055
16 128 1 0.8654593825340271
16 128 1 0.7388338446617126
16 128 1 1.2616194486618042
16 128 1 0.6705840229988098
16 128 1 1.0119951963424683
16 128 1 0.9192777872085571
16 128 1 0.9427669644355774
16 128 1 0.7389604449272156
16 128 1 0.8495750427246094
16 128 1 0.7651928663253784
16 128 1 1.5323498249053955
16 256 1 0.6838185787200928
16 256 1 0.6542120575904846
16 256 1 0.9616810679435730
16 256 1 0.8348658084869385
16 256 1 1.0744115114212036
16 256 1 0.9422204494476318
16 256 1 1.0765473842620850
16 256 1 0.7958647012710571
16 256 1 0.6166494488716125
16 256 1 0.4972514212131500
16 256 1 0.7435471415519714
16 256 1 0.6124520897865295
16 256 1 0.7013122439384460
16 256 1 0.6269752979278564
16 256 1 0.4966814815998077
16 256 1 0.6685476899147034
16 256 1 0.7568103075027466
16 256 1 0.6515886783599854
16 256 1 0.9023315310478210
16 256 1 0.8466788530349731
16 256 1 0.6574127078056335
16 256 1 0.6631428599357605
16 256 1 0.7679890990257263
16 256 1 0.9836627244949341
16 256 1 0.6856527924537659
16 256 1 0.4398883879184723
16 256 1 0.8940909504890442
16 256 1 0.5164449810981750
16 256 1 0.7089330554008484
16 256 1 0.7409619688987732
16 256 1 0.6320320367813110
16 256 1 0.9213774204254150
16 256 1 0.8440333604812622
16 256 1 0.6083642840385437
16 256 1 0.9097461700439453
16 256 1 0.6452271938323975
16 256 1 0.7246966361999512
16 256 1 0.9501626491546631
16 256 1 0.5007740855216980
16 256 1 0.7351417541503906
16 256 1 0.9593116641044617
16 256 1 0.8524535298347473
16 256 1 0.9449374675750732
16 256 1 0.6485173106193542
16 256 1 0.8112222552299500
16 256 1 0.6630355715751648
16 256 1 0.6777326464653015
16 256 1 0.7853714823722839
16 256 1 0.6656185984611511
16 256 1 0.8577188253402710
16 256 1 0.7386570572853088
16 256 1 0.7821649909019470
16 256 1 1.2386962175369263
16 256 1 1.2437859773635864
16 256 1 0.8545090556144714
16 256 1 0.8344693779945374
16 256 1 0.4723613262176514
16 256 1 0.9698921442031860
16 256 1 0.5951320528984070
16 256 1 0.7518658638000488
16 256 1 0.5936481356620789
16 256 1 1.2300233840942383
16 256 1 0.9543203711509705
16 256 1 0.9210802316665649
16 256 1 0.7897763252258301
16 256 1 0.8123506903648376
16 256 1 1.0094808340072632
16 256 1 0.7063184380531311
16 256 1 1.9423892498016357
16 256 1 0.6714997887611389
16 256 1 0.6350210309028625
16 256 1 0.5294988751411438
16 256 1 0.7453932166099548
16 256 1 0.7458832263946533
16 256 1 0.7877908945083618
16 256 1 0.7446951866149902
16 256 1 0.6516720056533813
16 256 1 1.0875699520111084
16 256 1 0.5907119512557983
16 256 1 0.8149371147155762
16 256 1 0.9447305798530579
16 256 1 0.6747991442680359
16 256 1 0.7385990023612976
16 256 1 0.8867724537849426
16 256 1 0.6590123176574707
16 256 1 1.7208327054977417
16 256 1 0.7748183608055115
16 256 1 0.5045142769813538
16 256 1 0.9062975049018860
16 256 1 0.7600238919258118
16 256 1 0.5508328080177307
16 256 1 0.7227414846420288
16 256 1 0.8902958035469055
16 256 1 0.8930984735488892
16 256 1 1.0158501863479614
16 256 1 0.5855066776275635
16 256 1 0.8011420965194702
16 256 1 1.0092183351516724
16 256 1 1.1597727537155151
16 256 1 0.6015937328338623
16 512 1 0.4651654362678528
16 512 1 0.6812138557434082
16 512 1 0.6237607002258301
16 512 1 0.5323351025581360
16 512 1 0.6497983336448669
16 512 1 0.8607580065727234
16 512 1 0.7071023583412170
16 512 1 0.6685084700584412
16 512 1 0.8736470937728882
16 512 1 0.5869652032852173
16 512 1 0.6601472496986389
16 512 1 0.5263590812683105
16 512 1 0.6902356743812561
16 512 1 0.4982958734035492
16 512 1 0.5663660764694214
16 512 1 0.5961112380027771
16 512 1 0.5855338573455811
16 512 1 0.6837281584739685
16 512 1 0.7124902606010437
16 512 1 0.7201537489891052
16 512 1 0.4697791934013367
16 512 1 0.5453165173530579
16 512 1 0.7018245458602905
16 512 1 0.6326540112495422
16 512 1 0.6207387447357178
16 512 1 0.9526434540748596
16 512 1 0.6147258281707764
16 512 1 0.6649257540702820
16 512 1 0.6492881178855896
16 512 1 0.4943901300430298
16 512 1 0.6643365621566772
16 512 1 0.7077410817146301
16 512 1 0.6753532886505127
16 512 1 0.6044317483901978
16 512 1 0.5192188024520874
16 512 1 0.6629409193992615
16 512 1 0.4960292577743530
16 512 1 0.5409278273582458
16 512 1 0.8127866983413696
16 512 1 0.5771678686141968
16 512 1 0.7410480976104736
16 512 1 0.7511034607887268
16 512 1 0.7699980139732361
16 512 1 0.5331584811210632
16 512 1 0.5661293268203735
16 512 1 0.6231903433799744
16 512 1 0.5868225693702698
16 512 1 0.6575638651847839
16 512 1 0.7395279407501221
16 512 1 0.5739392638206482
16 512 1 0.7301135063171387
16 512 1 0.8555917143821716
16 512 1 0.5539153218269348
16 512 1 0.5278449654579163
16 512 1 0.5417190790176392
16 512 1 0.7698445320129395
16 512 1 0.6696298718452454
16 512 1 0.6642794013023376
16 512 1 0.6727624535560608
16 512 1 0.8120692968368530
16 512 1 0.6652901172637939
16 512 1 0.5376761555671692
16 512 1 0.5893670916557312
16 512 1 0.7351123690605164
16 512 1 0.5816170573234558
16 512 1 0.8370910882949829
16 512 1 0.5316996574401855
16 512 1 0.5586698651313782
16 512 1 0.7430311441421509
16 512 1 0.6186313033103943
16 512 1 0.6036440134048462
16 512 1 0.4702461361885071
16 512 1 0.6742660403251648
16 512 1 0.6455947160720825
16 512 1 0.7719550132751465
16 512 1 0.6731224060058594
16 512 1 0.6570709347724915
16 512 1 0.4770151078701019
16 512 1 0.8266007900238037
16 512 1 0.5460503101348877
16 512 1 0.6583082675933838
16 512 1 0.6814935803413391
16 512 1 0.6503718495368958
16 512 1 0.6810452342033386
16 512 1 0.6231493949890137
16 512 1 0.5610255599021912
16 512 1 1.0064965486526489
16 512 1 0.5400335788726807
16 512 1 0.7167415618896484
16 512 1 0.6418085694313049
16 512 1 0.6360014677047729
16 512 1 0.6709507703781128
16 512 1 0.7200834751129150
16 512 1 0.7927142381668091
16 512 1 0.7294008731842041
16 512 1 0.8093259334564209
16 512 1 0.5746003389358521
16 512 1 0.5800867080688477
16 512 1 0.4526533782482147
16 512 1 0.7269935011863708
32 4 1 24.2592430114746094
32 4 1 9.3536243438720703
32 4 1 2.0336730480194092
32 4 1 4.2567706108093262
32 4 1 9.9072074890136719
32 4 1 1.3500949144363403
32 4 1 1.2503465414047241
32 4 1 9.5859909057617188
32 4 1 1.5301666259765625
32 4 1 13.9361324310302734
32 4 1 11.6320486068725586
32 4 1 2.7336952686309814
32 4 1 2.5185737609863281
32 4 1 4.0050616264343262
32 4 1 1.5580154657363892
32 4 1 3.7763183116912842
32 4 1 23.5731544494628906
32 4 1 1.8252493143081665
32 4 1 1.7819119691848755
32 4 1 4.0571084022521973
32 4 1 1.5044848918914795
32 4 1 8.9217605590820312
32 4 1 2.0222072601318359
32 4 1 11.5093994140625000
32 4 1 4.5886969566345215
32 4 1 3.9299192428588867
32 4 1 10.7251644134521484
32 4 1 3.0030324459075928
32 4 1 10.1131372451782227
32 4 1 18.4471645355224609
32 4 1 7.6571192741394043
32 4 1 1.9471805095672607
32 4 1 6.2074503898620605
32 4 1 1.7218593358993530
32 4 1 1.5383397340774536
32 4 1 25.2631950378417969
32 4 1 19.7382965087890625
32 4 1 11.5203886032104492
32 4 1 1.3536922931671143
32 4 1 3.4450364112854004
32 4 1 1.9908028841018677
32 4 1 16.3649826049804688
32 4 1 25.3784675598144531
32 4 1 9.9992294311523438
32 4 1 3.6029932498931885
32 4 1 19.4062652587890625
32 4 1 10.6724386215209961
32 4 1 3.2772223949432373
32 4 1 16.5142269134521484
32 4 1 21.5134391784667969
32 4 1 3.2836184501647949
32 4 1 13.9079427719116211
32 4 1 5.9626231193542480
32 4 1 19.6886405944824219
32 4 1 16.6252803802490234
32 4 1 20.5341205596923828
32 4 1 2.9343559741973877
32 4 1 5.3361482620239258
32 4 1 2.8501038551330566
32 4 1 14.1212892532348633
32 4 1 5.4314503669738770
32 4 1 9.9187726974487305
32 4 1 3.9638891220092773
32 4 1 3.4921653270721436
32 4 1 3.7403695583343506
32 4 1 4.5871677398681641
32 4 1 5.1170210838317871
32 4 1 11.4361686706542969
32 4 1 2.7159347534179688
32 4 1 5.8878326416015625
32 4 1 41.4090194702148438
32 4 1 3.9667229652404785
32 4 1 6.3468794822692871
32 4 1 3.3900942802429199
32 4 1 8.6516628265380859
32 4 1 2.0654911994934082
32 4 1 16.6500682830810547
32 4 1 9.0350265502929688
32 4 1 16.8392238616943359
32 4 1 14.7517948150634766
32 4 1 23.2212467193603516
32 4 1 12.3954048156738281
32 4 1 15.5264091491699219
32 4 1 32.3631706237792969
32 4 1 2.0265703201293945
32 4 1 2.4226427078247070
32 4 1 12.1864662170410156
32 4 1 11.7939004898071289
32 4 1 1.7429782152175903
32 4 1 5.5858769416809082
32 4 1 4.4999532699584961
32 4 1 6.1832976341247559
32 4 1 5.4998683929443359
32 4 1 3.2080435752868652
32 4 1 6.6283526420593262
32 4 1 13.5504465103149414
32 4 1 16.6810073852539062
32 4 1 1.5553654432296753
32 4 1 12.7762269973754883
32 4 1 13.8029623031616211
32 8 1 1.9563245773315430
32 8 1 1.1109993457794189
32 8 1 12.0962219238281250
32 8 1 5.1505408287048340
32 8 1 3.2618768215179443
32 8 1 7.8837409019470215
32 8 1 3.3640809059143066
32 8 1 3.8837475776672363
32 8 1 1.5529565811157227
32 8 1 2.1860287189483643
32 8 1 2.7683103084564209
32 8 1 9.2757291793823242
32 8 1 1.9897809028625488
32 8 1 1.3866218328475952
32 8 1 2.5167360305786133
32 8 1 5.5841102600097656
32 8 1 1.7485728263854980
32 8 1 2.8712310791015625
32 8 1 2.5521452426910400
32 8 1 14.0277271270751953
32 8 1 1.9596796035766602
32 8 1 16.6514835357666016
32 8 1 22.9639987945556641
32 8 1 11.0209665298461914
32 8 1 3.0647637844085693
32 8 1 1.4055037498474121
32 8 1 2.1568365097045898
32 8 1 1.5370736122131348
32 8 1 3.0597264766693115
32 8 1 10.5306949615478516
32 8 1 10.7736644744873047
32 8 1 1.3877363204956055
32 8 1 2.8566102981567383
32 8 1 1.9560000896453857
32 8 1 3.5045959949493408
32 8 1 2.3308460712432861
32 8 1 14.9790115356445312
32 8 1 3.0643124580383301
32 8 1 3.2629947662353516
32 8 1 1.1644487380981445
32 8 1 1.6361520290374756
32 8 1 1.3867241144180298
32 8 1 12.4547958374023438
32 8 1 30.4093360900878906
32 8 1 13.0822410583496094
32 8 1 8.3203096389770508
32 8 1 2.9408154487609863
32 8 1 3.5173044204711914
32 8 1 4.2067146301269531
32 8 1 1.9778337478637695
32 8 1 3.1317000389099121
32 8 1 2.4048154354095459
32 8 1 8.5594501495361328
32 8 1 10.7161083221435547
32 8 1 2.9903850555419922
32 8 1 1.6650494337081909
32 8 1 5.0852065086364746
32 8 1 2.2409183979034424
32 8 1 1.6173896789550781
32 8 1 1.7147485017776489
32 8 1 1.5408997535705566
32 8 1 10.5482349395751953
32 8 1 20.6348934173583984
32 8 1 1.9554123878479004
32 8 1 3.2293386459350586
32 8 1 1.4044566154479980
32 8 1 1.6744900941848755
32 8 1 6.6696543693542480
32 8 1 17.5965518951416016
32 8 1 1.1551413536071777
32 8 1 1.7024688720703125
32 8 1 6.7581233978271484
32 8 1 2.2784216403961182
32 8 1 1.6990823745727539
32 8 1 5.3005170822143555
32 8 1 2.4693992137908936
32 8 1 1.7806401252746582
32 8 1 1.5829217433929443
32 8 1 1.9609092473983765
32 8 1 3.3353569507598877
32 8 1 2.9790897369384766
32 8 1 3.1427636146545410
32 8 1 2.7268033027648926
32 8 1 1.6656544208526611
32 8 1 3.6238062381744385
32 8 1 2.6690115928649902
32 8 1 8.9878969192504883
32 8 1 11.7495946884155273
32 8 1 2.3326342105865479
32 8 1 2.9779403209686279
32 8 1 1.0682605504989624
32 8 1 4.5114035606384277
32 8 1 5.9497785568237305
32 8 1 6.1250429153442383
32 8 1 1.2783085107803345
32 8 1 13.8932161331176758
32 8 1 16.8881587982177734
32 8 1 2.2253234386444092
32 8 1 0.9866941571235657
32 8 1 3.8339281082153320
32 16 1 1.2680617570877075
32 16 1 1.6628924608230591
32 16 1 2.3482975959777832
32 16 1 1.6813194751739502
32 16 1 1.8846087455749512
32 16 1 0.9557204246520996
32 16 1 5.3167090415954590
32 16 1 13.8587198257446289
32 16 1 1.2823921442031860
32 16 1 2.1334657669067383
32 16 1 2.9469907283782959
32 16 1 2.1941671371459961
32 16 1 1.8660310506820679
32 16 1 4.3424448966979980
32 16 1 5.0108499526977539
32 16 1 1.5347166061401367
32 16 1 1.0029563903808594
32 16 1 2.4083974361419678
32 16 1 1.3911137580871582
32 16 1 4.0950403213500977
32 16 1 0.9986734986305237
32 16 1 2.2446663379669189
32 16 1 3.4364664554595947
32 16 1 2.5572626590728760
32 16 1 1.5723767280578613
32 16 1 3.2441391944885254
32 16 1 1.1541054248809814
32 16 1 1.0588558912277222
32 16 1 2.0553872585296631
32 16 1 1.2862868309020996
32 16 1 25.8633346557617188
32 16 1 0.8969233632087708
32 16 1 11.2601938247680664
32 16 1 2.2447092533111572
32 16 1 7.0165953636169434
32 16 1 1.7316125631332397
32 16 1 1.7402968406677246
32 16 1 1.5921185016632080
32 16 1 2.2781836986541748
32 16 1 2.6224014759063721
32 16 1 3.5838348865509033
32 16 1 1.8872441053390503
32 16 1 1.3130548000335693
32 16 1 1.4145413637161255
32 16 1 1.3078018426895142
32 16 1 3.2832648754119873
32 16 1 15.9749574661254883
32 16 1 0.9825745224952698
32 16 1 9.3262252807617188
32 16 1 3.3287384510040283
32 16 1 2.3882067203521729
32 16 1 5.2119460105895996
32 16 1 0.9097120165824890
32 16 1 1.1209069490432739
32 16 1 4.5781917572021484
32 16 1 0.9565346240997314
32 16 1 1.5391702651977539
32 16 1 1.5806431770324707
32 16 1 1.8045136928558350
32 16 1 0.9005282521247864
32 16 1 5.8107643127441406
32 16 1 1.7582174539566040
32 16 1 12.9368495941162109
32 16 1 3.0685911178588867
32 16 1 3.9250748157501221
32 16 1 4.9855737686157227
32 16 1 0.9029124379158020
32 16 1 15.6013069152832031
32 16 1 2.0182008743286133
32 16 1 1.6866698265075684
32 16 1 2.2648947238922119
32 16 1 2.0665218830108643
32 16 1 2.8998348712921143
32 16 1 2.4771213531494141
32 16 1 2.7146918773651123
32 16 1 2.1658258438110352
32 16 1 2.0647206306457520
32 16 1 1.2219012975692749
32 16 1 3.4704678058624268
32 16 1 1.2709871530532837
32 16 1 1.7620695829391479
32 16 1 1.7459084987640381
32 16 1 4.0731511116027832
32 16 1 3.9104454517364502
32 16 1 14.1366662979125977
32 16 1 1.1775697469711304
32 16 1 2.2664344310760498
32 16 1 1.2350361347198486
32 16 1 5.3894176483154297
32 16 1 1.2627059221267700
32 16 1 19.4198646545410156
32 16 1 18.4357452392578125
32 16 1 3.9178702831268311
32 16 1 3.4867303371429443
32 16 1 1.0281534194946289
32 16 1 1.7344621419906616
32 16 1 2.2014892101287842
32 16 1 0.9824714660644531
32 16 1 1.6502782106399536
32 16 1 2.9571845531463623
32 32 1 0.8654201030731201
32 32 1 1.7740858793258667
32 32 1 1.2428295612335205
32 32 1 1.5521636009216309
32 32 1 1.6848253011703491
32 32 1 1.6778906583786011
32 32 1 1.9762343168258667
32 32 1 3.1651601791381836
32 32 1 1.4855217933654785
32 32 1 1.4992047548294067
32 32 1 2.4106667041778564
32 32 1 2.1516427993774414
32 32 1 1.6152778863906860
32 32 1 1.6304295063018799
32 32 1 1.3537753820419312
32 32 1 2.6386995315551758
32 32 1 0.8107469081878662
32 32 1 2.9965708255767822
32 32 1 1.3266950845718384
32 32 1 0.8641471862792969
32 32 1 0.8280591368675232
32 32 1 1.4355211257934570
32 32 1 1.4179519414901733
32 32 1 0.9911578893661499
32 32 1 2.2958066463470459
32 32 1 1.4828871488571167
32 32 1 1.1003386974334717
32 32 1 2.3322691917419434
32 32 1 0.9707159399986267
32 32 1 5.5757122039794922
32 32 1 1.0613777637481689
32 32 1 1.1087081432342529
32 32 1 1.3604437112808228
32 32 1 0.9312281608581543
32 32 1 1.4863051176071167
32 32 1 0.9462321400642395
32 32 1 1.3628038167953491
32 32 1 0.7437397837638855
32 32 1 0.9616618156433105
32 32 1 0.8000757694244385
32 32 1 1.3768330812454224
32 32 1 1.4524624347686768
32 32 1 1.6469693183898926
32 32 1 0.9028445482254028
32 32 1 1.9999116659164429
32 32 1 2.1385781764984131
32 32 1 1.2271790504455566
32 32 1 1.9424998760223389
32 32 1 1.1616264581680298
32 32 1 1.7322047948837280
32 32 1 0.8155443668365479
32 32 1 1.6433852910995483
32 32 1 0.9896313548088074
32 32 1 1.1817522048950195
32 32 1 1.0680470466613770
32 32 1 1.3139642477035522
32 32 1 1.5366543531417847
32 32 1 0.7883625626564026
32 32 1 0.7681653499603271
32 32 1 0.5900402665138245
32 32 1 1.0703659057617188
32 32 1 0.7600227594375610
32 32 1 2.0979242324829102
32 32 1 1.9291807413101196
32 32 1 2.0063724517822266
32 32 1 0.9010033607482910
32 32 1 1.4859391450881958
32 32 1 1.6221278905868530
32 32 1 0.9086658358573914
32 32 1 1.0585118532180786
32 32 1 0.7113252282142639
32 32 1 1.4290434122085571
32 32 1 1.2005716562271118
32 32 1 1.7621039152145386
32 32 1 1.8345727920532227
32 32 1 3.7394495010375977
32 32 1 2.8290045261383057
32 32 1 2.2840001583099365
32 32 1 2.0847856998443604
32 32 1 1.5685303211212158
32 32 1 1.5368568897247314
32 32 1 1.0108909606933594
32 32 1 1.9182347059249878
32 32 1 2.7113404273986816
32 32 1 1.1364891529083252
32 32 1 1.1463485956192017
32 32 1 1.5667216777801514
32 32 1 1.1548948287963867
32 32 1 0.8176642656326294
32 32 1 2.6209344863891602
32 32 1 1.4119477272033691
32 32 1 0.7654169201850891
32 32 1 0.9490652680397034
32 32 1 2.4541556835174561
32 32 1 1.0705547332763672
32 32 1 1.0062265396118164
32 32 1 1.5873504877090454
32 32 1 1.5230247974395752
32 32 1 1.2412376403808594
32 32 1 0.9777576327323914
32 64 1 0.5697867274284363
32 64 1 0.6479532122612000
32 64 1 1.0761719942092896
32 64 1 0.7945232391357422
32 64 1 1.6008013486862183
32 64 1 1.9866954088211060
32 64 1 0.5272574424743652
32 64 1 1.1369333267211914
32 64 1 1.0030311346054077
32 64 1 1.4939715862274170
32 64 1 0.9362419843673706
32 64 1 0.7649198770523071
32 64 1 1.6688367128372192
32 64 1 1.5018200874328613
32 64 1 0.8684501051902771
32 64 1 0.5673380494117737
32 64 1 0.7755911946296692
32 64 1 0.9600002169609070
32 64 1 1.4656913280487061
32 64 1 0.8385707139968872
32 64 1 0.9963970780372620
32 64 1 1.1930075883865356
32 64 1 1.1810582876205444
32 64 1 1.2470729351043701
32 64 1 1.0857864618301392
32 64 1 0.6697924733161926
32 64 1 0.7812070250511169
32 64 1 1.1700505018234253
32 64 1 0.8290399909019470
32 64 1 0.8448175191879272
32 64 1 1.1133260726928711
32 64 1 0.5633385181427002
32 64 1 1.0561492443084717
32 64 1 0.8461963534355164
32 64 1 1.0992897748947144
32 64 1 0.7905895709991455
32 64 1 1.9160513877868652
32 64 1 0.6449367403984070
32 64 1 1.3428046703338623
32 64 1 0.9038472175598145
32 64 1 1.4465638399124146
32 64 1 1.2894331216812134
32 64 1 0.8457223773002625
32 64 1 1.0321902036666870
32 64 1 0.8198187947273254
32 64 1 1.3286024332046509
32 64 1 0.8840154409408569
32 64 1 0.7835903763771057
32 64 1 0.7332541942596436
32 64 1 0.7935441732406616
32 64 1 0.6320323348045349
32 64 1 0.9090920090675354
32 64 1 1.1917153596878052
32 64 1 2.1220138072967529
32 64 1 0.8165525197982788
32 64 1 1.1543502807617188
32 64 1 0.7681440711021423
32 64 1 0.9628998637199402
32 64 1 0.9299942851066589
32 64 1 1.0986788272857666
32 64 1 1.1337361335754395
32 64 1 0.6616140007972717
32 64 1 0.7834478020668030
32 64 1 0.6599056720733643
32 64 1 1.6796822547912598
32 64 1 0.7209846377372742
32 64 1 0.9403648972511292
32 64 1 1.0888546705245972
32 64 1 1.7457598447799683
32 64 1 0.7375047802925110
32 64 1 0.8022249341011047
32 64 1 0.9630003571510315
32 64 1 1.0304700136184692
32 64 1 0.8093342781066895
32 64 1 0.9950592517852783
32 64 1 0.6582584381103516
32 64 1 0.8261955976486206
32 64 1 1.4194107055664062
32 64 1 0.6751666069030762
32 64 1 0.8267828226089478
32 64 1 1.3773106336593628
32 64 1 0.6740642786026001
32 64 1 0.5666794180870056
32 64 1 1.4831290245056152
32 64 1 2.8055334091186523
32 64 1 0.5856662392616272
32 64 1 0.7965885996818542
32 64 1 0.7396460771560669
32 64 1 0.8627464771270752
32 64 1 1.0267095565795898
32 64 1 0.5657031536102295
32 64 1 0.8857798576354980
32 64 1 0.8245711326599121
32 64 1 1.0409984588623047
32 64 1 0.8255645632743835
32 64 1 0.9583109021186829
32 64 1 1.0773153305053711
32 64 1 1.5873407125473022
32 64 1 1.0765082836151123
32 64 1 0.6906769275665283
32 128 1 0.6402250528335571
32 128 1 0.8028825521469116
32 128 1 0.7220643758773804
32 128 1 0.5903489589691162
32 128 1 0.8038514852523804
32 128 1 0.7955403327941895
32 128 1 0.5545711517333984
32 128 1 0.8261826038360596
32 128 1 1.0691264867782593
32 128 1 0.7590337395668030
32 128 1 0.6446930766105652
32 128 1 0.5611715912818909
32 128 1 0.6835004687309265
32 128 1 0.9675847887992859
32 128 1 0.7906777262687683
32 128 1 1.2494980096817017
32 128 1 0.6941173672676086
32 128 1 0.6308228969573975
32 128 1 0.4750991463661194
32 128 1 0.7019683718681335
32 128 1 0.7833676934242249
32 128 1 0.5287977457046509
32 128 1 1.1598128080368042
32 128 1 0.6675235033035278
32 128 1 0.7221915721893311
32 128 1 0.7900708913803101
32 128 1 0.5664443373680115
32 128 1 0.5867442488670349
32 128 1 1.2328451871871948
32 128 1 0.6466582417488098
32 128 1 0.7635794878005981
32 128 1 0.7453671097755432
32 128 1 0.7192064523696899
32 128 1 0.9368869662284851
32 128 1 0.5362709164619446
32 128 1 0.6262548565864563
32 128 1 0.5676764249801636
32 128 1 0.6856101751327515
32 128 1 0.7707098126411438
32 128 1 0.5161250233650208
32 128 1 0.4977335333824158
32 128 1 0.8311533331871033
32 128 1 0.8350722789764404
32 128 1 0.6863533854484558
32 128 1 0.8163539171218872
32 128 1 0.7616233229637146
32 128 1 0.8269653916358948
32 128 1 0.5912541747093201
32 128 1 0.9859620928764343
32 128 1 0.7303901910781860
32 128 1 0.7435014247894287
32 128 1 0.7640962004661560
32 128 1 0.8609341979026794
32 128 1 0.6796592473983765
32 128 1 0.7313022613525391
32 128 1 0.8100158572196960
32 128 1 0.7699676752090454
32 128 1 0.5632763504981995
32 128 1 0.7470197081565857
32 128 1 0.6197855472564697
32 128 1 1.2132271528244019
32 128 1 0.7202671170234680
32 128 1 0.7470431327819824
32 128 1 1.0470330715179443
32 128 1 0.6288767457008362
32 128 1 1.0100920200347900
32 128 1 0.8474007248878479
32 128 1 0.6619964838027954
32 128 1 0.8400964140892029
32 128 1 0.8588209748268127
32 128 1 0.6054791212081909
32 128 1 0.6082463264465332
32 128 1 0.9190772175788879
32 128 1 0.8414028286933899
32 128 1 0.7585437893867493
32 128 1 0.7397093176841736
32 128 1 0.6450372338294983
32 128 1 0.7661034464836121
32 128 1 0.9461103677749634
32 128 1 0.7575286030769348
32 128 1 0.6914814710617065
32 128 1 1.2663918733596802
32 128 1 0.6323335170745850
32 128 1 0.7599337697029114
32 128 1 0.7012798786163330
32 128 1 0.8606006503105164
32 128 1 1.0429596900939941
32 128 1 0.7344181537628174
32 128 1 0.5378892421722412
32 128 1 0.6903833746910095
32 128 1 0.7672283649444580
32 128 1 0.5685359835624695
32 128 1 0.4988105297088623
32 128 1 0.8598530292510986
32 128 1 1.0112015008926392
32 128 1 0.6171583533287048
32 128 1 0.7634221911430359
32 128 1 0.7859977483749390
32 128 1 0.8600749969482422
32 128 1 0.6013842821121216
32 256 1 0.6515204906463623
32 256 1 0.4313301742076874
32 256 1 0.5998486280441284
32 256 1 0.7164690494537354
32 256 1 0.5526112914085388
32 256 1 0.5633959770202637
32 256 1 0.6547829508781433
32 256 1 0.6185472607612610
32 256 1 0.5296438932418823
32 256 1 0.6412113904953003
32 256 1 0.6277942061424255
32 256 1 0.5217555761337280
32 256 1 0.6708415150642395
32 256 1 0.5332462787628174
32 256 1 0.6383621692657471
32 256 1 0.5713614821434021
32 256 1 0.6444964408874512
32 256 1 0.5821249485015869
32 256 1 0.6907852292060852
32 256 1 0.6393222808837891
32 256 1 0.5825827121734619
32 256 1 0.7254273295402527
32 256 1 0.5306800603866577
32 256 1 0.5265691876411438
32 256 1 0.5592074990272522
32 256 1 0.7542634606361389
32 256 1 0.5812880396842957
32 256 1 0.7339302301406860
32 256 1 0.7319884300231934
32 256 1 0.5425126552581787
32 256 1 0.4998326897621155
32 256 1 0.6796832084655762
32 256 1 0.5736734271049500
32 256 1 0.4948265850543976
32 256 1 0.5373352169990540
32 256 1 0.5041421651840210
32 256 1 0.8293323516845703
32 256 1 0.4717361330986023
32 256 1 0.6436322927474976
32 256 1 0.6280131340026855
32 256 1 0.5734085440635681
32 256 1 0.5752231478691101
32 256 1 0.5373367667198181
32 256 1 0.7053103446960449
32 256 1 0.6257635354995728
32 256 1 0.5994839072227478
32 256 1 0.6737810373306274
32 256 1 0.5873722434043884
32 256 1 0.6263569593429565
32 256 1 0.6366699934005737
32 256 1 1.0755931138992310
32 256 1 0.7798867821693420
32 256 1 0.6827651262283325
32 256 1 0.7197257280349731
32 256 1 0.4884650111198425
32 256 1 0.6057841777801514
32 256 1 0.4659231901168823
32 256 1 0.6316173076629639
32 256 1 0.6401112079620361
32 256 1 0.6114542484283447
32 256 1 0.5803682208061218
32 256 1 0.6308791637420654
32 256 1 0.7447009086608887
32 256 1 0.7088841199874878
32 256 1 0.5669218897819519
32 256 1 0.6391084790229797
32 256 1 0.5833449959754944
32 256 1 0.7719644904136658
32 256 1 0.7825725674629211
32 256 1 0.6256621479988098
32 256 1 0.5948211550712585
32 256 1 0.6722186207771301
32 256 1 0.6668297052383423
32 256 1 0.5892698764801025
32 256 1 0.4188920855522156
32 256 1 0.6286386847496033
32 256 1 0.5320166945457458
32 256 1 0.9979291558265686
32 256 1 0.7169750928878784
32 256 1 0.6407319903373718
32 256 1 0.6788355112075806
32 256 1 0.5712483525276184
32 256 1 0.6334844231605530
32 256 1 0.4967104196548462
32 256 1 0.6715264916419983
32 256 1 0.4426602125167847
32 256 1 0.6280047297477722
32 256 1 0.5197901725769043
32 256 1 0.6360972523689270
32 256 1 0.5266873240470886
32 256 1 0.6451249122619629
32 256 1 0.7155442237854004
32 256 1 0.6182056665420532
32 256 1 0.5076513886451721
32 256 1 0.7490670084953308
32 256 1 0.5692988634109497
32 256 1 0.6144388914108276
32 256 1 0.4766558408737183
32 256 1 0.6909724473953247
32 256 1 0.7054915428161621
32 512 1 0.4981710910797119
32 512 1 0.8032829761505127
32 512 1 0.5324022769927979
32 512 1 0.5576107501983643
32 512 1 0.4886138439178467
32 512 1 0.5771737098693848
32 512 1 0.4885421693325043
32 512 1 0.5766568183898926
32 512 1 0.5445254445075989
32 512 1 0.4205361306667328
32 512 1 0.4574808776378632
32 512 1 0.5275235772132874
32 512 1 0.4294754862785339
32 512 1 0.5124384164810181
32 512 1 0.5537290573120117
32 512 1 0.5846218466758728
32 512 1 0.5242086648941040
32 512 1 0.4349643290042877
32 512 1 0.5399383306503296
32 512 1 0.4885807037353516
32 512 1 0.5283365845680237
32 512 1 0.4717171788215637
32 512 1 0.4537362754344940
32 512 1 0.5695325136184692
32 512 1 0.5269823074340820
32 512 1 0.6071078181266785
32 512 1 0.5430093407630920
32 512 1 0.5333064794540405
32 512 1 0.6084119081497192
32 512 1 0.4708539843559265
32 512 1 0.5726869106292725
32 512 1 0.5310016870498657
32 512 1 0.5201618075370789
32 512 1 0.4391368031501770
32 512 1 0.4760194718837738
32 512 1 0.5969570279121399
32 512 1 0.5328884124755859
32 512 1 0.3544585704803467
32 512 1 0.4293380975723267
32 512 1 0.5536690354347229
32 512 1 0.5993670821189880
32 512 1 0.5425077080726624
32 512 1 0.6574422717094421
32 512 1 0.4589621424674988
32 512 1 0.5439540743827820
32 512 1 0.6374745965003967
32 512 1 0.4340800046920776
32 512 1 0.6030586361885071
32 512 1 0.5972154736518860
32 512 1 0.5613092184066772
32 512 1 0.4666736721992493
32 512 1 0.5847232937812805
32 512 1 0.4509470462799072
32 512 1 0.3859804868698120
32 512 1 0.6325501799583435
32 512 1 0.5269661545753479
32 512 1 0.5454329848289490
32 512 1 0.4523914754390717
32 512 1 0.6228104829788208
32 512 1 0.5653190016746521
32 512 1 0.5058152675628662
32 512 1 0.4789469242095947
32 512 1 0.4512946605682373
32 512 1 0.5643714666366577
32 512 1 0.6033067703247070
32 512 1 0.6292827129364014
32 512 1 0.5214105844497681
32 512 1 0.5185859203338623
32 512 1 0.4875686764717102
32 512 1 0.7058900594711304
32 512 1 0.5578179359436035
32 512 1 0.5775851607322693
32 512 1 0.5461276769638062
32 512 1 0.5614459514617920
32 512 1 0.5483775138854980
32 512 1 0.4809109568595886
32 512 1 0.5311591625213623
32 512 1 0.5396195054054260
32 512 1 0.6791328191757202
32 512 1 0.5561701059341431
32 512 1 0.4593272805213928
32 512 1 0.6962296962738037
32 512 1 0.4707579910755157
32 512 1 0.4999379813671112
32 512 1 0.5238549709320068
32 512 1 0.6046571135520935
32 512 1 0.4882384240627289
32 512 1 0.5386202931404114
32 512 1 0.6132741570472717
32 512 1 0.4435941278934479
32 512 1 0.6307182908058167
32 512 1 0.4238540530204773
32 512 1 0.4490373730659485
32 512 1 0.6370249390602112
32 512 1 0.5235249400138855
32 512 1 0.6550478935241699
32 512 1 0.5485799312591553
32 512 1 0.5803119540214539
32 512 1 0.5347306132316589
32 512 1 0.4913647770881653
64 4 1 2.9979050159454346
64 4 1 2.0887396335601807
64 4 1 1.0542534589767456
64 4 1 4.7623205184936523
64 4 1 1.5434286594390869
64 4 1 3.5922298431396484
64 4 1 2.1572976112365723
64 4 1 1.0536872148513794
64 4 1 7.4612584114074707
64 4 1 1.9066065549850464
64 4 1 1.1780652999877930
64 4 1 2.2761721611022949
64 4 1 1.1852605342864990
64 4 1 3.3873813152313232
64 4 1 3.5572431087493896
64 4 1 0.9730786681175232
64 4 1 5.4545292854309082
64 4 1 9.8290958404541016
64 4 1 3.6434259414672852
64 4 1 1.6062002182006836
64 4 1 4.2955508232116699
64 4 1 1.0007061958312988
64 4 1 1.2262666225433350
64 4 1 1.2887154817581177
64 4 1 1.3090529441833496
64 4 1 2.4581110477447510
64 4 1 0.9599867463111877
64 4 1 1.1910737752914429
64 4 1 1.2762812376022339
64 4 1 3.9428918361663818
64 4 1 1.5625829696655273
64 4 1 11.6914062500000000
64 4 1 11.2612991333007812
64 4 1 2.6238775253295898
64 4 1 17.3477516174316406
64 4 1 1.2898075580596924
64 4 1 2.3369922637939453
64 4 1 2.0098190307617188
64 4 1 2.0549542903900146
64 4 1 2.6212291717529297
64 4 1 1.8444094657897949
64 4 1 2.4252624511718750
64 4 1 1.7313956022262573
64 4 1 1.4096248149871826
64 4 1 3.8626024723052979
64 4 1 19.7098007202148438
64 4 1 3.2807936668395996
64 4 1 2.6951918601989746
64 4 1 13.1563148498535156
64 4 1 1.0505266189575195
64 4 1 2.1070661544799805
64 4 1 2.6181674003601074
64 4 1 3.5383019447326660
64 4 1 1.2051566839218140
64 4 1 2.8220813274383545
64 4 1 2.0873687267303467
64 4 1 5.9234004020690918
64 4 1 4.9060306549072266
64 4 1 3.0501379966735840
64 4 1 1.3433402776718140
64 4 1 2.5298440456390381
64 4 1 0.9368209838867188
64 4 1 10.5377683639526367
64 4 1 4.1257133483886719
64 4 1 2.1670022010803223
64 4 1 2.0598053932189941
64 4 1 1.6259357929229736
64 4 1 6.6699910163879395
64 4 1 4.2622952461242676
64 4 1 0.9275463223457336
64 4 1 1.9718976020812988
64 4 1 2.5995807647705078
64 4 1 1.9119681119918823
64 4 1 1.8506546020507812
64 4 1 1.5814095735549927
64 4 1 1.6490603685379028
64 4 1 1.2145690917968750
64 4 1 1.6463567018508911
64 4 1 3.8358232975006104
64 4 1 2.3132412433624268
64 4 1 1.7322299480438232
64 4 1 2.4707257747650146
64 4 1 2.0688910484313965
64 4 1 7.5953521728515625
64 4 1 2.3080906867980957
64 4 1 1.8197464942932129
64 4 1 2.2001438140869141
64 4 1 1.4033672809600830
64 4 1 1.5077471733093262
64 4 1 2.1842887401580811
64 4 1 7.2882232666015625
64 4 1 12.3814992904663086
64 4 1 4.5117783546447754
64 4 1 5.6662120819091797
64 4 1 10.0328426361083984
64 4 1 0.9060617685317993
64 4 1 1.3705257177352905
64 4 1 1.8005785942077637
64 4 1 1.3882964849472046
64 4 1 2.9377701282501221
64 8 1 4.2780275344848633
64 8 1 0.9717744588851929
64 8 1 11.7506484985351562
64 8 1 1.2747951745986938
64 8 1 2.6578245162963867
64 8 1 6.9588079452514648
64 8 1 1.1882983446121216
64 8 1 2.0432903766632080
64 8 1 0.8256693482398987
64 8 1 1.2665333747863770
64 8 1 2.4343576431274414
64 8 1 1.5259121656417847
64 8 1 5.1092524528503418
64 8 1 1.2743532657623291
64 8 1 1.9181416034698486
64 8 1 0.6815240979194641
64 8 1 1.6840699911117554
64 8 1 2.4403672218322754
64 8 1 1.1765643358230591
64 8 1 3.7847802639007568
64 8 1 1.2781236171722412
64 8 1 2.7914197444915771
64 8 1 0.9198079109191895
64 8 1 1.8675527572631836
64 8 1 1.8171174526214600
64 8 1 2.2032473087310791
64 8 1 0.8203157782554626
64 8 1 7.4723744392395020
64 8 1 2.0737442970275879
64 8 1 2.3519945144653320
64 8 1 1.7197647094726562
64 8 1 2.2268528938293457
64 8 1 1.5076823234558105
64 8 1 1.0075877904891968
64 8 1 2.7121100425720215
64 8 1 1.6412316560745239
64 8 1 0.6279375553131104
64 8 1 1.7537547349929810
64 8 1 1.9112396240234375
64 8 1 1.8135850429534912
64 8 1 1.1789286136627197
64 8 1 0.9289994239807129
64 8 1 2.0347204208374023
64 8 1 1.6170432567596436
64 8 1 1.1065675020217896
64 8 1 1.8595472574234009
64 8 1 2.1435205936431885
64 8 1 1.4695264101028442
64 8 1 1.2187273502349854
64 8 1 0.9180592298507690
64 8 1 1.8154509067535400
64 8 1 1.4323089122772217
64 8 1 13.9065971374511719
64 8 1 26.0055599212646484
64 8 1 2.3199813365936279
64 8 1 1.1437894105911255
64 8 1 1.3133677244186401
64 8 1 3.7868049144744873
64 8 1 1.6348235607147217
64 8 1 2.0396051406860352
64 8 1 1.4235389232635498
64 8 1 1.6764608621597290
64 8 1 1.0774641036987305
64 8 1 1.8274136781692505
64 8 1 2.1880712509155273
64 8 1 1.3774559497833252
64 8 1 4.2816901206970215
64 8 1 0.8808724284172058
64 8 1 1.5851478576660156
64 8 1 1.3492084741592407
64 8 1 3.7841217517852783
64 8 1 3.3007092475891113
64 8 1 3.0204148292541504
64 8 1 1.9260165691375732
64 8 1 0.9758477210998535
64 8 1 17.8381958007812500
64 8 1 1.4225105047225952
64 8 1 1.8447279930114746
64 8 1 5.0591740608215332
64 8 1 1.5751734972000122
64 8 1 1.5353329181671143
64 8 1 2.0710833072662354
64 8 1 1.2664164304733276
64 8 1 0.9978836774826050
64 8 1 3.2645795345306396
64 8 1 2.6186718940734863
64 8 1 3.3425967693328857
64 8 1 11.2056245803833008
64 8 1 1.5313485860824585
64 8 1 0.9606698751449585
64 8 1 1.2871460914611816
64 8 1 1.1870110034942627
64 8 1 2.4186244010925293
64 8 1 0.5933924317359924
64 8 1 1.7953054904937744
64 8 1 1.2314939498901367
64 8 1 1.1581125259399414
64 8 1 2.4599759578704834
64 8 1 1.9784076213836670
64 8 1 1.8351042270660400
64 16 1 0.7224390506744385
64 16 1 1.1062008142471313
64 16 1 2.6607568264007568
64 16 1 1.0807538032531738
64 16 1 0.6575947403907776
64 16 1 1.3813236951828003
64 16 1 0.9426215887069702
64 16 1 1.4817582368850708
64 16 1 1.1090232133865356
64 16 1 1.5088751316070557
64 16 1 1.7926535606384277
64 16 1 1.5212738513946533
64 16 1 1.4769582748413086
64 16 1 1.4139485359191895
64 16 1 1.4701362848281860
64 16 1 0.8584156632423401
64 16 1 0.6750580072402954
64 16 1 1.5030201673507690
64 16 1 2.6982183456420898
64 16 1 1.1621242761611938
64 16 1 1.0829052925109863
64 16 1 1.3819760084152222
64 16 1 1.6762232780456543
64 16 1 0.9663527011871338
64 16 1 1.0391914844512939
64 16 1 0.8748793601989746
64 16 1 0.8825975060462952
64 16 1 1.1035182476043701
64 16 1 1.6305106878280640
64 16 1 1.1477893590927124
64 16 1 1.3569893836975098
64 16 1 1.2756389379501343
64 16 1 1.6129670143127441
64 16 1 0.7258234620094299
64 16 1 1.8557257652282715
64 16 1 0.7873297929763794
64 16 1 0.7972981929779053
64 16 1 0.9013121724128723
64 16 1 1.0056304931640625
64 16 1 0.9329037666320801
64 16 1 0.9227973818778992
64 16 1 0.9991066455841064
64 16 1 0.8366900682449341
64 16 1 1.0486584901809692
64 16 1 1.1887618303298950
64 16 1 1.4257754087448120
64 16 1 0.8807973265647888
64 16 1 1.2121181488037109
64 16 1 0.8642302751541138
64 16 1 0.8918963074684143
64 16 1 1.4771139621734619
64 16 1 1.6043996810913086
64 16 1 1.1689389944076538
64 16 1 1.4287687540054321
64 16 1 0.9330136179924011
64 16 1 1.3272804021835327
64 16 1 1.0433787107467651
64 16 1 0.6477638483047485
64 16 1 2.1030502319335938
64 16 1 1.3496618270874023
64 16 1 13.6617269515991211
64 16 1 1.5849021673202515
64 16 1 0.8955838084220886
64 16 1 0.8312520384788513
64 16 1 1.5175830125808716
64 16 1 1.2093648910522461
64 16 1 1.4279279708862305
64 16 1 1.6780999898910522
64 16 1 1.1361166238784790
64 16 1 1.4217182397842407
64 16 1 0.7846326231956482
64 16 1 1.0493718385696411
64 16 1 1.2573437690734863
64 16 1 2.4080080986022949
64 16 1 0.9183767437934875
64 16 1 0.9775128364562988
64 16 1 0.6596292257308960
64 16 1 0.9480983614921570
64 16 1 2.3003938198089600
64 16 1 1.0049804449081421
64 16 1 1.4364584684371948
64 16 1 0.9628373980522156
64 16 1 0.8427745103836060
64 16 1 2.1255612373352051
64 16 1 2.6103515625000000
64 16 1 1.0830309391021729
64 16 1 2.5341053009033203
64 16 1 1.8392524719238281
64 16 1 0.7080975174903870
64 16 1 0.8680441975593567
64 16 1 0.9498164653778076
64 16 1 0.6962365508079529
64 16 1 0.8114049434661865
64 16 1 1.3374640941619873
64 16 1 2.0422196388244629
64 16 1 1.5254526138305664
64 16 1 1.1682037115097046
64 16 1 1.4119130373001099
64 16 1 1.5097018480300903
64 16 1 1.4982249736785889
64 32 1 1.2668144702911377
64 32 1 0.9548004865646362
64 32 1 0.7175434827804565
64 32 1 1.0524969100952148
64 32 1 0.6198965311050415
64 32 1 1.1035667657852173
64 32 1 1.7532968521118164
64 32 1 1.2326674461364746
64 32 1 0.7378831505775452
64 32 1 0.6949626207351685
64 32 1 1.0794667005538940
64 32 1 0.9993755221366882
64 32 1 1.4929952621459961
64 32 1 1.1505818367004395
64 32 1 1.0928816795349121
64 32 1 1.0276989936828613
64 32 1 0.6378753185272217
64 32 1 1.1016899347305298
64 32 1 0.8373716473579407
64 32 1 0.8267944455146790
64 32 1 1.9394645690917969
64 32 1 1.6510002613067627
64 32 1 0.9188810586929321
64 32 1 0.6597352027893066
64 32 1 0.6767664551734924
64 32 1 0.6530637145042419
64 32 1 1.4117345809936523
64 32 1 0.6391268372535706
64 32 1 0.7541793584823608
64 32 1 1.1850864887237549
64 32 1 0.9096623063087463
64 32 1 1.1216628551483154
64 32 1 0.6769367456436157
64 32 1 1.1359586715698242
64 32 1 0.7686091065406799
64 32 1 1.2024685144424438
64 32 1 0.7048819661140442
64 32 1 1.0418953895568848
64 32 1 1.2935785055160522
64 32 1 1.1588587760925293
64 32 1 0.8114392161369324
64 32 1 0.8614910244941711
64 32 1 0.8119351863861084
64 32 1 0.6079208850860596
64 32 1 0.9322445392608643
64 32 1 0.8714804053306580
64 32 1 1.3331593275070190
64 32 1 0.6196852326393127
64 32 1 1.7841482162475586
64 32 1 0.8448855876922607
64 32 1 1.0488691329956055
64 32 1 1.5473974943161011
64 32 1 1.0208157300949097
64 32 1 0.9235633015632629
64 32 1 1.0273724794387817
64 32 1 0.7067584395408630
64 32 1 1.5575323104858398
64 32 1 1.1002352237701416
64 32 1 2.4475166797637939
64 32 1 1.2776637077331543
64 32 1 0.9641103148460388
64 32 1 0.6645531654357910
64 32 1 1.0441607236862183
64 32 1 1.1254165172576904
64 32 1 0.9965177774429321
64 32 1 1.0964225530624390
64 32 1 1.1327650547027588
64 32 1 1.7868717908859253
64 32 1 1.1532397270202637
64 32 1 0.6298953294754028
64 32 1 0.9518667459487915
64 32 1 0.7249485850334167
64 32 1 1.0925217866897583
64 32 1 0.9963138699531555
64 32 1 0.7359188199043274
64 32 1 0.8151491284370422
64 32 1 0.8514483571052551
64 32 1 1.1721860170364380
64 32 1 1.1618843078613281
64 32 1 0.7499957084655762
64 32 1 0.9050551652908325
64 32 1 0.9362381100654602
64 32 1 0.6451553106307983
64 32 1 1.1052898168563843
64 32 1 1.3160417079925537
64 32 1 0.9669114947319031
64 32 1 0.8390600085258484
64 32 1 0.7467665076255798
64 32 1 0.6181131601333618
64 32 1 0.6907798647880554
64 32 1 0.8046715259552002
64 32 1 1.1281501054763794
64 32 1 0.8757115006446838
64 32 1 0.8600728511810303
64 32 1 0.8090005517005920
64 32 1 0.6157032251358032
64 32 1 1.2523971796035767
64 32 1 0.7703317999839783
64 32 1 0.8568034172058105
64 32 1 1.2070292234420776
64 64 1 0.8614628314971924
64 64 1 0.4955773949623108
64 64 1 0.7464430928230286
64 64 1 0.8368470072746277
64 64 1 1.0588200092315674
64 64 1 0.6556981801986694
64 64 1 0.7603494524955750
64 64 1 0.7007339000701904
64 64 1 0.8739877939224243
64 64 1 0.8587121367454529
64 64 1 0.6891183257102966
64 64 1 1.0726665258407593
64 64 1 0.8193926811218262
64 64 1 0.6087282299995422
64 64 1 0.9992959499359131
64 64 1 1.2762278318405151
64 64 1 0.5801391601562500
64 64 1 0.6497051119804382
64 64 1 0.6890907287597656
64 64 1 0.7444188594818115
64 64 1 0.6193905472755432
64 64 1 0.6376073956489563
64 64 1 0.8598433732986450
64 64 1 0.9081549048423767
64 64 1 0.4914117455482483
64 64 1 0.6264294981956482
64 64 1 0.6683768630027771
64 64 1 0.4802097082138062
64 64 1 0.5209640264511108
64 64 1 0.4901396930217743
64 64 1 1.3822704553604126
64 64 1 0.4811850786209106
64 64 1 0.7246259450912476
64 64 1 0.6492429971694946
64 64 1 0.4947178661823273
64 64 1 0.6990460753440857
64 64 1 0.4994758665561676
64 64 1 0.6530199646949768
64 64 1 0.5641046762466431
64 64 1 0.6970086097717285
64 64 1 0.5583543777465820
64 64 1 0.6540237665176392
64 64 1 0.7629650831222534
64 64 1 0.4704848527908325
64 64 1 0.6624068617820740
64 64 1 0.6406868696212769
64 64 1 0.6102683544158936
64 64 1 0.7440612912178040
64 64 1 0.5850923657417297
64 64 1 0.9168215990066528
64 64 1 0.7358375787734985
64 64 1 0.7546749114990234
64 64 1 0.6206808686256409
64 64 1 0.8803891539573669
64 64 1 0.4893943667411804
64 64 1 0.6482764482498169
64 64 1 0.7227506041526794
64 64 1 0.6612930297851562
64 64 1 0.6061462759971619
64 64 1 1.0449309349060059
64 64 1 0.6783414483070374
64 64 1 0.8316626548767090
64 64 1 0.4399081170558929
64 64 1 0.6327155828475952
64 64 1 0.9393504858016968
64 64 1 0.6641899943351746
64 64 1 0.7350717782974243
64 64 1 0.8775610327720642
64 64 1 0.9186643958091736
64 64 1 0.8909965753555298
64 64 1 0.9771955609321594
64 64 1 0.6498274803161621
64 64 1 0.5478859543800354
64 64 1 0.5608986616134644
64 64 1 0.8097206354141235
64 64 1 0.5921472311019897
64 64 1 0.6051580905914307
64 64 1 1.2043843269348145
64 64 1 0.5771757960319519
64 64 1 1.5677695274353027
64 64 1 0.8924055695533752
64 64 1 0.7541741132736206
64 64 1 0.7300174236297607
64 64 1 0.9330666065216064
64 64 1 0.7434067726135254
64 64 1 0.6625565886497498
64 64 1 0.6652078032493591
64 64 1 0.6492553949356079
64 64 1 0.5731787085533142
64 64 1 0.6768248081207275
64 64 1 1.0145878791809082
64 64 1 0.8087503910064697
64 64 1 0.9008875489234924
64 64 1 0.7976175546646118
64 64 1 0.6748237609863281
64 64 1 0.6891213059425354
64 64 1 0.6299133896827698
64 64 1 0.9310584068298340
64 64 1 0.7511669993400574
64 64 1 0.9755676984786987
64 128 1 0.8529766201972961
64 128 1 0.5282146334648132
64 128 1 0.7508382201194763
64 128 1 0.5179798603057861
64 128 1 0.5661657452583313
64 128 1 0.5240620970726013
64 128 1 0.4680343568325043
64 128 1 0.6576443314552307
64 128 1 0.4454688131809235
64 128 1 0.9576811194419861
64 128 1 0.8822869658470154
64 128 1 0.5113373398780823
64 128 1 0.7282752990722656
64 128 1 0.6744145750999451
64 128 1 0.7172004580497742
64 128 1 0.7734287977218628
64 128 1 0.7823669314384460
64 128 1 0.5182254910469055
64 128 1 0.5426810979843140
64 128 1 0.6086464524269104
64 128 1 0.6897601485252380
64 128 1 0.5724743008613586
64 128 1 0.6366254687309265
64 128 1 0.5228242278099060
64 128 1 0.4887107610702515
64 128 1 0.8184846639633179
64 128 1 0.5483843088150024
64 128 1 0.6121148467063904
64 128 1 0.4861360192298889
64 128 1 0.5759134292602539
64 128 1 0.6670975685119629
64 128 1 0.5386874079704285
64 128 1 0.5997394323348999
64 128 1 0.7137278914451599
64 128 1 0.5948713421821594
64 128 1 0.6078693866729736
64 128 1 0.5436166524887085
64 128 1 0.5285046100616455
64 128 1 0.7397788166999817
64 128 1 0.6002802848815918
64 128 1 0.4529023766517639
64 128 1 0.7203698754310608
64 128 1 0.5444952249526978
64 128 1 0.4489504992961884
64 128 1 0.7274699211120605
64 128 1 0.5927360653877258
64 128 1 0.5440382361412048
64 128 1 0.6084733009338379
64 128 1 0.6114010810852051
64 128 1 0.4970119893550873
64 128 1 0.6973677277565002
64 128 1 0.5285700559616089
64 128 1 0.4947682321071625
64 128 1 0.7080317735671997
64 128 1 0.5548134446144104
64 128 1 0.4665752351284027
64 128 1 0.5394513010978699
64 128 1 0.6747115850448608
64 128 1 0.5685160160064697
64 128 1 0.5776254534721375
64 128 1 0.6282207369804382
64 128 1 0.6797668337821960
64 128 1 0.8294058442115784
64 128 1 0.7624294161796570
64 128 1 0.6567404270172119
64 128 1 0.4642072916030884
64 128 1 0.7171794772148132
64 128 1 0.7662807703018188
64 128 1 0.4853937625885010
64 128 1 0.5124361515045166
64 128 1 0.6425980925559998
64 128 1 0.5488153696060181
64 128 1 0.5958907008171082
64 128 1 0.5023555159568787
64 128 1 0.5417703390121460
64 128 1 0.5829444527626038
64 128 1 0.5461075901985168
64 128 1 0.6604540944099426
64 128 1 0.8021224737167358
64 128 1 0.7445773482322693
64 128 1 0.5456302165985107
64 128 1 0.6154988408088684
64 128 1 0.6200487613677979
64 128 1 0.6377755403518677
64 128 1 0.7677217125892639
64 128 1 0.5584417581558228
64 128 1 0.5267009139060974
64 128 1 0.5367562770843506
64 128 1 0.5070685148239136
64 128 1 0.8464435338973999
64 128 1 0.5795490741729736
64 128 1 0.5249494910240173
64 128 1 0.5865417122840881
64 128 1 0.6787174940109253
64 128 1 0.7049313187599182
64 128 1 0.5592244863510132
64 128 1 0.7414424419403076
64 128 1 0.7710228562355042
64 128 1 0.5647161602973938
64 128 1 0.5444345474243164
64 256 1 0.4470821022987366
64 256 1 0.6387693881988525
64 256 1 0.4777293503284454
64 256 1 0.5433732867240906
64 256 1 0.4276620149612427
64 256 1 0.4565027952194214
64 256 1 0.6158736348152161
64 256 1 0.6538827419281006
64 256 1 0.4428527951240540
64 256 1 0.3996182680130005
64 256 1 0.6115398406982422
64 256 1 0.5566575527191162
64 256 1 0.4280641078948975
64 256 1 0.4892904758453369
64 256 1 0.4582675695419312
64 256 1 0.4844173192977905
64 256 1 0.5179890990257263
64 256 1 0.4974182248115540
64 256 1 0.6172062754631042
64 256 1 0.5459904670715332
64 256 1 0.4843253195285797
64 256 1 0.6533753275871277
64 256 1 0.5320810079574585
64 256 1 0.4128903150558472
64 256 1 0.4698783457279205
64 256 1 0.5805675983428955
64 256 1 0.6629036068916321
64 256 1 0.6001631617546082
64 256 1 0.5584775209426880
64 256 1 0.6131913661956787
64 256 1 0.5678737163543701
64 256 1 0.5900977849960327
64 256 1 0.4931033849716187
64 256 1 0.5234342217445374
64 256 1 0.4633236229419708
64 256 1 0.4652397632598877
64 256 1 0.5003502368927002
64 256 1 0.4891538918018341
64 256 1 0.4427762925624847
64 256 1 0.6007570624351501
64 256 1 0.6371778845787048
64 256 1 0.4579674899578094
64 256 1 0.5343554019927979
64 256 1 0.5658932924270630
64 256 1 0.3984718620777130
64 256 1 0.4519906938076019
64 256 1 0.5100837945938110
64 256 1 0.4983824193477631
64 256 1 0.4864173233509064
64 256 1 0.4697697758674622
64 256 1 0.5326048135757446
64 256 1 0.5654401779174805
64 256 1 0.6256654858589172
64 256 1 0.4558536112308502
64 256 1 0.5987697243690491
64 256 1 0.4795845746994019
64 256 1 0.4432386457920074
64 256 1 0.6060948371887207
64 256 1 0.5512759685516357
64 256 1 0.5743919014930725
64 256 1 0.4789124727249146
64 256 1 0.4999507963657379
64 256 1 0.4434702992439270
64 256 1 0.4202011525630951
64 256 1 0.4277067184448242
64 256 1 0.4482080936431885
64 256 1 0.4053696393966675
64 256 1 0.5426153540611267
64 256 1 0.5586112141609192
64 256 1 0.4741316139698029
64 256 1 0.4773933291435242
64 256 1 0.5030134916305542
64 256 1 0.5558280944824219
64 256 1 0.4588354825973511
64 256 1 0.5273063778877258
64 256 1 0.4793949425220490
64 256 1 0.5227082967758179
64 256 1 0.5515745282173157
64 256 1 0.6109895706176758
64 256 1 0.5978991985321045
64 256 1 0.4571640491485596
64 256 1 0.4796630740165710
64 256 1 0.5501765608787537
64 256 1 0.6153968572616577
64 256 1 0.5046957135200500
64 256 1 0.5433886051177979
64 256 1 0.4771966934204102
64 256 1 0.5555176138877869
64 256 1 0.4968652725219727
64 256 1 0.5124325156211853
64 256 1 0.4598503112792969
64 256 1 0.5800688266754150
64 256 1 0.5761674642562866
64 256 1 0.4452455937862396
64 256 1 0.5037683248519897
64 256 1 0.5566555857658386
64 256 1 0.5143504738807678
64 256 1 0.5500667691230774
64 256 1 0.4852515459060669
64 256 1 0.6019359827041626
64 512 1 0.3592430353164673
64 512 1 0.5160795450210571
64 512 1 0.4501363039016724
64 512 1 0.6004970669746399
64 512 1 0.3830770254135132
64 512 1 0.4716018736362457
64 512 1 0.4869962930679321
64 512 1 0.5095371007919312
64 512 1 0.3618401288986206
64 512 1 0.4290801286697388
64 512 1 0.4592028558254242
64 512 1 0.5207382440567017
64 512 1 0.5497937202453613
64 512 1 0.4924899339675903
64 512 1 0.4125724136829376
64 512 1 0.4537884891033173
64 512 1 0.4151595234870911
64 512 1 0.5150904655456543
64 512 1 0.4565348029136658
64 512 1 0.4367519021034241
64 512 1 0.4656494855880737
64 512 1 0.4987670481204987
64 512 1 0.4074759781360626
64 512 1 0.5042632818222046
64 512 1 0.4035783410072327
64 512 1 0.4862201213836670
64 512 1 0.4038060009479523
64 512 1 0.4774837791919708
64 512 1 0.4254032075405121
64 512 1 0.4207125902175903
64 512 1 0.5217036008834839
64 512 1 0.3975969254970551
64 512 1 0.5184027552604675
64 512 1 0.3896790742874146
64 512 1 0.4271446466445923
64 512 1 0.4241280257701874
64 512 1 0.4616036713123322
64 512 1 0.3814662694931030
64 512 1 0.4293053746223450
64 512 1 0.4307458996772766
64 512 1 0.4733672440052032
64 512 1 0.3851890265941620
64 512 1 0.4285692870616913
64 512 1 0.4745605885982513
64 512 1 0.4389134943485260
64 512 1 0.4977697730064392
64 512 1 0.5583354234695435
64 512 1 0.4426416754722595
64 512 1 0.4538538455963135
64 512 1 0.3789545893669128
64 512 1 0.4087357819080353
64 512 1 0.5244407057762146
64 512 1 0.4494706392288208
64 512 1 0.4140612781047821
64 512 1 0.4918915927410126
64 512 1 0.5069197416305542
64 512 1 0.4300765097141266
64 512 1 0.4514499008655548
64 512 1 0.5202220678329468
64 512 1 0.5354314446449280
64 512 1 0.4247579574584961
64 512 1 0.4538470804691315
64 512 1 0.4598572254180908
64 512 1 0.4755471050739288
64 512 1 0.4492546319961548
64 512 1 0.5493419170379639
64 512 1 0.4091092944145203
64 512 1 0.6216419339179993
64 512 1 0.5316240787506104
64 512 1 0.4377281069755554
64 512 1 0.4279358685016632
64 512 1 0.4613263607025146
64 512 1 0.4918198883533478
64 512 1 0.3418021500110626
64 512 1 0.3983326256275177
64 512 1 0.4335321485996246
64 512 1 0.4662015438079834
64 512 1 0.4363031685352325
64 512 1 0.5112698078155518
64 512 1 0.4885985255241394
64 512 1 0.4040216803550720
64 512 1 0.4635424911975861
64 512 1 0.4544699788093567
64 512 1 0.3960850536823273
64 512 1 0.4210508763790131
64 512 1 0.4280960857868195
64 512 1 0.4226261079311371
64 512 1 0.4947659969329834
64 512 1 0.4292823076248169
64 512 1 0.4762998819351196
64 512 1 0.5510687232017517
64 512 1 0.4568545222282410
64 512 1 0.3838736414909363
64 512 1 0.4466931521892548
64 512 1 0.4979020357131958
64 512 1 0.4268781244754791
64 512 1 0.4987831115722656
64 512 1 0.4650929272174835
64 512 1 0.4090206623077393
64 512 1 0.4640056490898132
128 4 1 0.8002002835273743
128 4 1 1.0168144702911377
128 4 1 1.7308512926101685
128 4 1 1.8733679056167603
128 4 1 2.0204367637634277
128 4 1 1.8025468587875366
128 4 1 0.6443699002265930
128 4 1 1.5772085189819336
128 4 1 1.3241008520126343
128 4 1 1.0474841594696045
128 4 1 1.7896400690078735
128 4 1 1.9562512636184692
128 4 1 1.1438758373260498
128 4 1 1.9074035882949829
128 4 1 1.2168081998825073
128 4 1 1.6010084152221680
128 4 1 3.1888620853424072
128 4 1 1.0016216039657593
128 4 1 4.2748045921325684
128 4 1 1.1402773857116699
128 4 1 0.9158565998077393
128 4 1 2.1341316699981689
128 4 1 1.7207150459289551
128 4 1 0.9262242913246155
128 4 1 1.8418900966644287
128 4 1 1.4126121997833252
128 4 1 1.4767234325408936
128 4 1 1.1495395898818970
128 4 1 1.7324287891387939
128 4 1 1.8782032728195190
128 4 1 1.7001200914382935
128 4 1 1.1615988016128540
128 4 1 1.8424154520034790
128 4 1 1.3340020179748535
128 4 1 1.0325450897216797
128 4 1 3.2378365993499756
128 4 1 1.8460628986358643
128 4 1 0.9647884964942932
128 4 1 1.1217545270919800
128 4 1 1.0086616277694702
128 4 1 1.0729269981384277
128 4 1 2.6155571937561035
128 4 1 1.7151886224746704
128 4 1 1.0603278875350952
128 4 1 1.8973171710968018
128 4 1 1.6962134838104248
128 4 1 1.4229087829589844
128 4 1 2.4613411426544189
128 4 1 5.4360132217407227
128 4 1 1.0782580375671387
128 4 1 1.6030545234680176
128 4 1 1.3191653490066528
128 4 1 1.1473416090011597
128 4 1 1.2135167121887207
128 4 1 2.1476163864135742
128 4 1 0.9841448068618774
128 4 1 1.3409743309020996
128 4 1 3.6964459419250488
128 4 1 1.3138971328735352
128 4 1 3.7649793624877930
128 4 1 0.9419465065002441
128 4 1 1.2544677257537842
128 4 1 1.8236252069473267
128 4 1 2.1734960079193115
128 4 1 2.0436570644378662
128 4 1 2.0393664836883545
128 4 1 1.5852283239364624
128 4 1 1.6998449563980103
128 4 1 1.2265944480895996
128 4 1 1.4005076885223389
128 4 1 1.4548599720001221
128 4 1 3.2876956462860107
128 4 1 1.7307318449020386
128 4 1 3.0777382850646973
128 4 1 1.3194015026092529
128 4 1 1.3347131013870239
128 4 1 2.0748581886291504
128 4 1 1.6559453010559082
128 4 1 1.3235627412796021
128 4 1 2.3774836063385010
128 4 1 1.5618891716003418
128 4 1 2.0837738513946533
128 4 1 5.3738617897033691
128 4 1 3.1389486789703369
128 4 1 1.4892435073852539
128 4 1 1.8648784160614014
128 4 1 0.8292382955551147
128 4 1 1.3992514610290527
128 4 1 2.0608882904052734
128 4 1 1.5719885826110840
128 4 1 1.3204045295715332
128 4 1 1.2603040933609009
128 4 1 1.8529334068298340
128 4 1 1.5376657247543335
128 4 1 0.9701668024063110
128 4 1 1.7446807622909546
128 4 1 1.9917902946472168
128 4 1 1.1756361722946167
128 4 1 0.9785629510879517
128 4 1 1.2704541683197021
128 8 1 0.8037697076797485
128 8 1 1.5375792980194092
128 8 1 0.8415369987487793
128 8 1 0.9058078527450562
128 8 1 1.1552232503890991
128 8 1 1.2839477062225342
128 8 1 1.7575629949569702
128 8 1 1.9254547357559204
128 8 1 3.5144982337951660
128 8 1 0.9442214965820312
128 8 1 1.4350911378860474
128 8 1 1.1007037162780762
128 8 1 1.3434525728225708
128 8 1 1.2430869340896606
128 8 1 0.9673953056335449
128 8 1 1.3322705030441284
128 8 1 1.1183035373687744
128 8 1 1.3423814773559570
128 8 1 0.8903011083602905
128 8 1 0.6720929145812988
128 8 1 2.8299889564514160
128 8 1 1.2767282724380493
128 8 1 1.6262589693069458
128 8 1 1.1200306415557861
128 8 1 1.5187023878097534
128 8 1 0.9436005949974060
128 8 1 1.3474606275558472
128 8 1 1.5199285745620728
128 8 1 0.9314641356468201
128 8 1 0.9949613809585571
128 8 1 0.9449356794357300
128 8 1 0.6562947034835815
128 8 1 1.2792352437973022
128 8 1 1.2958942651748657
128 8 1 1.0474312305450439
128 8 1 1.6432267427444458
128 8 1 1.8279457092285156
128 8 1 0.8573058247566223
128 8 1 0.9547727704048157
128 8 1 0.9702218770980835
128 8 1 1.5194839239120483
128 8 1 2.7585418224334717
128 8 1 1.0036879777908325
128 8 1 1.0979419946670532
128 8 1 0.8738088011741638
128 8 1 1.3928931951522827
128 8 1 0.8692235350608826
128 8 1 1.0261936187744141
128 8 1 1.4313424825668335
128 8 1 0.8273421525955200
128 8 1 1.3686374425888062
128 8 1 0.9477871656417847
128 8 1 0.8652620911598206
128 8 1 1.8094688653945923
128 8 1 1.6668562889099121
128 8 1 1.0069696903228760
128 8 1 1.0654399394989014
128 8 1 0.7643930315971375
128 8 1 1.7071417570114136
128 8 1 0.8788618445396423
128 8 1 1.2350925207138062
128 8 1 1.4803724288940430
128 8 1 0.9279589056968689
128 8 1 1.9614653587341309
128 8 1 1.2662646770477295
128 8 1 1.3661543130874634
128 8 1 1.5993478298187256
128 8 1 1.2274887561798096
128 8 1 1.0908381938934326
128 8 1 0.7070702314376831
128 8 1 1.2128630876541138
128 8 1 0.9232779741287231
128 8 1 0.9383566975593567
128 8 1 2.6380748748779297
128 8 1 1.4709576368331909
128 8 1 1.2149277925491333
128 8 1 1.1524727344512939
128 8 1 0.9669709801673889
128 8 1 0.7496474981307983
128 8 1 1.1716960668563843
128 8 1 0.6814436316490173
128 8 1 1.2622073888778687
128 8 1 1.1268947124481201
128 8 1 2.3295140266418457
128 8 1 1.5908880233764648
128 8 1 0.7366858124732971
128 8 1 0.9312678575515747
128 8 1 2.1024980545043945
128 8 1 0.9235283136367798
128 8 1 1.4445660114288330
128 8 1 0.7499175071716309
128 8 1 0.9921049475669861
128 8 1 1.4282004833221436
128 8 1 1.9132428169250488
128 8 1 0.7061400413513184
128 8 1 0.7495697736740112
128 8 1 1.5005466938018799
128 8 1 1.3231784105300903
128 8 1 1.2995244264602661
128 8 1 0.5759022235870361
128 16 1 1.1713576316833496
128 16 1 1.0418596267700195
128 16 1 0.6230876445770264
128 16 1 1.0082203149795532
128 16 1 1.1780488491058350
128 16 1 0.7853410243988037
128 16 1 0.8041705489158630
128 16 1 0.6542796492576599
128 16 1 0.6858412027359009
128 16 1 0.7273491621017456
128 16 1 0.6115257740020752
128 16 1 1.0190054178237915
128 16 1 0.5950129032135010
128 16 1 1.5085772275924683
128 16 1 0.8505241274833679
128 16 1 0.6399846673011780
128 16 1 1.4913123846054077
128 16 1 1.2765784263610840
128 16 1 0.5965924859046936
128 16 1 1.0894213914871216
128 16 1 0.6362540721893311
128 16 1 1.8242449760437012
128 16 1 1.4817390441894531
128 16 1 0.6949175000190735
128 16 1 0.6985484957695007
128 16 1 0.5979998707771301
128 16 1 0.6963232159614563
128 16 1 0.7563688755035400
128 16 1 0.9083291888237000
128 16 1 1.0242637395858765
128 16 1 0.8796974420547485
128 16 1 1.3098442554473877
128 16 1 0.9039197564125061
128 16 1 0.9080367088317871
128 16 1 0.6825683712959290
128 16 1 0.8335096240043640
128 16 1 0.6436503529548645
128 16 1 1.6207542419433594
128 16 1 0.6181517839431763
128 16 1 1.0143787860870361
128 16 1 0.9356223344802856
128 16 1 1.1969881057739258
128 16 1 0.7305302619934082
128 16 1 1.2137445211410522
128 16 1 0.7076551318168640
128 16 1 0.9136431217193604
128 16 1 1.4335556030273438
128 16 1 1.4166237115859985
128 16 1 1.0056082010269165
128 16 1 1.4098285436630249
128 16 1 0.9693631529808044
128 16 1 0.5831670761108398
128 16 1 0.7540384531021118
128 16 1 1.1546620130538940
128 16 1 1.2061256170272827
128 16 1 1.0752146244049072
128 16 1 1.0007786750793457
128 16 1 0.8586134314537048
128 16 1 1.1217747926712036
128 16 1 0.9808651208877563
128 16 1 0.8576388359069824
128 16 1 1.1001689434051514
128 16 1 0.8955891132354736
128 16 1 1.1589708328247070
128 16 1 0.7567510008811951
128 16 1 0.5840103030204773
128 16 1 0.6951337456703186
128 16 1 0.7956258654594421
128 16 1 0.9619342088699341
128 16 1 0.7603847980499268
128 16 1 0.5062482953071594
128 16 1 1.2467521429061890
128 16 1 1.0239171981811523
128 16 1 0.6577009558677673
128 16 1 1.2999960184097290
128 16 1 0.7905399203300476
128 16 1 1.1388697624206543
128 16 1 0.6421631574630737
128 16 1 0.8112094998359680
128 16 1 0.6938487291336060
128 16 1 0.7423254251480103
128 16 1 1.0460474491119385
128 16 1 1.0277262926101685
128 16 1 0.7403497099876404
128 16 1 0.8568357825279236
128 16 1 1.0596489906311035
128 16 1 2.1113543510437012
128 16 1 0.6794064044952393
128 16 1 2.0120308399200439
128 16 1 1.5370717048645020
128 16 1 0.8093669414520264
128 16 1 0.7126857042312622
128 16 1 1.0764648914337158
128 16 1 0.8703021407127380
128 16 1 1.0650986433029175
128 16 1 0.7020469903945923
128 16 1 0.7194532752037048
128 16 1 0.5581122040748596
128 16 1 0.8399904370307922
128 16 1 1.0606093406677246
128 32 1 0.8049070239067078
128 32 1 0.7410556077957153
128 32 1 0.6467614173889160
128 32 1 0.8682073354721069
128 32 1 0.5449562668800354
128 32 1 1.6363292932510376
128 32 1 0.4685685336589813
128 32 1 0.7610956430435181
128 32 1 0.7816753387451172
128 32 1 0.8313749432563782
128 32 1 0.5338228344917297
128 32 1 0.7414705157279968
128 32 1 0.5572745800018311
128 32 1 0.6792616248130798
128 32 1 0.7823407053947449
128 32 1 1.0143122673034668
128 32 1 0.6336156129837036
128 32 1 0.6039030551910400
128 32 1 0.6167383790016174
128 32 1 0.5771422386169434
128 32 1 0.7393394708633423
128 32 1 1.0574412345886230
128 32 1 0.6027479171752930
128 32 1 0.8178413510322571
128 32 1 0.5303071737289429
128 32 1 0.5802591443061829
128 32 1 1.2439565658569336
128 32 1 0.9926624894142151
128 32 1 0.7288120985031128
128 32 1 0.9716203212738037
128 32 1 0.5979838967323303
128 32 1 0.6276580095291138
128 32 1 0.6311563849449158
128 32 1 0.9512841701507568
128 32 1 0.5002477765083313
128 32 1 0.8520265817642212
128 32 1 0.8055329322814941
128 32 1 0.6411389112472534
128 32 1 1.0261136293411255
128 32 1 0.6410759687423706
128 32 1 0.7788050174713135
128 32 1 0.6359398365020752
128 32 1 0.5664793252944946
128 32 1 0.8191196918487549
128 32 1 0.7054937481880188
128 32 1 0.6631516218185425
128 32 1 0.8058907985687256
128 32 1 0.8623703718185425
128 32 1 0.6958214640617371
128 32 1 0.7068596482276917
128 32 1 0.7361651659011841
128 32 1 0.7426509857177734
128 32 1 1.0769510269165039
128 32 1 0.8616074919700623
128 32 1 0.4888815283775330
128 32 1 0.6101918220520020
128 32 1 0.7219164967536926
128 32 1 0.6204137802124023
128 32 1 1.2387189865112305
128 32 1 0.8408291339874268
128 32 1 0.6478353142738342
128 32 1 0.7358581423759460
128 32 1 0.6248632073402405
128 32 1 0.5666945576667786
128 32 1 0.8067108392715454
128 32 1 1.0217120647430420
128 32 1 0.7458247542381287
128 32 1 0.6585790514945984
128 32 1 1.0663923025131226
128 32 1 0.5226078033447266
128 32 1 1.0190154314041138
128 32 1 0.9137586951255798
128 32 1 0.5585449337959290
128 32 1 0.7927551269531250
128 32 1 0.5631791353225708
128 32 1 0.5940883159637451
128 32 1 0.5888325572013855
128 32 1 1.2564985752105713
128 32 1 0.6612496972084045
128 32 1 0.6102439761161804
128 32 1 0.8193988204002380
128 32 1 0.7760162353515625
128 32 1 0.7147452831268311
128 32 1 0.4865078032016754
128 32 1 0.8219715952873230
128 32 1 0.5959315896034241
128 32 1 0.5641328692436218
128 32 1 0.7631024122238159
128 32 1 0.4322198629379272
128 32 1 0.6562887430191040
128 32 1 0.7358426451683044
128 32 1 0.6695736050605774
128 32 1 0.5446932315826416
128 32 1 0.7742377519607544
128 32 1 0.5613852143287659
128 32 1 0.8134545683860779
128 32 1 0.7533560991287231
128 32 1 0.8421593308448792
128 32 1 0.8519477248191833
128 32 1 0.7381042242050171
128 64 1 0.4857743978500366
128 64 1 0.6103142499923706
128 64 1 0.4207774996757507
128 64 1 0.6682428121566772
128 64 1 0.6548064947128296
128 64 1 0.5441187024116516
128 64 1 0.6467497348785400
128 64 1 0.5389086008071899
128 64 1 0.4241738617420197
128 64 1 0.5194458961486816
128 64 1 0.5384251475334167
128 64 1 0.7809780240058899
128 64 1 0.4445305168628693
128 64 1 0.5670301914215088
128 64 1 0.5538080334663391
128 64 1 0.6204978823661804
128 64 1 0.5835791826248169
128 64 1 0.6925403475761414
128 64 1 1.1514817476272583
128 64 1 0.5119677186012268
128 64 1 0.4837387204170227
128 64 1 0.5956942439079285
128 64 1 0.5929614901542664
128 64 1 0.4609305262565613
128 64 1 0.6119689345359802
128 64 1 0.6522369384765625
128 64 1 0.6361553072929382
128 64 1 0.6987144947052002
128 64 1 0.7240357398986816
128 64 1 0.5541454553604126
128 64 1 0.6022398471832275
128 64 1 0.4702896177768707
128 64 1 0.6371726989746094
128 64 1 0.4135215282440186
128 64 1 0.6364817619323730
128 64 1 0.5449525117874146
128 64 1 0.4870724081993103
128 64 1 0.6030887961387634
128 64 1 0.5021970272064209
128 64 1 0.4815869629383087
128 64 1 0.6071877479553223
128 64 1 0.6894166469573975
128 64 1 0.5767289400100708
128 64 1 0.7106887698173523
128 64 1 0.5191440582275391
128 64 1 0.6025680303573608
128 64 1 0.5046554803848267
128 64 1 0.4400789141654968
128 64 1 0.4411007165908813
128 64 1 0.5423059463500977
128 64 1 0.7296324968338013
128 64 1 0.4691584408283234
128 64 1 0.5779275298118591
128 64 1 0.4907850921154022
128 64 1 0.5021494030952454
128 64 1 0.3240507543087006
128 64 1 0.5521464943885803
128 64 1 0.6213404536247253
128 64 1 0.6204209327697754
128 64 1 0.5333619117736816
128 64 1 0.5674455761909485
128 64 1 0.7535994052886963
128 64 1 0.6191002130508423
128 64 1 0.7138718366622925
128 64 1 1.0817898511886597
128 64 1 0.6435059309005737
128 64 1 0.6060495972633362
128 64 1 0.5531895756721497
128 64 1 0.4042284488677979
128 64 1 0.7238301038742065
128 64 1 0.4810222983360291
128 64 1 0.5893508791923523
128 64 1 0.5649904012680054
128 64 1 0.5768446326255798
128 64 1 0.4680676758289337
128 64 1 0.5747944712638855
128 64 1 0.5787720084190369
128 64 1 0.4359770119190216
128 64 1 0.5828268527984619
128 64 1 0.5884204506874084
128 64 1 0.6731114387512207
128 64 1 0.5651285052299500
128 64 1 0.5043223500251770
128 64 1 0.6992099285125732
128 64 1 0.7943065166473389
128 64 1 0.4706879854202271
128 64 1 0.6210641860961914
128 64 1 0.5133405923843384
128 64 1 0.4238840937614441
128 64 1 0.6140961647033691
128 64 1 0.9003141522407532
128 64 1 0.4839501976966858
128 64 1 0.6348562836647034
128 64 1 0.5923627018928528
128 64 1 0.7257252335548401
128 64 1 0.4668332636356354
128 64 1 0.5005905628204346
128 64 1 0.9175810813903809
128 64 1 0.6549903154373169
128 64 1 0.6248872280120850
128 128 1 0.4683982133865356
128 128 1 0.5253985524177551
128 128 1 0.4690704345703125
128 128 1 0.5441194772720337
128 128 1 0.4846052527427673
128 128 1 0.4777047336101532
128 128 1 0.5003348588943481
128 128 1 0.5151495933532715
128 128 1 0.5240526795387268
128 128 1 0.4587972164154053
128 128 1 0.6537774801254272
128 128 1 0.5493274927139282
128 128 1 0.4077507257461548
128 128 1 0.5127031803131104
128 128 1 0.5842163562774658
128 128 1 0.5245541334152222
128 128 1 0.5422023534774780
128 128 1 0.5177724957466125
128 128 1 0.6294512152671814
128 128 1 0.6802970767021179
128 128 1 0.5428664088249207
128 128 1 0.5512024164199829
128 128 1 0.5232397317886353
128 128 1 0.5699697732925415
128 128 1 0.6314647197723389
128 128 1 0.6847981810569763
128 128 1 0.4781156480312347
128 128 1 0.4991087317466736
128 128 1 0.6517370343208313
128 128 1 0.5275840163230896
128 128 1 0.4510803520679474
128 128 1 0.6190191507339478
128 128 1 0.4243767559528351
128 128 1 0.5894815921783447
128 128 1 0.8113805651664734
128 128 1 0.5070880651473999
128 128 1 0.6136952638626099
128 128 1 0.4465872943401337
128 128 1 0.6644554734230042
128 128 1 0.5012683272361755
128 128 1 0.5407685041427612
128 128 1 0.5914577245712280
128 128 1 0.5512217879295349
128 128 1 0.5384945273399353
128 128 1 0.3985871970653534
128 128 1 0.4340984225273132
128 128 1 0.5736559033393860
128 128 1 0.6007340550422668
128 128 1 0.5369593501091003
128 128 1 0.6654682755470276
128 128 1 0.4386636614799500
128 128 1 0.5128386020660400
128 128 1 0.4854438006877899
128 128 1 0.5922386646270752
128 128 1 0.5620909929275513
128 128 1 0.4896790683269501
128 128 1 0.4549137353897095
128 128 1 0.4110517501831055
128 128 1 0.4955219924449921
128 128 1 0.5489625334739685
128 128 1 0.3914761245250702
128 128 1 0.4809912741184235
128 128 1 0.7104470729827881
128 128 1 0.5584395527839661
128 128 1 0.4480086266994476
128 128 1 0.6051126122474670
128 128 1 0.5276362895965576
128 128 1 0.5223520398139954
128 128 1 0.5807187557220459
128 128 1 0.5452171564102173
128 128 1 0.4713213443756104
128 128 1 0.5979817509651184
128 128 1 0.6389439105987549
128 128 1 0.4950816631317139
128 128 1 0.3807361721992493
128 128 1 0.4418641328811646
128 128 1 0.5185430049896240
128 128 1 0.5132670998573303
128 128 1 0.6022567749023438
128 128 1 0.4881613850593567
128 128 1 0.5207583904266357
128 128 1 0.5142804384231567
128 128 1 0.5363606214523315
128 128 1 0.4707141220569611
128 128 1 0.5390835404396057
128 128 1 0.5193521976470947
128 128 1 0.4226607382297516
128 128 1 0.4980302155017853
128 128 1 0.5108114480972290
128 128 1 0.5547235608100891
128 128 1 0.5160549283027649
128 128 1 0.5214827060699463
128 128 1 0.4650469720363617
128 128 1 0.5843755006790161
128 128 1 0.5115971565246582
128 128 1 0.5048059225082397
128 128 1 0.4552186131477356
128 128 1 0.5561174154281616
128 128 1 0.6098558902740479
128 128 1 0.4068443775177002
128 256 1 0.3651972711086273
128 256 1 0.5053405761718750
128 256 1 0.4821233451366425
128 256 1 0.4082859158515930
128 256 1 0.4666676819324493
128 256 1 0.4698384106159210
128 256 1 0.3948501944541931
128 256 1 0.4874443411827087
128 256 1 0.4380937218666077
128 256 1 0.5677126646041870
128 256 1 0.5847174525260925
128 256 1 0.3978014290332794
128 256 1 0.4933596551418304
128 256 1 0.5564336180686951
128 256 1 0.4314950108528137
128 256 1 0.5197521448135376
128 256 1 0.3688873648643494
128 256 1 0.4543640613555908
128 256 1 0.4645736217498779
128 256 1 0.4922640919685364
128 256 1 0.4779236912727356
128 256 1 0.5478283166885376
128 256 1 0.4590927362442017
128 256 1 0.4230966269969940
128 256 1 0.3970768451690674
128 256 1 0.4312931001186371
128 256 1 0.4824894368648529
128 256 1 0.4130845665931702
128 256 1 0.4214402139186859
128 256 1 0.5502073764801025
128 256 1 0.4870038330554962
128 256 1 0.5141823291778564
128 256 1 0.4602936208248138
128 256 1 0.5444384813308716
128 256 1 0.5102383494377136
128 256 1 0.4019851386547089
128 256 1 0.5244960188865662
128 256 1 0.4217750430107117
128 256 1 0.4524132609367371
128 256 1 0.4740975499153137
128 256 1 0.3759571909904480
128 256 1 0.4309952557086945
128 256 1 0.3725655376911163
128 256 1 0.4702771902084351
128 256 1 0.4448970556259155
128 256 1 0.5120614767074585
128 256 1 0.4478224515914917
128 256 1 0.4474078118801117
128 256 1 0.4512033164501190
128 256 1 0.3899745941162109
128 256 1 0.4411785602569580
128 256 1 0.4759165942668915
128 256 1 0.5492466092109680
128 256 1 0.4878022372722626
128 256 1 0.5443071126937866
128 256 1 0.3947407901287079
128 256 1 0.4060019254684448
128 256 1 0.4190401136875153
128 256 1 0.4185959100723267
128 256 1 0.5007047057151794
128 256 1 0.4227551519870758
128 256 1 0.4500484168529510
128 256 1 0.3662220239639282
128 256 1 0.5482137203216553
128 256 1 0.4530921876430511
128 256 1 0.4859447479248047
128 256 1 0.4463685750961304
128 256 1 0.3722960650920868
128 256 1 0.4800791442394257
128 256 1 0.5453079342842102
128 256 1 0.5503128170967102
128 256 1 0.4011994898319244
128 256 1 0.4902341365814209
128 256 1 0.4347043335437775
128 256 1 0.3965694904327393
128 256 1 0.4319457709789276
128 256 1 0.5129518508911133
128 256 1 0.4732995927333832
128 256 1 0.4325435161590576
128 256 1 0.4846796095371246
128 256 1 0.4223743677139282
128 256 1 0.4494748413562775
128 256 1 0.5093160867691040
128 256 1 0.5639377832412720
128 256 1 0.4566072821617126
128 256 1 0.5068586468696594
128 256 1 0.4881895780563354
128 256 1 0.5662723779678345
128 256 1 0.3739262521266937
128 256 1 0.5396028161048889
128 256 1 0.4686032831668854
128 256 1 0.3727609515190125
128 256 1 0.4691157042980194
128 256 1 0.3708104789257050
128 256 1 0.3960103988647461
128 256 1 0.3932623565196991
128 256 1 0.4313579797744751
128 256 1 0.4750590622425079
128 256 1 0.4308400452136993
128 256 1 0.4403200447559357
128 512 1 0.3564544618129730
128 512 1 0.3759182095527649
128 512 1 0.3473297059535980
128 512 1 0.4131586849689484
128 512 1 0.3924245834350586
128 512 1 0.3811611831188202
128 512 1 0.3892602622509003
128 512 1 0.4650046527385712
128 512 1 0.3604948520660400
128 512 1 0.4175448119640350
128 512 1 0.4596950411796570
128 512 1 0.3622783422470093
128 512 1 0.4070655107498169
128 512 1 0.4110234081745148
128 512 1 0.3683918118476868
128 512 1 0.3623123466968536
128 512 1 0.4191553890705109
128 512 1 0.4269685447216034
128 512 1 0.4184580743312836
128 512 1 0.4474284648895264
128 512 1 0.4559660255908966
128 512 1 0.3590421378612518
128 512 1 0.4934603571891785
128 512 1 0.4492456316947937
128 512 1 0.3965696394443512
128 512 1 0.4895292222499847
128 512 1 0.4034349024295807
128 512 1 0.4230595827102661
128 512 1 0.4670580625534058
128 512 1 0.4225166738033295
128 512 1 0.4130182266235352
128 512 1 0.3411660492420197
128 512 1 0.4036908447742462
128 512 1 0.4181933701038361
128 512 1 0.4110652208328247
128 512 1 0.4038217663764954
128 512 1 0.3631444275379181
128 512 1 0.4007983803749084
128 512 1 0.4381939768791199
128 512 1 0.3433863520622253
128 512 1 0.4220970869064331
128 512 1 0.4144352972507477
128 512 1 0.3811773359775543
128 512 1 0.4620241522789001
128 512 1 0.3973366618156433
128 512 1 0.4144671261310577
128 512 1 0.3940442204475403
128 512 1 0.4015315175056458
128 512 1 0.3729122877120972
128 512 1 0.3874264061450958
128 512 1 0.4420131444931030
128 512 1 0.4144826531410217
128 512 1 0.4452283084392548
128 512 1 0.2953460812568665
128 512 1 0.4386298060417175
128 512 1 0.4818102121353149
128 512 1 0.4923650026321411
128 512 1 0.3221788108348846
128 512 1 0.3925025463104248
128 512 1 0.4178386628627777
128 512 1 0.4987990260124207
128 512 1 0.3714098036289215
128 512 1 0.3998826742172241
128 512 1 0.4413562417030334
128 512 1 0.3477371633052826
128 512 1 0.3940561711788177
128 512 1 0.3816350698471069
128 512 1 0.3527233898639679
128 512 1 0.4230688512325287
128 512 1 0.3845451474189758
128 512 1 0.4134292602539062
128 512 1 0.4669118225574493
128 512 1 0.4276086091995239
128 512 1 0.3935474157333374
128 512 1 0.3101620674133301
128 512 1 0.4300480782985687
128 512 1 0.4149441421031952
128 512 1 0.3993473052978516
128 512 1 0.3612118065357208
128 512 1 0.4150210618972778
128 512 1 0.4248643815517426
128 512 1 0.4388048946857452
128 512 1 0.4402952492237091
128 512 1 0.3705057799816132
128 512 1 0.4182315766811371
128 512 1 0.4755120575428009
128 512 1 0.4191183149814606
128 512 1 0.4167597293853760
128 512 1 0.4233735799789429
128 512 1 0.4429758489131927
128 512 1 0.4042597115039825
128 512 1 0.4246989488601685
128 512 1 0.5030670762062073
128 512 1 0.4284609854221344
128 512 1 0.4168316721916199
128 512 1 0.4058353304862976
128 512 1 0.3318991065025330
128 512 1 0.4249750375747681
128 512 1 0.5922719240188599
128 512 1 0.3406183123588562
256 4 1 0.8865432739257812
256 4 1 0.6537214517593384
256 4 1 1.3502731323242188
256 4 1 1.1725835800170898
256 4 1 0.8832560181617737
256 4 1 1.3388473987579346
256 4 1 0.7696759700775146
256 4 1 0.9453457593917847
256 4 1 1.0921136140823364
256 4 1 0.9827169775962830
256 4 1 1.0577335357666016
256 4 1 1.3035075664520264
256 4 1 0.8380518555641174
256 4 1 1.6099640130996704
256 4 1 1.2300924062728882
256 4 1 0.5952329635620117
256 4 1 1.4054721593856812
256 4 1 0.9494731426239014
256 4 1 1.6511770486831665
256 4 1 1.0467236042022705
256 4 1 0.9798955321311951
256 4 1 1.0486819744110107
256 4 1 1.6174360513687134
256 4 1 0.8807865977287292
256 4 1 1.0992408990859985
256 4 1 1.1080180406570435
256 4 1 1.6350156068801880
256 4 1 1.2144172191619873
256 4 1 0.9491201639175415
256 4 1 1.7051025629043579
256 4 1 1.3534795045852661
256 4 1 0.8615196347236633
256 4 1 0.9743061661720276
256 4 1 0.6847109794616699
256 4 1 1.1673140525817871
256 4 1 0.7714846730232239
256 4 1 1.3069772720336914
256 4 1 1.1405014991760254
256 4 1 0.7116194367408752
256 4 1 0.9567735195159912
256 4 1 1.3501399755477905
256 4 1 0.9570007324218750
256 4 1 0.7510547041893005
256 4 1 0.9029603600502014
256 4 1 2.4339966773986816
256 4 1 0.8498480916023254
256 4 1 0.9561388492584229
256 4 1 1.9211246967315674
256 4 1 0.9128951430320740
256 4 1 1.1110014915466309
256 4 1 0.9913051128387451
256 4 1 1.0429368019104004
256 4 1 0.9962074756622314
256 4 1 2.2932517528533936
256 4 1 1.4408949613571167
256 4 1 1.1762645244598389
256 4 1 1.0246733427047729
256 4 1 0.7822622060775757
256 4 1 1.1319055557250977
256 4 1 1.0297046899795532
256 4 1 0.8692239522933960
256 4 1 0.7706753611564636
256 4 1 1.0525366067886353
256 4 1 3.0163478851318359
256 4 1 1.3238074779510498
256 4 1 1.6790263652801514
256 4 1 1.0268191099166870
256 4 1 1.5419628620147705
256 4 1 1.5416363477706909
256 4 1 0.8489281535148621
256 4 1 0.7929489612579346
256 4 1 0.7954663038253784
256 4 1 1.0527175664901733
256 4 1 0.9424124956130981
256 4 1 1.2197681665420532
256 4 1 1.0254888534545898
256 4 1 0.8659098148345947
256 4 1 0.8332793712615967
256 4 1 1.2404791116714478
256 4 1 1.0416239500045776
256 4 1 0.7691171169281006
256 4 1 0.9634200334548950
256 4 1 0.7317364215850830
256 4 1 0.7031647562980652
256 4 1 1.2525656223297119
256 4 1 1.0655329227447510
256 4 1 1.0305325984954834
256 4 1 1.5214201211929321
256 4 1 1.1909096240997314
256 4 1 1.9222733974456787
256 4 1 1.0088422298431396
256 4 1 1.2875834703445435
256 4 1 0.9792322516441345
256 4 1 1.8712685108184814
256 4 1 1.3037067651748657
256 4 1 1.5331422090530396
256 4 1 0.6928514242172241
256 4 1 0.8062133789062500
256 4 1 1.0274004936218262
256 4 1 1.3333103656768799
256 8 1 1.1862739324569702
256 8 1 0.9998465180397034
256 8 1 0.8991760015487671
256 8 1 1.2881361246109009
256 8 1 0.7157036662101746
256 8 1 1.0941299200057983
256 8 1 0.9279207587242126
256 8 1 0.7605037689208984
256 8 1 0.6206405162811279
256 8 1 0.9708317518234253
256 8 1 0.6442444324493408
256 8 1 0.7279173135757446
256 8 1 0.4940895140171051
256 8 1 0.6663177609443665
256 8 1 0.8990642428398132
256 8 1 1.1931787729263306
256 8 1 0.6956730484962463
256 8 1 0.7234442234039307
256 8 1 0.6751568317413330
256 8 1 0.8119089007377625
256 8 1 0.7520000338554382
256 8 1 0.7136583924293518
256 8 1 0.9073917865753174
256 8 1 0.6533573865890503
256 8 1 0.6409012675285339
256 8 1 0.7680352926254272
256 8 1 1.0683525800704956
256 8 1 0.9364193677902222
256 8 1 1.0340398550033569
256 8 1 0.7452090978622437
256 8 1 1.1328558921813965
256 8 1 1.3384879827499390
256 8 1 1.2479819059371948
256 8 1 0.7343434691429138
256 8 1 0.5297328233718872
256 8 1 1.3872054815292358
256 8 1 0.7617912292480469
256 8 1 0.8976648449897766
256 8 1 0.6877617835998535
256 8 1 1.1462432146072388
256 8 1 0.6013764739036560
256 8 1 1.1194567680358887
256 8 1 0.6152904033660889
256 8 1 0.9050233960151672
256 8 1 0.8745786547660828
256 8 1 0.9253521561622620
256 8 1 0.7768406867980957
256 8 1 1.1419984102249146
256 8 1 1.2595518827438354
256 8 1 0.9294976592063904
256 8 1 0.8693230152130127
256 8 1 1.0599929094314575
256 8 1 0.6459308862686157
256 8 1 0.9370157122612000
256 8 1 1.0184561014175415
256 8 1 0.8942247629165649
256 8 1 0.7717998623847961
256 8 1 0.7300652861595154
256 8 1 1.0595340728759766
256 8 1 1.6267710924148560
256 8 1 0.9711943268775940
256 8 1 1.4136587381362915
256 8 1 0.7705820202827454
256 8 1 0.9048238396644592
256 8 1 0.7205976843833923
256 8 1 0.6998307108879089
256 8 1 1.2345812320709229
256 8 1 0.9232507944107056
256 8 1 0.5771303772926331
256 8 1 0.7765247225761414
256 8 1 0.8177945017814636
256 8 1 0.8604815602302551
256 8 1 0.7095732688903809
256 8 1 0.9510607719421387
256 8 1 0.9779831767082214
256 8 1 1.1585209369659424
256 8 1 0.6788742542266846
256 8 1 1.0895417928695679
256 8 1 0.6480228900909424
256 8 1 0.6962645053863525
256 8 1 0.7687318921089172
256 8 1 1.8575329780578613
256 8 1 0.8203974962234497
256 8 1 0.9493372440338135
256 8 1 0.5952871441841125
256 8 1 0.5385974645614624
256 8 1 1.0142991542816162
256 8 1 0.8393633961677551
256 8 1 1.1157045364379883
256 8 1 0.7645555138587952
256 8 1 0.5487433075904846
256 8 1 0.9064620733261108
256 8 1 0.6022311449050903
256 8 1 0.5862691402435303
256 8 1 0.6885545849800110
256 8 1 1.0028107166290283
256 8 1 0.6694431900978088
256 8 1 0.7592943310737610
256 8 1 0.5912683606147766
256 8 1 0.7536097168922424
256 16 1 0.5197516083717346
256 16 1 0.5926949381828308
256 16 1 1.0970180034637451
256 16 1 0.7265958189964294
256 16 1 0.7572510242462158
256 16 1 0.6993725299835205
256 16 1 0.5337179303169250
256 16 1 0.5680703520774841
256 16 1 0.8172844052314758
256 16 1 0.7113167047500610
256 16 1 0.6833264827728271
256 16 1 0.7182185649871826
256 16 1 0.7250260710716248
256 16 1 0.8064330816268921
256 16 1 0.5482950210571289
256 16 1 0.5733299851417542
256 16 1 0.6783172488212585
256 16 1 0.6010617613792419
256 16 1 0.5646180510520935
256 16 1 0.7003287672996521
256 16 1 1.1299732923507690
256 16 1 0.8376143574714661
256 16 1 0.7198464870452881
256 16 1 0.6571968197822571
256 16 1 0.5222142934799194
256 16 1 0.7310614585876465
256 16 1 0.6928209662437439
256 16 1 1.0264928340911865
256 16 1 1.0310800075531006
256 16 1 0.8350298404693604
256 16 1 0.7113693356513977
256 16 1 0.5903704166412354
256 16 1 0.7204739451408386
256 16 1 0.8985946774482727
256 16 1 0.8572404980659485
256 16 1 0.5710721015930176
256 16 1 0.5827262997627258
256 16 1 0.7650139331817627
256 16 1 0.8773070573806763
256 16 1 0.8346757292747498
256 16 1 0.6543756127357483
256 16 1 0.5488488674163818
256 16 1 0.7546486854553223
256 16 1 0.6629931926727295
256 16 1 0.5655173659324646
256 16 1 1.2544139623641968
256 16 1 0.8282168507575989
256 16 1 0.8453460931777954
256 16 1 0.8282391428947449
256 16 1 0.6796361804008484
256 16 1 0.8701379299163818
256 16 1 0.9656816720962524
256 16 1 0.8391662836074829
256 16 1 0.6939120292663574
256 16 1 0.5320045948028564
256 16 1 0.8293212652206421
256 16 1 0.7052692174911499
256 16 1 0.7823439836502075
256 16 1 0.4791198968887329
256 16 1 0.5619454979896545
256 16 1 0.5026038885116577
256 16 1 1.0319781303405762
256 16 1 0.6073514819145203
256 16 1 0.8505160808563232
256 16 1 0.6499217748641968
256 16 1 0.5927677154541016
256 16 1 0.7607922554016113
256 16 1 0.6512936353683472
256 16 1 0.6675586700439453
256 16 1 0.7732995748519897
256 16 1 0.7163587212562561
256 16 1 0.7976804375648499
256 16 1 0.3829692900180817
256 16 1 0.7552230358123779
256 16 1 0.7719334959983826
256 16 1 0.6713080406188965
256 16 1 0.9099347591400146
256 16 1 0.5976738929748535
256 16 1 0.8472185730934143
256 16 1 0.5370171070098877
256 16 1 0.7710846066474915
256 16 1 0.6799926757812500
256 16 1 0.6840190291404724
256 16 1 0.6449960470199585
256 16 1 0.8240047693252563
256 16 1 0.6693428158760071
256 16 1 0.8831388950347900
256 16 1 0.6178183555603027
256 16 1 0.7801909446716309
256 16 1 0.5331722497940063
256 16 1 0.7311009168624878
256 16 1 0.5791437029838562
256 16 1 0.6375810503959656
256 16 1 0.6209826469421387
256 16 1 0.6194068789482117
256 16 1 1.1769148111343384
256 16 1 0.9588906764984131
256 16 1 0.7389203906059265
256 16 1 1.0080859661102295
256 16 1 0.8923823833465576
256 32 1 0.6163685917854309
256 32 1 0.3349712491035461
256 32 1 0.8940898180007935
256 32 1 0.6130909919738770
256 32 1 0.5194357037544250
256 32 1 0.5447924137115479
256 32 1 0.6437396407127380
256 32 1 0.5396940112113953
256 32 1 0.5881063342094421
256 32 1 0.7365047335624695
256 32 1 0.4982144236564636
256 32 1 0.6117569804191589
256 32 1 0.5537216067314148
256 32 1 0.6699582934379578
256 32 1 0.5141335725784302
256 32 1 0.5867993831634521
256 32 1 0.6835826039314270
256 32 1 0.6584637165069580
256 32 1 0.5605632662773132
256 32 1 0.4743072390556335
256 32 1 0.7733075022697449
256 32 1 0.5028497576713562
256 32 1 0.6518154740333557
256 32 1 0.4513202905654907
256 32 1 0.5869050621986389
256 32 1 0.5935438275337219
256 32 1 0.5662023425102234
256 32 1 0.6475799083709717
256 32 1 0.5620746612548828
256 32 1 0.6208437085151672
256 32 1 0.5931400060653687
256 32 1 0.6532070040702820
256 32 1 0.6029593944549561
256 32 1 0.6055244207382202
256 32 1 0.6048687100410461
256 32 1 0.6637428402900696
256 32 1 0.5240020155906677
256 32 1 0.7661951184272766
256 32 1 0.6842068433761597
256 32 1 0.5125527381896973
256 32 1 0.6035138964653015
256 32 1 0.6061372160911560
256 32 1 0.4453373849391937
256 32 1 0.6855902075767517
256 32 1 0.5721254348754883
256 32 1 0.4957675933837891
256 32 1 0.7566907405853271
256 32 1 0.7487571239471436
256 32 1 0.4491390287876129
256 32 1 0.4821923077106476
256 32 1 0.4679262638092041
256 32 1 0.6525593400001526
256 32 1 0.6161525249481201
256 32 1 0.4926882684230804
256 32 1 0.5610693097114563
256 32 1 0.7385630011558533
256 32 1 0.6144279241561890
256 32 1 0.6639835834503174
256 32 1 0.5771551728248596
256 32 1 0.4392464458942413
256 32 1 0.5506283640861511
256 32 1 0.9216112494468689
256 32 1 0.6020539402961731
256 32 1 0.5930333733558655
256 32 1 0.4166930317878723
256 32 1 0.4916495382785797
256 32 1 0.7363469600677490
256 32 1 0.5450961589813232
256 32 1 0.4825849533081055
256 32 1 0.5392696261405945
256 32 1 0.4273339509963989
256 32 1 0.6288188099861145
256 32 1 0.4688914120197296
256 32 1 0.5325797796249390
256 32 1 0.6355235576629639
256 32 1 0.5794070363044739
256 32 1 0.4583368301391602
256 32 1 0.6067419648170471
256 32 1 0.6044794321060181
256 32 1 0.5660238862037659
256 32 1 0.5552910566329956
256 32 1 0.5760522484779358
256 32 1 0.5606859326362610
256 32 1 0.6043972969055176
256 32 1 0.7198829054832458
256 32 1 0.4976521730422974
256 32 1 0.6349002718925476
256 32 1 0.5282338857650757
256 32 1 0.6288069486618042
256 32 1 0.5138764381408691
256 32 1 0.6041598320007324
256 32 1 0.7022686004638672
256 32 1 0.5844934582710266
256 32 1 0.6407412886619568
256 32 1 0.5013843178749084
256 32 1 0.5729383826255798
256 32 1 0.6072700023651123
256 32 1 0.5271145701408386
256 32 1 0.4998246729373932
256 32 1 0.5732778906822205
256 64 1 0.6138849258422852
256 64 1 0.5652358531951904
256 64 1 0.6337062716484070
256 64 1 0.5798416137695312
256 64 1 0.6058577299118042
256 64 1 0.5200458168983459
256 64 1 0.5030643939971924
256 64 1 0.4360891282558441
256 64 1 0.6161125302314758
256 64 1 0.5461930632591248
256 64 1 0.4212414622306824
256 64 1 0.4586333334445953
256 64 1 0.4614433050155640
256 64 1 0.4752404391765594
256 64 1 0.4802940487861633
256 64 1 0.7086670398712158
256 64 1 0.5221016407012939
256 64 1 0.4916986227035522
256 64 1 0.5220170021057129
256 64 1 0.3704817593097687
256 64 1 0.4834115207195282
256 64 1 0.4645898044109344
256 64 1 0.3894787728786469
256 64 1 0.4652933478355408
256 64 1 0.5438235998153687
256 64 1 0.6308189034461975
256 64 1 0.4450344145298004
256 64 1 0.4648894369602203
256 64 1 0.4341977834701538
256 64 1 0.4148018956184387
256 64 1 0.4210819303989410
256 64 1 0.4679412543773651
256 64 1 0.4544478654861450
256 64 1 0.4435191452503204
256 64 1 0.4823257029056549
256 64 1 0.5987007617950439
256 64 1 0.4581504762172699
256 64 1 0.4355980157852173
256 64 1 0.5954495668411255
256 64 1 0.5189698934555054
256 64 1 0.4952716827392578
256 64 1 0.5566686391830444
256 64 1 0.4941674470901489
256 64 1 0.4426659047603607
256 64 1 0.4585523605346680
256 64 1 0.5120886564254761
256 64 1 0.5086174607276917
256 64 1 0.4409393072128296
256 64 1 0.5816356539726257
256 64 1 0.5365849733352661
256 64 1 0.4039109349250793
256 64 1 0.5099414587020874
256 64 1 0.4495846629142761
256 64 1 0.5038647651672363
256 64 1 0.4833310246467590
256 64 1 0.4425986409187317
256 64 1 0.4876165091991425
256 64 1 0.4497573077678680
256 64 1 0.4797284603118896
256 64 1 0.6066089868545532
256 64 1 0.5081158280372620
256 64 1 0.4699894785881042
256 64 1 0.6023011803627014
256 64 1 0.4659508466720581
256 64 1 0.4715352356433868
256 64 1 0.5615552067756653
256 64 1 0.4145925641059875
256 64 1 0.5197529792785645
256 64 1 0.4632964730262756
256 64 1 0.5679492950439453
256 64 1 0.4627477526664734
256 64 1 0.4173460006713867
256 64 1 0.5510473847389221
256 64 1 0.5238602161407471
256 64 1 0.3818695545196533
256 64 1 0.5493485927581787
256 64 1 0.5032269954681396
256 64 1 0.4437894821166992
256 64 1 0.5986551046371460
256 64 1 0.6020264625549316
256 64 1 0.4454079866409302
256 64 1 0.5459353923797607
256 64 1 0.6087663769721985
256 64 1 0.4867247045040131
256 64 1 0.5398825407028198
256 64 1 0.4871673882007599
256 64 1 0.4353786408901215
256 64 1 0.5102083683013916
256 64 1 0.5801308155059814
256 64 1 0.5732385516166687
256 64 1 0.4645224809646606
256 64 1 0.4596250951290131
256 64 1 0.4497623145580292
256 64 1 0.5722582340240479
256 64 1 0.3647492527961731
256 64 1 0.4818159043788910
256 64 1 0.6826780438423157
256 64 1 0.5638442635536194
256 64 1 0.5784361958503723
256 64 1 0.4752240777015686
256 128 1 0.3865993022918701
256 128 1 0.4773749113082886
256 128 1 0.4542080163955688
256 128 1 0.4746741056442261
256 128 1 0.3859521448612213
256 128 1 0.4091811478137970
256 128 1 0.4108267128467560
256 128 1 0.3750542700290680
256 128 1 0.4032016098499298
256 128 1 0.5320864319801331
256 128 1 0.4013079106807709
256 128 1 0.4369121789932251
256 128 1 0.4840700924396515
256 128 1 0.4229504466056824
256 128 1 0.4357375800609589
256 128 1 0.4069839119911194
256 128 1 0.4477116465568542
256 128 1 0.5026957392692566
256 128 1 0.4633854031562805
256 128 1 0.4018187820911407
256 128 1 0.3749309480190277
256 128 1 0.3527843058109283
256 128 1 0.5244868397712708
256 128 1 0.5191870927810669
256 128 1 0.4078366160392761
256 128 1 0.3853309154510498
256 128 1 0.4333982467651367
256 128 1 0.4173866212368011
256 128 1 0.5217244625091553
256 128 1 0.4602983593940735
256 128 1 0.5416997671127319
256 128 1 0.4475305974483490
256 128 1 0.3490049839019775
256 128 1 0.4255050420761108
256 128 1 0.4449370503425598
256 128 1 0.4699172079563141
256 128 1 0.4316288828849792
256 128 1 0.4636603891849518
256 128 1 0.3931635916233063
256 128 1 0.4767538905143738
256 128 1 0.5738640427589417
256 128 1 0.4001268744468689
256 128 1 0.4710855484008789
256 128 1 0.5286997556686401
256 128 1 0.5028111338615417
256 128 1 0.5063250064849854
256 128 1 0.3882262110710144
256 128 1 0.4269969463348389
256 128 1 0.3904627263545990
256 128 1 0.4139734208583832
256 128 1 0.3562942147254944
256 128 1 0.4103934168815613
256 128 1 0.4142989218235016
256 128 1 0.5229345560073853
256 128 1 0.4259552061557770
256 128 1 0.4673438966274261
256 128 1 0.4430797696113586
256 128 1 0.3603807389736176
256 128 1 0.3802777826786041
256 128 1 0.4617797732353210
256 128 1 0.4913679063320160
256 128 1 0.4245796501636505
256 128 1 0.3869574368000031
256 128 1 0.3401740193367004
256 128 1 0.6301709413528442
256 128 1 0.3890682458877563
256 128 1 0.3762125670909882
256 128 1 0.3726396858692169
256 128 1 0.6008113026618958
256 128 1 0.4669136404991150
256 128 1 0.4864835739135742
256 128 1 0.5738012790679932
256 128 1 0.4504611194133759
256 128 1 0.4239076673984528
256 128 1 0.4083507955074310
256 128 1 0.4352904558181763
256 128 1 0.3744441568851471
256 128 1 0.4942028820514679
256 128 1 0.4459033310413361
256 128 1 0.3775761425495148
256 128 1 0.4109081923961639
256 128 1 0.3958335220813751
256 128 1 0.4496160745620728
256 128 1 0.4092532396316528
256 128 1 0.3900495469570160
256 128 1 0.3876151740550995
256 128 1 0.3457233309745789
256 128 1 0.4335654079914093
256 128 1 0.4507820904254913
256 128 1 0.4626089930534363
256 128 1 0.3575156331062317
256 128 1 0.3788034021854401
256 128 1 0.4131571650505066
256 128 1 0.3888422846794128
256 128 1 0.5245081186294556
256 128 1 0.4284532964229584
256 128 1 0.3980023562908173
256 128 1 0.4753383696079254
256 128 1 0.5397495031356812
256 128 1 0.4869816899299622
256 256 1 0.4232540130615234
256 256 1 0.3718097209930420
256 256 1 0.3948371410369873
256 256 1 0.3669234812259674
256 256 1 0.3274597525596619
256 256 1 0.3892434239387512
256 256 1 0.3757976591587067
256 256 1 0.4351911544799805
256 256 1 0.4093881547451019
256 256 1 0.4024514853954315
256 256 1 0.4492109417915344
256 256 1 0.4380825161933899
256 256 1 0.4029750525951385
256 256 1 0.3530208170413971
256 256 1 0.4203884601593018
256 256 1 0.4280650019645691
256 256 1 0.4325211048126221
256 256 1 0.3972400426864624
256 256 1 0.4057140052318573
256 256 1 0.4467367231845856
256 256 1 0.3595051467418671
256 256 1 0.3693529963493347
256 256 1 0.4547105729579926
256 256 1 0.4695741534233093
256 256 1 0.3943690359592438
256 256 1 0.3871269226074219
256 256 1 0.4567748308181763
256 256 1 0.4966775774955750
256 256 1 0.4382570981979370
256 256 1 0.4847044348716736
256 256 1 0.3815491199493408
256 256 1 0.4017804861068726
256 256 1 0.3586153686046600
256 256 1 0.3440908491611481
256 256 1 0.3719732165336609
256 256 1 0.3819550275802612
256 256 1 0.3552424609661102
256 256 1 0.4936683773994446
256 256 1 0.4123182296752930
256 256 1 0.3510766923427582
256 256 1 0.4126748144626617
256 256 1 0.3751631081104279
256 256 1 0.4128186106681824
256 256 1 0.4150970578193665
256 256 1 0.3667284250259399
256 256 1 0.3185248672962189
256 256 1 0.3945982754230499
256 256 1 0.4086286425590515
256 256 1 0.4536250233650208
256 256 1 0.4356926381587982
256 256 1 0.4112439751625061
256 256 1 0.3917710185050964
256 256 1 0.3508206307888031
256 256 1 0.3784995973110199
256 256 1 0.3465555906295776
256 256 1 0.3953977525234222
256 256 1 0.3632845282554626
256 256 1 0.4144927561283112
256 256 1 0.4575325250625610
256 256 1 0.3377710282802582
256 256 1 0.3785253763198853
256 256 1 0.3983031511306763
256 256 1 0.4713023006916046
256 256 1 0.4135185480117798
256 256 1 0.4282892942428589
256 256 1 0.4785213768482208
256 256 1 0.4972514808177948
256 256 1 0.3812129497528076
256 256 1 0.4443481862545013
256 256 1 0.4219183027744293
256 256 1 0.4276094436645508
256 256 1 0.4545550942420959
256 256 1 0.4585781991481781
256 256 1 0.3980706930160522
256 256 1 0.4155989885330200
256 256 1 0.4007236361503601
256 256 1 0.4059456288814545
256 256 1 0.4493482708930969
256 256 1 0.3567140698432922
256 256 1 0.4174467921257019
256 256 1 0.4153495728969574
256 256 1 0.4184009134769440
256 256 1 0.3541432619094849
256 256 1 0.3661897182464600
256 256 1 0.3681222200393677
256 256 1 0.4184259474277496
256 256 1 0.4901100099086761
256 256 1 0.3741107285022736
256 256 1 0.3815311193466187
256 256 1 0.3826910853385925
256 256 1 0.3888818025588989
256 256 1 0.4785788059234619
256 256 1 0.3486122190952301
256 256 1 0.3726340830326080
256 256 1 0.3040638267993927
256 256 1 0.4162521660327911
256 256 1 0.4110889732837677
256 256 1 0.3568996787071228
256 256 1 0.4571121335029602
256 256 1 0.3976263105869293
256 512 1 0.3663176298141479
256 512 1 0.3987199664115906
256 512 1 0.3431422710418701
256 512 1 0.3725412786006927
256 512 1 0.3608260750770569
256 512 1 0.3601053655147552
256 512 1 0.3546589314937592
256 512 1 0.3133874833583832
256 512 1 0.3127835988998413
256 512 1 0.3786317110061646
256 512 1 0.3584090769290924
256 512 1 0.3573591709136963
256 512 1 0.3533806502819061
256 512 1 0.4287271201610565
256 512 1 0.3757666349411011
256 512 1 0.3336566984653473
256 512 1 0.3769601583480835
256 512 1 0.3575437068939209
256 512 1 0.3686040639877319
256 512 1 0.3851612806320190
256 512 1 0.3832920193672180
256 512 1 0.3983951807022095
256 512 1 0.3564052283763885
256 512 1 0.3928450345993042
256 512 1 0.3741513192653656
256 512 1 0.3663147091865540
256 512 1 0.3562225401401520
256 512 1 0.3682851493358612
256 512 1 0.3488510549068451
256 512 1 0.3986741006374359
256 512 1 0.4167565405368805
256 512 1 0.3930195868015289
256 512 1 0.3546701371669769
256 512 1 0.3849708437919617
256 512 1 0.3955152928829193
256 512 1 0.3472642004489899
256 512 1 0.3671881854534149
256 512 1 0.3160651326179504
256 512 1 0.3559313714504242
256 512 1 0.3276941180229187
256 512 1 0.3639315068721771
256 512 1 0.3704033195972443
256 512 1 0.3851228952407837
256 512 1 0.3606259524822235
256 512 1 0.3456679582595825
256 512 1 0.3226427435874939
256 512 1 0.3428161144256592
256 512 1 0.3966473639011383
256 512 1 0.4031422436237335
256 512 1 0.3293609917163849
256 512 1 0.2899124920368195
256 512 1 0.4123021066188812
256 512 1 0.3571187853813171
256 512 1 0.3789054751396179
256 512 1 0.3176890015602112
256 512 1 0.3917842507362366
256 512 1 0.3878541588783264
256 512 1 0.3743021786212921
256 512 1 0.3178968727588654
256 512 1 0.3620982468128204
256 512 1 0.3819966912269592
256 512 1 0.3387681543827057
256 512 1 0.3654364347457886
256 512 1 0.3932837247848511
256 512 1 0.3959318101406097
256 512 1 0.3310579955577850
256 512 1 0.4221233129501343
256 512 1 0.3337139785289764
256 512 1 0.3767470121383667
256 512 1 0.3296597003936768
256 512 1 0.3682875931262970
256 512 1 0.3619635105133057
256 512 1 0.4070020318031311
256 512 1 0.3510278761386871
256 512 1 0.3115345239639282
256 512 1 0.4473645687103271
256 512 1 0.3593339920043945
256 512 1 0.3213194310665131
256 512 1 0.3468712866306305
256 512 1 0.3453437089920044
256 512 1 0.3974755108356476
256 512 1 0.3693419396877289
256 512 1 0.3465707898139954
256 512 1 0.3555624783039093
256 512 1 0.3663831055164337
256 512 1 0.3436046838760376
256 512 1 0.3386452198028564
256 512 1 0.3747700154781342
256 512 1 0.3710548877716064
256 512 1 0.3434758484363556
256 512 1 0.3363309800624847
256 512 1 0.3845738172531128
256 512 1 0.3561520278453827
256 512 1 0.3267909586429596
256 512 1 0.3854157626628876
256 512 1 0.3527939319610596
256 512 1 0.3739606440067291
256 512 1 0.3729124367237091
256 512 1 0.3494870066642761
256 512 1 0.3850218951702118
512 4 1 0.5985248684883118
512 4 1 1.4326333999633789
512 4 1 1.1803854703903198
512 4 1 0.7780196666717529
512 4 1 0.6317827105522156
512 4 1 1.6467742919921875
512 4 1 1.0999007225036621
512 4 1 0.7089667320251465
512 4 1 0.6314700245857239
512 4 1 0.5693946480751038
512 4 1 0.6560704112052917
512 4 1 0.8382276296615601
512 4 1 1.0671658515930176
512 4 1 0.9499070048332214
512 4 1 1.0214934349060059
512 4 1 0.5880620479583740
512 4 1 0.7521163225173950
512 4 1 0.6954103112220764
512 4 1 1.1318134069442749
512 4 1 0.9815287590026855
512 4 1 0.9418140649795532
512 4 1 0.6553055047988892
512 4 1 1.0911951065063477
512 4 1 0.8577935099601746
512 4 1 0.5509581565856934
512 4 1 0.9441702961921692
512 4 1 0.6614246368408203
512 4 1 0.9266687631607056
512 4 1 0.8689771294593811
512 4 1 0.9051584601402283
512 4 1 1.1477422714233398
512 4 1 1.0536220073699951
512 4 1 0.6870108246803284
512 4 1 0.6985680460929871
512 4 1 0.8276311755180359
512 4 1 0.6557268500328064
512 4 1 0.9603508710861206
512 4 1 0.9501865506172180
512 4 1 1.0070736408233643
512 4 1 0.5907177925109863
512 4 1 0.7713813781738281
512 4 1 0.7522215247154236
512 4 1 0.7242968082427979
512 4 1 0.6574226617813110
512 4 1 0.9807260036468506
512 4 1 0.8728054165840149
512 4 1 0.9446983337402344
512 4 1 0.7607709765434265
512 4 1 0.9236835241317749
512 4 1 0.8216308355331421
512 4 1 0.6449559926986694
512 4 1 1.0613620281219482
512 4 1 0.6992841958999634
512 4 1 0.8282783031463623
512 4 1 1.8624141216278076
512 4 1 0.7205094099044800
512 4 1 1.2426481246948242
512 4 1 1.0646136999130249
512 4 1 0.7804515361785889
512 4 1 1.0343986749649048
512 4 1 0.8360882401466370
512 4 1 0.6798351407051086
512 4 1 0.8167068362236023
512 4 1 0.7570722103118896
512 4 1 0.8189454674720764
512 4 1 0.7178835272789001
512 4 1 0.8088330030441284
512 4 1 1.1703494787216187
512 4 1 1.0071030855178833
512 4 1 0.8013049364089966
512 4 1 1.1967192888259888
512 4 1 0.7940965294837952
512 4 1 1.0259430408477783
512 4 1 0.7687159180641174
512 4 1 0.6047012805938721
512 4 1 0.8253827095031738
512 4 1 0.9044987559318542
512 4 1 1.6031618118286133
512 4 1 1.0630352497100830
512 4 1 0.6146196126937866
512 4 1 0.6878199577331543
512 4 1 0.9945466518402100
512 4 1 0.6835774779319763
512 4 1 0.9007536172866821
512 4 1 0.7110285162925720
512 4 1 0.9875772595405579
512 4 1 1.1297389268875122
512 4 1 0.7930721044540405
512 4 1 0.7623233795166016
512 4 1 1.0754060745239258
512 4 1 0.8296841382980347
512 4 1 0.9963531494140625
512 4 1 1.1937605142593384
512 4 1 0.5415505766868591
512 4 1 0.8953954577445984
512 4 1 1.0100094079971313
512 4 1 0.6206309795379639
512 4 1 1.3510236740112305
512 4 1 0.7701840996742249
512 4 1 0.6641700267791748
512 8 1 0.5278245806694031
512 8 1 0.6677467226982117
512 8 1 0.6289787888526917
512 8 1 0.4992567002773285
512 8 1 0.6217768788337708
512 8 1 0.5502684116363525
512 8 1 0.6095415353775024
512 8 1 0.7960189580917358
512 8 1 0.7666345238685608
512 8 1 1.0621889829635620
512 8 1 0.5793839097023010
512 8 1 0.6840006113052368
512 8 1 0.7683585882186890
512 8 1 0.6989967226982117
512 8 1 0.8227928280830383
512 8 1 0.7665923833847046
512 8 1 0.5752815604209900
512 8 1 0.7776924967765808
512 8 1 0.7507435679435730
512 8 1 0.5887569189071655
512 8 1 0.7665851116180420
512 8 1 0.6426659226417542
512 8 1 0.5875838994979858
512 8 1 0.5771314501762390
512 8 1 0.8018065094947815
512 8 1 1.2237789630889893
512 8 1 0.8351886868476868
512 8 1 0.6848635673522949
512 8 1 0.6086580157279968
512 8 1 0.7146826982498169
512 8 1 0.6140865087509155
512 8 1 0.7590488195419312
512 8 1 0.5475367903709412
512 8 1 0.7186271548271179
512 8 1 0.5609598755836487
512 8 1 0.7170819044113159
512 8 1 0.6321851015090942
512 8 1 0.8123984336853027
512 8 1 0.6298500895500183
512 8 1 0.8385764956474304
512 8 1 0.8373972177505493
512 8 1 0.8365472555160522
512 8 1 0.6811397671699524
512 8 1 0.7551770806312561
512 8 1 0.6985086202621460
512 8 1 0.8835369944572449
512 8 1 0.6772165894508362
512 8 1 0.8491721153259277
512 8 1 0.5954833030700684
512 8 1 0.8102526068687439
512 8 1 0.7713562846183777
512 8 1 0.9507378339767456
512 8 1 0.8899696469306946
512 8 1 0.7504966855049133
512 8 1 0.6366251111030579
512 8 1 0.5989450216293335
512 8 1 0.6061422824859619
512 8 1 0.8676942586898804
512 8 1 0.7197543978691101
512 8 1 0.6172162294387817
512 8 1 0.6779751777648926
512 8 1 0.6004111766815186
512 8 1 0.6204366087913513
512 8 1 1.0596470832824707
512 8 1 0.5857518911361694
512 8 1 0.6515946388244629
512 8 1 0.6434471011161804
512 8 1 0.6507941484451294
512 8 1 0.7764863371849060
512 8 1 0.6551410555839539
512 8 1 0.5587274432182312
512 8 1 0.7388086915016174
512 8 1 0.6203266978263855
512 8 1 0.7438479661941528
512 8 1 0.7250053882598877
512 8 1 0.6406838297843933
512 8 1 0.6771973371505737
512 8 1 0.7598884105682373
512 8 1 0.5758147835731506
512 8 1 0.8351116776466370
512 8 1 0.6252005696296692
512 8 1 0.6582611799240112
512 8 1 0.5306406021118164
512 8 1 0.6387526392936707
512 8 1 0.5646857619285583
512 8 1 0.6593552231788635
512 8 1 0.4791982173919678
512 8 1 0.8738037347793579
512 8 1 0.6889627575874329
512 8 1 0.5268402695655823
512 8 1 0.7460430860519409
512 8 1 0.6966719031333923
512 8 1 0.6550136804580688
512 8 1 0.6727295517921448
512 8 1 0.5548532605171204
512 8 1 0.7799224257469177
512 8 1 0.8639551401138306
512 8 1 0.8109571337699890
512 8 1 0.7303485274314880
512 8 1 0.6879518628120422
512 16 1 0.7420129179954529
512 16 1 0.7539542913436890
512 16 1 0.7776684761047363
512 16 1 0.6138951182365417
512 16 1 0.6063134670257568
512 16 1 0.5560914874076843
512 16 1 0.6309611201286316
512 16 1 0.4928517937660217
512 16 1 0.5259310603141785
512 16 1 0.5423655509948730
512 16 1 0.6818220615386963
512 16 1 0.5997407436370850
512 16 1 0.6566547155380249
512 16 1 0.6294550299644470
512 16 1 0.5415887236595154
512 16 1 0.6319538950920105
512 16 1 0.4750021398067474
512 16 1 0.5563973188400269
512 16 1 0.6431901454925537
512 16 1 0.4229207336902618
512 16 1 0.5116503834724426
512 16 1 0.5879149436950684
512 16 1 0.6327076554298401
512 16 1 0.5733748674392700
512 16 1 0.5912621021270752
512 16 1 0.5737375020980835
512 16 1 0.6251104474067688
512 16 1 0.6042753458023071
512 16 1 0.6071116924285889
512 16 1 0.5679898262023926
512 16 1 0.5499066710472107
512 16 1 0.3345257043838501
512 16 1 0.5305354595184326
512 16 1 0.4979509115219116
512 16 1 0.5890812873840332
512 16 1 0.6106138825416565
512 16 1 0.6148594021797180
512 16 1 0.4085531234741211
512 16 1 0.4779710471630096
512 16 1 0.5527327060699463
512 16 1 0.6703565716743469
512 16 1 0.5321342349052429
512 16 1 0.5162346363067627
512 16 1 0.5963092446327209
512 16 1 0.7654445767402649
512 16 1 0.6311461925506592
512 16 1 0.5998899340629578
512 16 1 0.6015717983245850
512 16 1 0.6990787982940674
512 16 1 0.5640345811843872
512 16 1 0.5010846257209778
512 16 1 0.6751392483711243
512 16 1 0.6117118000984192
512 16 1 0.4657574594020844
512 16 1 0.6832776069641113
512 16 1 0.6364616155624390
512 16 1 0.4566312432289124
512 16 1 0.6112149953842163
512 16 1 0.5171653032302856
512 16 1 0.6106317639350891
512 16 1 0.4373553097248077
512 16 1 0.6045701503753662
512 16 1 0.5111598372459412
512 16 1 0.5046863555908203
512 16 1 0.5195878744125366
512 16 1 0.5287243723869324
512 16 1 0.4887463748455048
512 16 1 0.5819690227508545
512 16 1 0.6221359372138977
512 16 1 0.6186657547950745
512 16 1 0.4507727026939392
512 16 1 0.5970120429992676
512 16 1 0.4680088758468628
512 16 1 0.5255395174026489
512 16 1 0.5984102487564087
512 16 1 0.5496380329132080
512 16 1 0.5433230996131897
512 16 1 0.5129839181900024
512 16 1 0.6538612246513367
512 16 1 0.6196443438529968
512 16 1 0.6416263580322266
512 16 1 0.6324165463447571
512 16 1 0.5321298241615295
512 16 1 0.5153411030769348
512 16 1 0.4852811694145203
512 16 1 0.5548467040061951
512 16 1 0.4762342572212219
512 16 1 0.7499149441719055
512 16 1 0.5092744231224060
512 16 1 0.5282860398292542
512 16 1 0.6322260499000549
512 16 1 0.8113266229629517
512 16 1 0.5363368988037109
512 16 1 0.6189296841621399
512 16 1 0.5662846565246582
512 16 1 0.6008589863777161
512 16 1 0.5793843865394592
512 16 1 0.5373786687850952
512 16 1 0.6490676999092102
512 16 1 0.5347943305969238
512 32 1 0.5365613102912903
512 32 1 0.5189792513847351
512 32 1 0.5075719356536865
512 32 1 0.4479216337203979
512 32 1 0.4960063993930817
512 32 1 0.4400974512100220
512 32 1 0.3418817222118378
512 32 1 0.5101688504219055
512 32 1 0.5059440732002258
512 32 1 0.4739115834236145
512 32 1 0.3506424725055695
512 32 1 0.4683861136436462
512 32 1 0.4776641726493835
512 32 1 0.4815645217895508
512 32 1 0.5326018333435059
512 32 1 0.4305776655673981
512 32 1 0.4248545765876770
512 32 1 0.4567368030548096
512 32 1 0.7079884409904480
512 32 1 0.5863323211669922
512 32 1 0.4759044945240021
512 32 1 0.4302269220352173
512 32 1 0.6478459239006042
512 32 1 0.5233001708984375
512 32 1 0.3619825243949890
512 32 1 0.3984275162220001
512 32 1 0.5374384522438049
512 32 1 0.5402786135673523
512 32 1 0.5092675089836121
512 32 1 0.4156976044178009
512 32 1 0.3974384069442749
512 32 1 0.5290763974189758
512 32 1 0.5814270973205566
512 32 1 0.5370218753814697
512 32 1 0.5732181668281555
512 32 1 0.4226067066192627
512 32 1 0.6114243268966675
512 32 1 0.4667703509330750
512 32 1 0.4523687660694122
512 32 1 0.4174237847328186
512 32 1 0.4279444813728333
512 32 1 0.5233443975448608
512 32 1 0.5907567739486694
512 32 1 0.5667566061019897
512 32 1 0.4978241622447968
512 32 1 0.6002125740051270
512 32 1 0.4294733107089996
512 32 1 0.3700934946537018
512 32 1 0.4758169054985046
512 32 1 0.4774560034275055
512 32 1 0.5957430601119995
512 32 1 0.5903112888336182
512 32 1 0.5873023271560669
512 32 1 0.5334678292274475
512 32 1 0.5104472637176514
512 32 1 0.5001447796821594
512 32 1 0.5565513372421265
512 32 1 0.4754055142402649
512 32 1 0.4367650151252747
512 32 1 0.4453563988208771
512 32 1 0.4938501417636871
512 32 1 0.6046876907348633
512 32 1 0.4666633307933807
512 32 1 0.4853467047214508
512 32 1 0.4539735317230225
512 32 1 0.4931006133556366
512 32 1 0.5604466199874878
512 32 1 0.5829601287841797
512 32 1 0.5365796089172363
512 32 1 0.5786432027816772
512 32 1 0.4412060976028442
512 32 1 0.6037352085113525
512 32 1 0.4444659054279327
512 32 1 0.4605136811733246
512 32 1 0.6054400801658630
512 32 1 0.6107150316238403
512 32 1 0.5212415456771851
512 32 1 0.4717367589473724
512 32 1 0.4465993642807007
512 32 1 0.5503542423248291
512 32 1 0.5467190742492676
512 32 1 0.4860249757766724
512 32 1 0.4640663266181946
512 32 1 0.4556604623794556
512 32 1 0.5185555815696716
512 32 1 0.4564320743083954
512 32 1 0.5477434396743774
512 32 1 0.4659834802150726
512 32 1 0.6169738173484802
512 32 1 0.4891346693038940
512 32 1 0.4551373720169067
512 32 1 0.5781967043876648
512 32 1 0.4717368781566620
512 32 1 0.5234776139259338
512 32 1 0.5036193728446960
512 32 1 0.3545219004154205
512 32 1 0.5912698507308960
512 32 1 0.4554647207260132
512 32 1 0.6321161985397339
512 32 1 0.4848915934562683
512 64 1 0.4061590135097504
512 64 1 0.4233932793140411
512 64 1 0.4321186542510986
512 64 1 0.4102320373058319
512 64 1 0.4247952997684479
512 64 1 0.4802467226982117
512 64 1 0.4922599792480469
512 64 1 0.4333992004394531
512 64 1 0.5416228175163269
512 64 1 0.3752114474773407
512 64 1 0.4036610722541809
512 64 1 0.4439232647418976
512 64 1 0.3309550583362579
512 64 1 0.4091604351997375
512 64 1 0.4690439999103546
512 64 1 0.4647272527217865
512 64 1 0.4579888880252838
512 64 1 0.3927489817142487
512 64 1 0.5131521224975586
512 64 1 0.4386561214923859
512 64 1 0.4083949029445648
512 64 1 0.4244066476821899
512 64 1 0.5070742368698120
512 64 1 0.4325188398361206
512 64 1 0.3897184133529663
512 64 1 0.3763441443443298
512 64 1 0.3915416300296783
512 64 1 0.3864934146404266
512 64 1 0.3697484135627747
512 64 1 0.4130852520465851
512 64 1 0.3742128610610962
512 64 1 0.4361612796783447
512 64 1 0.4447764456272125
512 64 1 0.4660292565822601
512 64 1 0.3585293292999268
512 64 1 0.4850363433361053
512 64 1 0.4953275322914124
512 64 1 0.4971840381622314
512 64 1 0.4919103682041168
512 64 1 0.5032172799110413
512 64 1 0.4310027062892914
512 64 1 0.3698391020298004
512 64 1 0.5267517566680908
512 64 1 0.4553423225879669
512 64 1 0.3722386062145233
512 64 1 0.4137642681598663
512 64 1 0.4241167902946472
512 64 1 0.4676191806793213
512 64 1 0.5386306643486023
512 64 1 0.3840677738189697
512 64 1 0.4568026065826416
512 64 1 0.4369261860847473
512 64 1 0.4795341193675995
512 64 1 0.4300309419631958
512 64 1 0.5055589079856873
512 64 1 0.4104811549186707
512 64 1 0.4088215529918671
512 64 1 0.4130434393882751
512 64 1 0.4236834347248077
512 64 1 0.4491411149501801
512 64 1 0.4801352620124817
512 64 1 0.4266964793205261
512 64 1 0.4905574023723602
512 64 1 0.3815665841102600
512 64 1 0.4864005744457245
512 64 1 0.5484111905097961
512 64 1 0.3722470402717590
512 64 1 0.4258764386177063
512 64 1 0.4598276615142822
512 64 1 0.4048812091350555
512 64 1 0.4498332738876343
512 64 1 0.3602109849452972
512 64 1 0.4458383917808533
512 64 1 0.4164687991142273
512 64 1 0.4304187893867493
512 64 1 0.4299904108047485
512 64 1 0.5355357527732849
512 64 1 0.4263315200805664
512 64 1 0.3769495487213135
512 64 1 0.3435222208499908
512 64 1 0.3717628419399261
512 64 1 0.4136132001876831
512 64 1 0.5315342545509338
512 64 1 0.4263230562210083
512 64 1 0.4054922163486481
512 64 1 0.4165271520614624
512 64 1 0.5008935332298279
512 64 1 0.4763803184032440
512 64 1 0.4852173328399658
512 64 1 0.3337068557739258
512 64 1 0.4313280880451202
512 64 1 0.4735344052314758
512 64 1 0.4114521145820618
512 64 1 0.4021753966808319
512 64 1 0.4073750376701355
512 64 1 0.4623660743236542
512 64 1 0.3512787520885468
512 64 1 0.3859807848930359
512 64 1 0.3713119029998779
512 64 1 0.4043126404285431
512 128 1 0.3959094882011414
512 128 1 0.4114191830158234
512 128 1 0.3674516975879669
512 128 1 0.4052559733390808
512 128 1 0.4303452670574188
512 128 1 0.3949351906776428
512 128 1 0.3932122886180878
512 128 1 0.3785077631473541
512 128 1 0.3860774338245392
512 128 1 0.4258735179901123
512 128 1 0.3970125615596771
512 128 1 0.4258642196655273
512 128 1 0.4404197633266449
512 128 1 0.4124841988086700
512 128 1 0.3884536325931549
512 128 1 0.4123317003250122
512 128 1 0.3378663957118988
512 128 1 0.5021046996116638
512 128 1 0.3933013081550598
512 128 1 0.4218539893627167
512 128 1 0.3666859865188599
512 128 1 0.3933572769165039
512 128 1 0.3922573924064636
512 128 1 0.3541918694972992
512 128 1 0.3960942327976227
512 128 1 0.3920363485813141
512 128 1 0.3370200991630554
512 128 1 0.3828766345977783
512 128 1 0.3887149095535278
512 128 1 0.3974854648113251
512 128 1 0.4491813182830811
512 128 1 0.3576370179653168
512 128 1 0.3808187246322632
512 128 1 0.4245226681232452
512 128 1 0.3991007208824158
512 128 1 0.4630533158779144
512 128 1 0.4554941058158875
512 128 1 0.4083834588527679
512 128 1 0.3506499528884888
512 128 1 0.3702883124351501
512 128 1 0.3543992638587952
512 128 1 0.3833343386650085
512 128 1 0.3927624523639679
512 128 1 0.4175465106964111
512 128 1 0.4486174285411835
512 128 1 0.3597557842731476
512 128 1 0.4309140741825104
512 128 1 0.3368879258632660
512 128 1 0.3520164489746094
512 128 1 0.3604318499565125
512 128 1 0.4872021079063416
512 128 1 0.3457111418247223
512 128 1 0.3628184795379639
512 128 1 0.4295688271522522
512 128 1 0.4126899242401123
512 128 1 0.4053488075733185
512 128 1 0.3983115255832672
512 128 1 0.4584257006645203
512 128 1 0.4493218362331390
512 128 1 0.3848101794719696
512 128 1 0.3711270987987518
512 128 1 0.4250414669513702
512 128 1 0.4407112002372742
512 128 1 0.3296966552734375
512 128 1 0.3614051043987274
512 128 1 0.3723164498806000
512 128 1 0.3557907044887543
512 128 1 0.4355736672878265
512 128 1 0.3591504991054535
512 128 1 0.4555114507675171
512 128 1 0.4043001532554626
512 128 1 0.4157347083091736
512 128 1 0.4441316723823547
512 128 1 0.3794292211532593
512 128 1 0.3672196269035339
512 128 1 0.3843646645545959
512 128 1 0.4025431871414185
512 128 1 0.4093499481678009
512 128 1 0.4073385596275330
512 128 1 0.4448652267456055
512 128 1 0.4724055230617523
512 128 1 0.3647869229316711
512 128 1 0.4103157520294189
512 128 1 0.4372287094593048
512 128 1 0.3367560505867004
512 128 1 0.3720344901084900
512 128 1 0.4114841520786285
512 128 1 0.3350936472415924
512 128 1 0.2944546341896057
512 128 1 0.3827338814735413
512 128 1 0.3917947113513947
512 128 1 0.3399468362331390
512 128 1 0.4078050255775452
512 128 1 0.4262413680553436
512 128 1 0.4138309061527252
512 128 1 0.3345489501953125
512 128 1 0.4395397603511810
512 128 1 0.4012865722179413
512 128 1 0.4087644219398499
512 128 1 0.3770645558834076
512 256 1 0.2983284890651703
512 256 1 0.3649335503578186
512 256 1 0.4042366445064545
512 256 1 0.3467429280281067
512 256 1 0.3579953908920288
512 256 1 0.3579617738723755
512 256 1 0.4327228665351868
512 256 1 0.3680411577224731
512 256 1 0.3724730014801025
512 256 1 0.3585525155067444
512 256 1 0.4165742397308350
512 256 1 0.3701157867908478
512 256 1 0.3684121370315552
512 256 1 0.3431490957736969
512 256 1 0.4123998880386353
512 256 1 0.3500775098800659
512 256 1 0.3468898534774780
512 256 1 0.3409330248832703
512 256 1 0.3734360039234161
512 256 1 0.3932651281356812
512 256 1 0.3488098978996277
512 256 1 0.3733078241348267
512 256 1 0.3993526399135590
512 256 1 0.3793931603431702
512 256 1 0.4034694433212280
512 256 1 0.3572397232055664
512 256 1 0.3513301610946655
512 256 1 0.3839324116706848
512 256 1 0.3350526690483093
512 256 1 0.4002163410186768
512 256 1 0.3810814619064331
512 256 1 0.3806143999099731
512 256 1 0.3937138319015503
512 256 1 0.3699061274528503
512 256 1 0.3417905569076538
512 256 1 0.3262981474399567
512 256 1 0.3626758158206940
512 256 1 0.3564794063568115
512 256 1 0.3403936028480530
512 256 1 0.3883817791938782
512 256 1 0.3571669757366180
512 256 1 0.3260811567306519
512 256 1 0.3529932796955109
512 256 1 0.3053591847419739
512 256 1 0.3951835632324219
512 256 1 0.3311493396759033
512 256 1 0.3492245376110077
512 256 1 0.3607178032398224
512 256 1 0.3336884677410126
512 256 1 0.3782754540443420
512 256 1 0.3644703924655914
512 256 1 0.3639864325523376
512 256 1 0.3480526804924011
512 256 1 0.3230243027210236
512 256 1 0.3699734807014465
512 256 1 0.3062762022018433
512 256 1 0.3901543021202087
512 256 1 0.3413679003715515
512 256 1 0.3412373065948486
512 256 1 0.3785387277603149
512 256 1 0.3410636186599731
512 256 1 0.3578338921070099
512 256 1 0.3966008126735687
512 256 1 0.4464538097381592
512 256 1 0.3318080604076385
512 256 1 0.3600885868072510
512 256 1 0.3779959082603455
512 256 1 0.3624076843261719
512 256 1 0.2927416563034058
512 256 1 0.3279613256454468
512 256 1 0.3387874662876129
512 256 1 0.2708112001419067
512 256 1 0.3526017367839813
512 256 1 0.3684252798557281
512 256 1 0.4049098491668701
512 256 1 0.3716971576213837
512 256 1 0.3497737050056458
512 256 1 0.3992300331592560
512 256 1 0.4051116704940796
512 256 1 0.3866841495037079
512 256 1 0.3183479905128479
512 256 1 0.3606554269790649
512 256 1 0.3360042870044708
512 256 1 0.3712111413478851
512 256 1 0.3542455434799194
512 256 1 0.3072286844253540
512 256 1 0.3594980537891388
512 256 1 0.4156222045421600
512 256 1 0.3819567859172821
512 256 1 0.3826595246791840
512 256 1 0.3919797837734222
512 256 1 0.3299811184406281
512 256 1 0.3419212996959686
512 256 1 0.3706371188163757
512 256 1 0.3897528946399689
512 256 1 0.3720358908176422
512 256 1 0.3610421717166901
512 256 1 0.3202669024467468
512 256 1 0.3793995678424835
512 256 1 0.3957937955856323
512 512 1 0.2669049501419067
512 512 1 0.3115674853324890
512 512 1 0.3366951346397400
512 512 1 0.3086538016796112
512 512 1 0.3530876040458679
512 512 1 0.3715903759002686
512 512 1 0.3419489562511444
512 512 1 0.3189156055450439
512 512 1 0.3516145944595337
512 512 1 0.3266262710094452
512 512 1 0.3638635575771332
512 512 1 0.3834234178066254
512 512 1 0.3621583878993988
512 512 1 0.2882083952426910
512 512 1 0.3664367198944092
512 512 1 0.3457050621509552
512 512 1 0.3030973970890045
512 512 1 0.3578897416591644
512 512 1 0.3159226477146149
512 512 1 0.3202269375324249
512 512 1 0.3143695592880249
512 512 1 0.3078538775444031
512 512 1 0.3548845350742340
512 512 1 0.3309857547283173
512 512 1 0.2831217050552368
512 512 1 0.3573815226554871
512 512 1 0.2981931567192078
512 512 1 0.3125571012496948
512 512 1 0.3334496617317200
512 512 1 0.3016313314437866
512 512 1 0.3437014520168304
512 512 1 0.3311861753463745
512 512 1 0.3507422506809235
512 512 1 0.3651003241539001
512 512 1 0.3389668166637421
512 512 1 0.3503916561603546
512 512 1 0.3580726683139801
512 512 1 0.4065116047859192
512 512 1 0.3087158203125000
512 512 1 0.3313604593276978
512 512 1 0.3367720842361450
512 512 1 0.2879842519760132
512 512 1 0.3176360726356506
512 512 1 0.3184209465980530
512 512 1 0.3366379439830780
512 512 1 0.3043279349803925
512 512 1 0.3794774711132050
512 512 1 0.3242133855819702
512 512 1 0.3358215987682343
512 512 1 0.3749706745147705
512 512 1 0.3217648565769196
512 512 1 0.2773469090461731
512 512 1 0.3018751442432404
512 512 1 0.3313224911689758
512 512 1 0.2587555050849915
512 512 1 0.2905970513820648
512 512 1 0.3729439675807953
512 512 1 0.3474825024604797
512 512 1 0.3035915493965149
512 512 1 0.3228141069412231
512 512 1 0.3176997900009155
512 512 1 0.3553986251354218
512 512 1 0.3575380444526672
512 512 1 0.3318686783313751
512 512 1 0.3007048666477203
512 512 1 0.2944818139076233
512 512 1 0.3016154468059540
512 512 1 0.3129599690437317
512 512 1 0.3562740683555603
512 512 1 0.3437570333480835
512 512 1 0.3672734200954437
512 512 1 0.2807504534721375
512 512 1 0.3333343267440796
512 512 1 0.3352845013141632
512 512 1 0.3477383553981781
512 512 1 0.2784580290317535
512 512 1 0.3378879129886627
512 512 1 0.3042189180850983
512 512 1 0.3743855357170105
512 512 1 0.3457441031932831
512 512 1 0.3790504336357117
512 512 1 0.4049637317657471
512 512 1 0.2978071272373199
512 512 1 0.3362187445163727
512 512 1 0.2988061308860779
512 512 1 0.2899193465709686
512 512 1 0.3341753482818604
512 512 1 0.3405037224292755
512 512 1 0.2966419458389282
512 512 1 0.2827944457530975
512 512 1 0.3042699694633484
512 512 1 0.3558469712734222
512 512 1 0.3193121552467346
512 512 1 0.3433393836021423
512 512 1 0.3027165532112122
512 512 1 0.3129344284534454
512 512 1 0.2708481550216675
512 512 1 0.3249370455741882
512 512 1 0.3118897378444672
512 512 1 0.3212732374668121
1024 4 1 0.5554158687591553
1024 4 1 0.6307789683341980
1024 4 1 0.6781224012374878
1024 4 1 0.7230053544044495
1024 4 1 0.8664180040359497
1024 4 1 1.0008543729782104
1024 4 1 1.0375223159790039
1024 4 1 0.6749219298362732
1024 4 1 0.6754051446914673
1024 4 1 0.8641239404678345
1024 4 1 0.7558432221412659
1024 4 1 0.6550135612487793
1024 4 1 0.6270416975021362
1024 4 1 0.7613807916641235
1024 4 1 0.7342516183853149
1024 4 1 0.7350245118141174
1024 4 1 0.7492967247962952
1024 4 1 0.7660811543464661
1024 4 1 0.5338056683540344
1024 4 1 1.0147714614868164
1024 4 1 0.6810996532440186
1024 4 1 1.0980876684188843
1024 4 1 1.4308960437774658
1024 4 1 0.6811738014221191
1024 4 1 0.9186353087425232
1024 4 1 0.7128198742866516
1024 4 1 0.8893231153488159
1024 4 1 0.8435366749763489
1024 4 1 0.6967168450355530
1024 4 1 0.8691130876541138
1024 4 1 0.5941980481147766
1024 4 1 0.6712938547134399
1024 4 1 0.5943883657455444
1024 4 1 0.4940989613533020
1024 4 1 0.6199022531509399
1024 4 1 0.6392022967338562
1024 4 1 1.0510982275009155
1024 4 1 0.5388467311859131
1024 4 1 0.5792311429977417
1024 4 1 0.7743968963623047
1024 4 1 0.7102427482604980
1024 4 1 0.6467536091804504
1024 4 1 1.1389663219451904
1024 4 1 0.7160273790359497
1024 4 1 0.6538397073745728
1024 4 1 0.4827871620655060
1024 4 1 0.6845987439155579
1024 4 1 0.6817262172698975
1024 4 1 0.5361033082008362
1024 4 1 0.9701202511787415
1024 4 1 0.8971457481384277
1024 4 1 0.7189901471138000
1024 4 1 0.6357473134994507
1024 4 1 0.7798944115638733
1024 4 1 0.6349707245826721
1024 4 1 1.1065660715103149
1024 4 1 0.6917302608489990
1024 4 1 0.7743682265281677
1024 4 1 0.6536409258842468
1024 4 1 0.5694059729576111
1024 4 1 0.7055716514587402
1024 4 1 0.5751098990440369
1024 4 1 0.6976110935211182
1024 4 1 0.6621327400207520
1024 4 1 1.1916815042495728
1024 4 1 0.5505982041358948
1024 4 1 0.7597810626029968
1024 4 1 1.0521966218948364
1024 4 1 0.6540704965591431
1024 4 1 0.5818467736244202
1024 4 1 0.8232144117355347
1024 4 1 1.0095635652542114
1024 4 1 0.5891909599304199
1024 4 1 0.7149886488914490
1024 4 1 0.5297241806983948
1024 4 1 0.9437097907066345
1024 4 1 0.5260514616966248
1024 4 1 0.8877812027931213
1024 4 1 0.9763658046722412
1024 4 1 0.9572734832763672
1024 4 1 1.0124559402465820
1024 4 1 0.6864377856254578
1024 4 1 0.5791282057762146
1024 4 1 0.5751686692237854
1024 4 1 1.1076096296310425
1024 4 1 0.7627664208412170
1024 4 1 0.9066456556320190
1024 4 1 0.6766988635063171
1024 4 1 0.6775378584861755
1024 4 1 0.7058330774307251
1024 4 1 0.7188189625740051
1024 4 1 0.6992675065994263
1024 4 1 0.7271895408630371
1024 4 1 0.6077119112014771
1024 4 1 0.7127972245216370
1024 4 1 0.7255517840385437
1024 4 1 0.6708823442459106
1024 4 1 0.9973996877670288
1024 4 1 0.8128594160079956
1024 4 1 0.6806697845458984
1024 8 1 0.5925199985504150
1024 8 1 0.6572136878967285
1024 8 1 0.6715270280838013
1024 8 1 0.5121414065361023
1024 8 1 0.6272355914115906
1024 8 1 0.6143862605094910
1024 8 1 0.5665279626846313
1024 8 1 0.4999750256538391
1024 8 1 0.5511544942855835
1024 8 1 0.4926867187023163
1024 8 1 0.6973735094070435
1024 8 1 0.6092503070831299
1024 8 1 0.5914902091026306
1024 8 1 0.4848888814449310
1024 8 1 0.6620767712593079
1024 8 1 0.5442942380905151
1024 8 1 0.6483391523361206
1024 8 1 0.4911061525344849
1024 8 1 0.5413708686828613
1024 8 1 0.5319992303848267
1024 8 1 0.7522692084312439
1024 8 1 0.5204458832740784
1024 8 1 0.8766809105873108
1024 8 1 0.4943198263645172
1024 8 1 0.4077517688274384
1024 8 1 0.4801692068576813
1024 8 1 0.4790161252021790
1024 8 1 0.4595722258090973
1024 8 1 0.5966385602951050
1024 8 1 0.6243101954460144
1024 8 1 0.5405096411705017
1024 8 1 0.5538957118988037
1024 8 1 0.6457381248474121
1024 8 1 0.6155130863189697
1024 8 1 0.6816137433052063
1024 8 1 0.6573402285575867
1024 8 1 0.6826975345611572
1024 8 1 0.4985307455062866
1024 8 1 0.5884566903114319
1024 8 1 0.5662917494773865
1024 8 1 0.7714649438858032
1024 8 1 0.5157671570777893
1024 8 1 0.6081411242485046
1024 8 1 0.7125449180603027
1024 8 1 0.5218806862831116
1024 8 1 0.7220124006271362
1024 8 1 0.5312786102294922
1024 8 1 0.6386026144027710
1024 8 1 0.5520356893539429
1024 8 1 0.6861743330955505
1024 8 1 0.5932040214538574
1024 8 1 0.7422153949737549
1024 8 1 0.6262683868408203
1024 8 1 0.7118785977363586
1024 8 1 0.5904552340507507
1024 8 1 0.6262399554252625
1024 8 1 0.5887210369110107
1024 8 1 0.6374507546424866
1024 8 1 0.6403669118881226
1024 8 1 0.6645564436912537
1024 8 1 0.8125841021537781
1024 8 1 0.5716970562934875
1024 8 1 0.5864042043685913
1024 8 1 0.5354747772216797
1024 8 1 0.6552460193634033
1024 8 1 0.6815170049667358
1024 8 1 0.9090155959129333
1024 8 1 0.7850221395492554
1024 8 1 0.5610850453376770
1024 8 1 0.4601066112518311
1024 8 1 0.5382221341133118
1024 8 1 0.6805976033210754
1024 8 1 0.4404745399951935
1024 8 1 0.6692520976066589
1024 8 1 0.6898906826972961
1024 8 1 0.5527722835540771
1024 8 1 0.7234268188476562
1024 8 1 0.6118336319923401
1024 8 1 0.5133928656578064
1024 8 1 0.7623484134674072
1024 8 1 0.4633549153804779
1024 8 1 0.6396725773811340
1024 8 1 0.6325090527534485
1024 8 1 0.4860813617706299
1024 8 1 0.5619650483131409
1024 8 1 0.5539882779121399
1024 8 1 0.6030859947204590
1024 8 1 0.6843050122261047
1024 8 1 0.6784024834632874
1024 8 1 0.7163317203521729
1024 8 1 0.6797709465026855
1024 8 1 0.4808039963245392
1024 8 1 0.6083250641822815
1024 8 1 0.6270806789398193
1024 8 1 0.5823941230773926
1024 8 1 0.7433446645736694
1024 8 1 0.6115863323211670
1024 8 1 0.6697008609771729
1024 8 1 0.5202684402465820
1024 8 1 0.7681353092193604
1024 16 1 0.4337158203125000
1024 16 1 0.5990846753120422
1024 16 1 0.6724584102630615
1024 16 1 0.4225882291793823
1024 16 1 0.5309141278266907
1024 16 1 0.3654656708240509
1024 16 1 0.4640733301639557
1024 16 1 0.4049018621444702
1024 16 1 0.4615340530872345
1024 16 1 0.6675584316253662
1024 16 1 0.4593757390975952
1024 16 1 0.5471734404563904
1024 16 1 0.5595785975456238
1024 16 1 0.4740253090858459
1024 16 1 0.4528288245201111
1024 16 1 0.5393316745758057
1024 16 1 0.6046730279922485
1024 16 1 0.5305393338203430
1024 16 1 0.4984836280345917
1024 16 1 0.4917685389518738
1024 16 1 0.4399157464504242
1024 16 1 0.5271697044372559
1024 16 1 0.5317934751510620
1024 16 1 0.5554872751235962
1024 16 1 0.4663448035717010
1024 16 1 0.4832888841629028
1024 16 1 0.4254957139492035
1024 16 1 0.4651370942592621
1024 16 1 0.5082042217254639
1024 16 1 0.4255852401256561
1024 16 1 0.5791926980018616
1024 16 1 0.5530684590339661
1024 16 1 0.5415876507759094
1024 16 1 0.5454203486442566
1024 16 1 0.4927027225494385
1024 16 1 0.5203486084938049
1024 16 1 0.4267948865890503
1024 16 1 0.5016061663627625
1024 16 1 0.5136739015579224
1024 16 1 0.5697006583213806
1024 16 1 0.4399546682834625
1024 16 1 0.4339708983898163
1024 16 1 0.5704556107521057
1024 16 1 0.5629480481147766
1024 16 1 0.6045145988464355
1024 16 1 0.5194532275199890
1024 16 1 0.4637042582035065
1024 16 1 0.4409241080284119
1024 16 1 0.5160135030746460
1024 16 1 0.5521888136863708
1024 16 1 0.6110923886299133
1024 16 1 0.4396719634532928
1024 16 1 0.4457598924636841
1024 16 1 0.6325485706329346
1024 16 1 0.5341210961341858
1024 16 1 0.5026339888572693
1024 16 1 0.5280159115791321
1024 16 1 0.5007696747779846
1024 16 1 0.4390406310558319
1024 16 1 0.4008434414863586
1024 16 1 0.5179656744003296
1024 16 1 0.3684412240982056
1024 16 1 0.5127666592597961
1024 16 1 0.5054929256439209
1024 16 1 0.4222716987133026
1024 16 1 0.4414946436882019
1024 16 1 0.4437761008739471
1024 16 1 0.5562987327575684
1024 16 1 0.5780766010284424
1024 16 1 0.6728621125221252
1024 16 1 0.4575404822826385
1024 16 1 0.4001505672931671
1024 16 1 0.6245266795158386
1024 16 1 0.5383980274200439
1024 16 1 0.4667257368564606
1024 16 1 0.5513110160827637
1024 16 1 0.4952376484870911
1024 16 1 0.4094554781913757
1024 16 1 0.4265209138393402
1024 16 1 0.4972332417964935
1024 16 1 0.4897776842117310
1024 16 1 0.4317008852958679
1024 16 1 0.4780271053314209
1024 16 1 0.4808683395385742
1024 16 1 0.5781893730163574
1024 16 1 0.4996321797370911
1024 16 1 0.6594879627227783
1024 16 1 0.5700150132179260
1024 16 1 0.4243452548980713
1024 16 1 0.5071862936019897
1024 16 1 0.5148813724517822
1024 16 1 0.5823149085044861
1024 16 1 0.5876329541206360
1024 16 1 0.4991208612918854
1024 16 1 0.4597891569137573
1024 16 1 0.4636226296424866
1024 16 1 0.4512932300567627
1024 16 1 0.5426355004310608
1024 16 1 0.4482352733612061
1024 16 1 0.6149827837944031
1024 32 1 0.4411017596721649
1024 32 1 0.4573164284229279
1024 32 1 0.5358995199203491
1024 32 1 0.4423972368240356
1024 32 1 0.3377855420112610
1024 32 1 0.4263738691806793
1024 32 1 0.5086437463760376
1024 32 1 0.4377404451370239
1024 32 1 0.4319304525852203
1024 32 1 0.4907683432102203
1024 32 1 0.3713415861129761
1024 32 1 0.4273472726345062
1024 32 1 0.5238369107246399
1024 32 1 0.4087087213993073
1024 32 1 0.4574301838874817
1024 32 1 0.4924365878105164
1024 32 1 0.4106505513191223
1024 32 1 0.4957955181598663
1024 32 1 0.3769378364086151
1024 32 1 0.4450315833091736
1024 32 1 0.5668259263038635
1024 32 1 0.5514829754829407
1024 32 1 0.5006450414657593
1024 32 1 0.4754047393798828
1024 32 1 0.3874350786209106
1024 32 1 0.3926357328891754
1024 32 1 0.4135674238204956
1024 32 1 0.4843408465385437
1024 32 1 0.4057741463184357
1024 32 1 0.3758548498153687
1024 32 1 0.4419603049755096
1024 32 1 0.3769566416740417
1024 32 1 0.3857486248016357
1024 32 1 0.4043695032596588
1024 32 1 0.4374380111694336
1024 32 1 0.4781033992767334
1024 32 1 0.3867046833038330
1024 32 1 0.3859619200229645
1024 32 1 0.4590332508087158
1024 32 1 0.4457414746284485
1024 32 1 0.4177519679069519
1024 32 1 0.4018205702304840
1024 32 1 0.3741087019443512
1024 32 1 0.3743650019168854
1024 32 1 0.4432171881198883
1024 32 1 0.4670475125312805
1024 32 1 0.4530768692493439
1024 32 1 0.4768610298633575
1024 32 1 0.4321469962596893
1024 32 1 0.4786369204521179
1024 32 1 0.4121224880218506
1024 32 1 0.3728469610214233
1024 32 1 0.4162766337394714
1024 32 1 0.4200494289398193
1024 32 1 0.4596530199050903
1024 32 1 0.3955336511135101
1024 32 1 0.3851871490478516
1024 32 1 0.3971461057662964
1024 32 1 0.4455580115318298
1024 32 1 0.4756769835948944
1024 32 1 0.4183433949947357
1024 32 1 0.4482367634773254
1024 32 1 0.3913460671901703
1024 32 1 0.5245496034622192
1024 32 1 0.4520033299922943
1024 32 1 0.3742406070232391
1024 32 1 0.4073710143566132
1024 32 1 0.3939302861690521
1024 32 1 0.4020674824714661
1024 32 1 0.4736479818820953
1024 32 1 0.4963088631629944
1024 32 1 0.5037795305252075
1024 32 1 0.4674268960952759
1024 32 1 0.3707352578639984
1024 32 1 0.4062623679637909
1024 32 1 0.4102849066257477
1024 32 1 0.3829307258129120
1024 32 1 0.4108158051967621
1024 32 1 0.4704308211803436
1024 32 1 0.3939768970012665
1024 32 1 0.4382530450820923
1024 32 1 0.4151763021945953
1024 32 1 0.4798423647880554
1024 32 1 0.5252802371978760
1024 32 1 0.4449756145477295
1024 32 1 0.4198416769504547
1024 32 1 0.4395067095756531
1024 32 1 0.4922248423099518
1024 32 1 0.4329921305179596
1024 32 1 0.3466319143772125
1024 32 1 0.4079337418079376
1024 32 1 0.4040450155735016
1024 32 1 0.4326662719249725
1024 32 1 0.4169338345527649
1024 32 1 0.3557609319686890
1024 32 1 0.4078684151172638
1024 32 1 0.4616352319717407
1024 32 1 0.5474319458007812
1024 32 1 0.3848977386951447
1024 32 1 0.5117027163505554
1024 64 1 0.3725766241550446
1024 64 1 0.4670417904853821
1024 64 1 0.3967008888721466
1024 64 1 0.4537810385227203
1024 64 1 0.3956622183322906
1024 64 1 0.4423745870590210
1024 64 1 0.3605503141880035
1024 64 1 0.4357511401176453
1024 64 1 0.3870022892951965
1024 64 1 0.3727662563323975
1024 64 1 0.3674428164958954
1024 64 1 0.4444932937622070
1024 64 1 0.4330612421035767
1024 64 1 0.4268634319305420
1024 64 1 0.4504416286945343
1024 64 1 0.4009824395179749
1024 64 1 0.3816855549812317
1024 64 1 0.3691300451755524
1024 64 1 0.3728835582733154
1024 64 1 0.3871490061283112
1024 64 1 0.4239348471164703
1024 64 1 0.4086072146892548
1024 64 1 0.3375345170497894
1024 64 1 0.3595881760120392
1024 64 1 0.4342865049839020
1024 64 1 0.3674933612346649
1024 64 1 0.3293693661689758
1024 64 1 0.4231876730918884
1024 64 1 0.3639410734176636
1024 64 1 0.3894453048706055
1024 64 1 0.3669566810131073
1024 64 1 0.3797244727611542
1024 64 1 0.3742438852787018
1024 64 1 0.3941734433174133
1024 64 1 0.3342741131782532
1024 64 1 0.3670423030853271
1024 64 1 0.3552946150302887
1024 64 1 0.3184694051742554
1024 64 1 0.4476525485515594
1024 64 1 0.3850863575935364
1024 64 1 0.3986217081546783
1024 64 1 0.4235715866088867
1024 64 1 0.3698235452175140
1024 64 1 0.3537149429321289
1024 64 1 0.4182354807853699
1024 64 1 0.4518451392650604
1024 64 1 0.4197140932083130
1024 64 1 0.3665267527103424
1024 64 1 0.4072265923023224
1024 64 1 0.4333948791027069
1024 64 1 0.4471809864044189
1024 64 1 0.3559487164020538
1024 64 1 0.3737196326255798
1024 64 1 0.4683798849582672
1024 64 1 0.3411020040512085
1024 64 1 0.3981691598892212
1024 64 1 0.4985048770904541
1024 64 1 0.4121835231781006
1024 64 1 0.3157274723052979
1024 64 1 0.4338571429252625
1024 64 1 0.3782348632812500
1024 64 1 0.4059661924839020
1024 64 1 0.3793955147266388
1024 64 1 0.3930929899215698
1024 64 1 0.3919645249843597
1024 64 1 0.3544516265392303
1024 64 1 0.4420892000198364
1024 64 1 0.3488272130489349
1024 64 1 0.3306684195995331
1024 64 1 0.3859629034996033
1024 64 1 0.3753091394901276
1024 64 1 0.4018423557281494
1024 64 1 0.3402037024497986
1024 64 1 0.3914627432823181
1024 64 1 0.4464456140995026
1024 64 1 0.3626185655593872
1024 64 1 0.3595800697803497
1024 64 1 0.3917195796966553
1024 64 1 0.4269116222858429
1024 64 1 0.4314354062080383
1024 64 1 0.4590455591678619
1024 64 1 0.3658542633056641
1024 64 1 0.3868412375450134
1024 64 1 0.3289958834648132
1024 64 1 0.4136511683464050
1024 64 1 0.3850506544113159
1024 64 1 0.3342115879058838
1024 64 1 0.3528931438922882
1024 64 1 0.3719967901706696
1024 64 1 0.4143928885459900
1024 64 1 0.3768781423568726
1024 64 1 0.3653931319713593
1024 64 1 0.3648633658885956
1024 64 1 0.3951516449451447
1024 64 1 0.3558743596076965
1024 64 1 0.4240666627883911
1024 64 1 0.3403253257274628
1024 64 1 0.3360697925090790
1024 64 1 0.3443706929683685
1024 64 1 0.3503368794918060
1024 128 1 0.3574379384517670
1024 128 1 0.3592793643474579
1024 128 1 0.3823210895061493
1024 128 1 0.3821408748626709
1024 128 1 0.3987154066562653
1024 128 1 0.3380619883537292
1024 128 1 0.4157120585441589
1024 128 1 0.3750219643115997
1024 128 1 0.3119265437126160
1024 128 1 0.3368408977985382
1024 128 1 0.3486066162586212
1024 128 1 0.3668201863765717
1024 128 1 0.3825631737709045
1024 128 1 0.3084735274314880
1024 128 1 0.3081717193126678
1024 128 1 0.3405481278896332
1024 128 1 0.3845593333244324
1024 128 1 0.3510762155056000
1024 128 1 0.3557287454605103
1024 128 1 0.3124943673610687
1024 128 1 0.4209612011909485
1024 128 1 0.3460832834243774
1024 128 1 0.3570239245891571
1024 128 1 0.3668393790721893
1024 128 1 0.3924531638622284
1024 128 1 0.3350863754749298
1024 128 1 0.3558563292026520
1024 128 1 0.4745804071426392
1024 128 1 0.3349668085575104
1024 128 1 0.3633473515510559
1024 128 1 0.3588607311248779
1024 128 1 0.3440678119659424
1024 128 1 0.3672969937324524
1024 128 1 0.2890844345092773
1024 128 1 0.3648572564125061
1024 128 1 0.4201162457466125
1024 128 1 0.3553655743598938
1024 128 1 0.3934586346149445
1024 128 1 0.3540546298027039
1024 128 1 0.4106811285018921
1024 128 1 0.3608060479164124
1024 128 1 0.3444269895553589
1024 128 1 0.3986903429031372
1024 128 1 0.3397505283355713
1024 128 1 0.3659119904041290
1024 128 1 0.4218117594718933
1024 128 1 0.3358448445796967
1024 128 1 0.3220111429691315
1024 128 1 0.3397106230258942
1024 128 1 0.4038565456867218
1024 128 1 0.3170827925205231
1024 128 1 0.3328636884689331
1024 128 1 0.3912205398082733
1024 128 1 0.3666369318962097
1024 128 1 0.3823559880256653
1024 128 1 0.3757833540439606
1024 128 1 0.3163474202156067
1024 128 1 0.3552454113960266
1024 128 1 0.3521672785282135
1024 128 1 0.3366887569427490
1024 128 1 0.3810124099254608
1024 128 1 0.3298302590847015
1024 128 1 0.4314172267913818
1024 128 1 0.3752721846103668
1024 128 1 0.3524717688560486
1024 128 1 0.3411756455898285
1024 128 1 0.3791014552116394
1024 128 1 0.3706893622875214
1024 128 1 0.3699233531951904
1024 128 1 0.3577248752117157
1024 128 1 0.3200219273567200
1024 128 1 0.3269928395748138
1024 128 1 0.3001863360404968
1024 128 1 0.3893830776214600
1024 128 1 0.3740673959255219
1024 128 1 0.4089469015598297
1024 128 1 0.3358737826347351
1024 128 1 0.3935140669345856
1024 128 1 0.3544182181358337
1024 128 1 0.3420294821262360
1024 128 1 0.3933993577957153
1024 128 1 0.3569339811801910
1024 128 1 0.3559727966785431
1024 128 1 0.4394804239273071
1024 128 1 0.4013546109199524
1024 128 1 0.3704377114772797
1024 128 1 0.3442178964614868
1024 128 1 0.3316864669322968
1024 128 1 0.3616866171360016
1024 128 1 0.3329973220825195
1024 128 1 0.3367402553558350
1024 128 1 0.3615995347499847
1024 128 1 0.4188935458660126
1024 128 1 0.4149318039417267
1024 128 1 0.2991537451744080
1024 128 1 0.3502856194972992
1024 128 1 0.4105711877346039
1024 128 1 0.3554570376873016
1024 128 1 0.3903685510158539
1024 128 1 0.4059562385082245
1024 256 1 0.2875949144363403
1024 256 1 0.3638752102851868
1024 256 1 0.3356778025627136
1024 256 1 0.3304524719715118
1024 256 1 0.3542557060718536
1024 256 1 0.3215126395225525
1024 256 1 0.3175429403781891
1024 256 1 0.3036930561065674
1024 256 1 0.3121023774147034
1024 256 1 0.3618834018707275
1024 256 1 0.3387937545776367
1024 256 1 0.3100603818893433
1024 256 1 0.3382865786552429
1024 256 1 0.3146992027759552
1024 256 1 0.3216437399387360
1024 256 1 0.3760031759738922
1024 256 1 0.3363640904426575
1024 256 1 0.3432393372058868
1024 256 1 0.3181661963462830
1024 256 1 0.3108142614364624
1024 256 1 0.3553670942783356
1024 256 1 0.3256973922252655
1024 256 1 0.3326724171638489
1024 256 1 0.3645154237747192
1024 256 1 0.3297865986824036
1024 256 1 0.3782461881637573
1024 256 1 0.3129251897335052
1024 256 1 0.3025131225585938
1024 256 1 0.2974655926227570
1024 256 1 0.3096485435962677
1024 256 1 0.3900819718837738
1024 256 1 0.3475387096405029
1024 256 1 0.3441388010978699
1024 256 1 0.3074983656406403
1024 256 1 0.3736737072467804
1024 256 1 0.3379141092300415
1024 256 1 0.3038215041160583
1024 256 1 0.3205260932445526
1024 256 1 0.3451585471630096
1024 256 1 0.3256932795047760
1024 256 1 0.3489688634872437
1024 256 1 0.3144618868827820
1024 256 1 0.2838542461395264
1024 256 1 0.3305783569812775
1024 256 1 0.3224837481975555
1024 256 1 0.3379708528518677
1024 256 1 0.3094201982021332
1024 256 1 0.2987199127674103
1024 256 1 0.4048644006252289
1024 256 1 0.3091222345829010
1024 256 1 0.2629184424877167
1024 256 1 0.3874296844005585
1024 256 1 0.3290693163871765
1024 256 1 0.3445097208023071
1024 256 1 0.3473362624645233
1024 256 1 0.3322611153125763
1024 256 1 0.3501169979572296
1024 256 1 0.3346273303031921
1024 256 1 0.3428291082382202
1024 256 1 0.3307093381881714
1024 256 1 0.3650102615356445
1024 256 1 0.3555656075477600
1024 256 1 0.3237769305706024
1024 256 1 0.3552603125572205
1024 256 1 0.3491131961345673
1024 256 1 0.3215470016002655
1024 256 1 0.3691715598106384
1024 256 1 0.3079790771007538
1024 256 1 0.3358913362026215
1024 256 1 0.3320992588996887
1024 256 1 0.2876741290092468
1024 256 1 0.3472596108913422
1024 256 1 0.3281135857105255
1024 256 1 0.3268046975135803
1024 256 1 0.3665788769721985
1024 256 1 0.3323552608489990
1024 256 1 0.3576035201549530
1024 256 1 0.3209931552410126
1024 256 1 0.3449741303920746
1024 256 1 0.3301720321178436
1024 256 1 0.3034349083900452
1024 256 1 0.3658468127250671
1024 256 1 0.3006996512413025
1024 256 1 0.3008192777633667
1024 256 1 0.3612774312496185
1024 256 1 0.3471593856811523
1024 256 1 0.3406411409378052
1024 256 1 0.3146785497665405
1024 256 1 0.3912814259529114
1024 256 1 0.3177715241909027
1024 256 1 0.2920981347560883
1024 256 1 0.3312448561191559
1024 256 1 0.2822093665599823
1024 256 1 0.3058972358703613
1024 256 1 0.3255645036697388
1024 256 1 0.3136335313320160
1024 256 1 0.3152908384799957
1024 256 1 0.3451108038425446
1024 256 1 0.2786594629287720
1024 256 1 0.3634945154190063
1024 512 1 0.2798413932323456
1024 512 1 0.2767020165920258
1024 512 1 0.2910991907119751
1024 512 1 0.3598836660385132
1024 512 1 0.3037331998348236
1024 512 1 0.2592314481735229
1024 512 1 0.3038321435451508
1024 512 1 0.2904767096042633
1024 512 1 0.3088544607162476
1024 512 1 0.2983059585094452
1024 512 1 0.3176154792308807
1024 512 1 0.2867073714733124
1024 512 1 0.2783189117908478
1024 512 1 0.2945422828197479
1024 512 1 0.2300997525453568
1024 512 1 0.2938277721405029
1024 512 1 0.2922615706920624
1024 512 1 0.2951673269271851
1024 512 1 0.2676620483398438
1024 512 1 0.2838525474071503
1024 512 1 0.3268042504787445
1024 512 1 0.3265693783760071
1024 512 1 0.2616676688194275
1024 512 1 0.3074906170368195
1024 512 1 0.3193611800670624
1024 512 1 0.3216132819652557
1024 512 1 0.3185756206512451
1024 512 1 0.3079432845115662
1024 512 1 0.3246189355850220
1024 512 1 0.3001484870910645
1024 512 1 0.2900739312171936
1024 512 1 0.2936190068721771
1024 512 1 0.2679644525051117
1024 512 1 0.3248813748359680
1024 512 1 0.2708117961883545
1024 512 1 0.3001206517219543
1024 512 1 0.3069782257080078
1024 512 1 0.3050538003444672
1024 512 1 0.3495245873928070
1024 512 1 0.2612684369087219
1024 512 1 0.2593149840831757
1024 512 1 0.3520310521125793
1024 512 1 0.2804043292999268
1024 512 1 0.2896155714988708
1024 512 1 0.3126128315925598
1024 512 1 0.2911584973335266
1024 512 1 0.2810136079788208
1024 512 1 0.3141407668590546
1024 512 1 0.2751843631267548
1024 512 1 0.3229757547378540
1024 512 1 0.3207428753376007
1024 512 1 0.3136779367923737
1024 512 1 0.2392963171005249
1024 512 1 0.3302376270294189
1024 512 1 0.3259437680244446
1024 512 1 0.3133876323699951
1024 512 1 0.3386973440647125
1024 512 1 0.3081419467926025
1024 512 1 0.2999241352081299
1024 512 1 0.3140995800495148
1024 512 1 0.3061901926994324
1024 512 1 0.3077808320522308
1024 512 1 0.3036233484745026
1024 512 1 0.3230828046798706
1024 512 1 0.3175061941146851
1024 512 1 0.3865944147109985
1024 512 1 0.2903873324394226
1024 512 1 0.3042624294757843
1024 512 1 0.3290656805038452
1024 512 1 0.3106464743614197
1024 512 1 0.2931737005710602
1024 512 1 0.2749858200550079
1024 512 1 0.2756514847278595
1024 512 1 0.2722405493259430
1024 512 1 0.3173584342002869
1024 512 1 0.2784187197685242
1024 512 1 0.2752948999404907
1024 512 1 0.2832504808902740
1024 512 1 0.2435082048177719
1024 512 1 0.3183816969394684
1024 512 1 0.2868991196155548
1024 512 1 0.3133097589015961
1024 512 1 0.2530027925968170
1024 512 1 0.3225480020046234
1024 512 1 0.2702719867229462
1024 512 1 0.2895072698593140
1024 512 1 0.2856573462486267
1024 512 1 0.2779822051525116
1024 512 1 0.3024328351020813
1024 512 1 0.3061614036560059
1024 512 1 0.2998829185962677
1024 512 1 0.3508670330047607
1024 512 1 0.2753875851631165
1024 512 1 0.3433287143707275
1024 512 1 0.3059883117675781
1024 512 1 0.2863267362117767
1024 512 1 0.3363321423530579
1024 512 1 0.3043958246707916
1024 512 1 0.3222412168979645
1024 512 1 0.3505628108978271
2048 4 1 0.6165621280670166
2048 4 1 0.4840135276317596
2048 4 1 0.6252934932708740
2048 4 1 0.6267530918121338
2048 4 1 0.5378739237785339
2048 4 1 0.6280034780502319
2048 4 1 0.5298000574111938
2048 4 1 0.6216114163398743
2048 4 1 0.5062381625175476
2048 4 1 0.5505470037460327
2048 4 1 0.5545175075531006
2048 4 1 0.6951110363006592
2048 4 1 0.6669098734855652
2048 4 1 0.7048355937004089
2048 4 1 0.7843470573425293
2048 4 1 0.4624902606010437
2048 4 1 0.6670486927032471
2048 4 1 0.6047962307929993
2048 4 1 0.7739571332931519
2048 4 1 0.7504680156707764
2048 4 1 0.5489493608474731
2048 4 1 0.6818781495094299
2048 4 1 0.4504357278347015
2048 4 1 0.6802588701248169
2048 4 1 0.5844827294349670
2048 4 1 0.6768146753311157
2048 4 1 0.5021920800209045
2048 4 1 0.5503015518188477
2048 4 1 0.6735430359840393
2048 4 1 0.7202014327049255
2048 4 1 0.6857141256332397
2048 4 1 0.4737767279148102
2048 4 1 0.8284837603569031
2048 4 1 0.4109397232532501
2048 4 1 0.4336303472518921
2048 4 1 0.6304050683975220
2048 4 1 0.6145132184028625
2048 4 1 0.5499070882797241
2048 4 1 0.4969346225261688
2048 4 1 0.6148385405540466
2048 4 1 0.6224218010902405
2048 4 1 0.6440208554267883
2048 4 1 0.8267427086830139
2048 4 1 0.7489343285560608
2048 4 1 0.7584972381591797
2048 4 1 0.6018453836441040
2048 4 1 0.8122153282165527
2048 4 1 0.5878512859344482
2048 4 1 0.5517377853393555
2048 4 1 0.5552353858947754
2048 4 1 0.7349843382835388
2048 4 1 0.7348175644874573
2048 4 1 0.6436911821365356
2048 4 1 0.6325134634971619
2048 4 1 0.7443624138832092
2048 4 1 0.6997471451759338
2048 4 1 0.5875914692878723
2048 4 1 0.5656374096870422
2048 4 1 0.6392030119895935
2048 4 1 0.5929283499717712
2048 4 1 0.6442491412162781
2048 4 1 0.5158162713050842
2048 4 1 0.5178955197334290
2048 4 1 0.6338896155357361
2048 4 1 0.7919092774391174
2048 4 1 0.5394228100776672
2048 4 1 0.5738371014595032
2048 4 1 0.5868887901306152
2048 4 1 0.8006668090820312
2048 4 1 0.6729792952537537
2048 4 1 0.9805722236633301
2048 4 1 0.8969771862030029
2048 4 1 0.5420532822608948
2048 4 1 0.5378059744834900
2048 4 1 0.6133573055267334
2048 4 1 0.8405553698539734
2048 4 1 0.5694459080696106
2048 4 1 0.4862519204616547
2048 4 1 0.5731114149093628
2048 4 1 0.5213504433631897
2048 4 1 0.5253660082817078
2048 4 1 0.6156986951828003
2048 4 1 0.4022214412689209
2048 4 1 0.8056125044822693
2048 4 1 0.8660093545913696
2048 4 1 0.6182748675346375
2048 4 1 0.8328049182891846
2048 4 1 0.6971054673194885
2048 4 1 0.6549932956695557
2048 4 1 0.6254494786262512
2048 4 1 0.5421473383903503
2048 4 1 0.4825972020626068
2048 4 1 0.5463439822196960
2048 4 1 0.5748466253280640
2048 4 1 0.5369015336036682
2048 4 1 0.4831129312515259
2048 4 1 0.5045049190521240
2048 4 1 0.6170909404754639
2048 4 1 0.8078729510307312
2048 4 1 0.8162680864334106
2048 8 1 0.4572181403636932
2048 8 1 0.5379736423492432
2048 8 1 0.4113065600395203
2048 8 1 0.5072952508926392
2048 8 1 0.5157625079154968
2048 8 1 0.4196081459522247
2048 8 1 0.4775436818599701
2048 8 1 0.4871402978897095
2048 8 1 0.5374515652656555
2048 8 1 0.4623053669929504
2048 8 1 0.6582444906234741
2048 8 1 0.4483062028884888
2048 8 1 0.5114765763282776
2048 8 1 0.5649568438529968
2048 8 1 0.5272981524467468
2048 8 1 0.4308476150035858
2048 8 1 0.5425139665603638
2048 8 1 0.5043402314186096
2048 8 1 0.4917183816432953
2048 8 1 0.5897082090377808
2048 8 1 0.4405803680419922
2048 8 1 0.5282468199729919
2048 8 1 0.4820095002651215
2048 8 1 0.6599204540252686
2048 8 1 0.6304337978363037
2048 8 1 0.4769578874111176
2048 8 1 0.5318210721015930
2048 8 1 0.5010692477226257
2048 8 1 0.5199503898620605
2048 8 1 0.6243506073951721
2048 8 1 0.4764779806137085
2048 8 1 0.5105219483375549
2048 8 1 0.5912023186683655
2048 8 1 0.5026957392692566
2048 8 1 0.5228440165519714
2048 8 1 0.5019490718841553
2048 8 1 0.5062057375907898
2048 8 1 0.5602451562881470
2048 8 1 0.4577872157096863
2048 8 1 0.4855287969112396
2048 8 1 0.4605693519115448
2048 8 1 0.5353918075561523
2048 8 1 0.4848171174526215
2048 8 1 0.6113033890724182
2048 8 1 0.4499593079090118
2048 8 1 0.5489959716796875
2048 8 1 0.5172732472419739
2048 8 1 0.5432665944099426
2048 8 1 0.4576442837715149
2048 8 1 0.5060975551605225
2048 8 1 0.6501033306121826
2048 8 1 0.5494347214698792
2048 8 1 0.4160306155681610
2048 8 1 0.5414381027221680
2048 8 1 0.4833635091781616
2048 8 1 0.4867959320545197
2048 8 1 0.5365043282508850
2048 8 1 0.4103148281574249
2048 8 1 0.5830930471420288
2048 8 1 0.4630191028118134
2048 8 1 0.4917587041854858
2048 8 1 0.4721042215824127
2048 8 1 0.4300350248813629
2048 8 1 0.3814805746078491
2048 8 1 0.4746606051921844
2048 8 1 0.4688532352447510
2048 8 1 0.4886442422866821
2048 8 1 0.5183020234107971
2048 8 1 0.4265649914741516
2048 8 1 0.4551390707492828
2048 8 1 0.4924454092979431
2048 8 1 0.5037189126014709
2048 8 1 0.4847300052642822
2048 8 1 0.5515199899673462
2048 8 1 0.5613764524459839
2048 8 1 0.4374752938747406
2048 8 1 0.4710962772369385
2048 8 1 0.5176606178283691
2048 8 1 0.4644386172294617
2048 8 1 0.6035369634628296
2048 8 1 0.7674959301948547
2048 8 1 0.4705422222614288
2048 8 1 0.4561828374862671
2048 8 1 0.4390335977077484
2048 8 1 0.6166200041770935
2048 8 1 0.5094001293182373
2048 8 1 0.5281147956848145
2048 8 1 0.4933338165283203
2048 8 1 0.4787283241748810
2048 8 1 0.4471788406372070
2048 8 1 0.5597299337387085
2048 8 1 0.5697305798530579
2048 8 1 0.6136941313743591
2048 8 1 0.4806236922740936
2048 8 1 0.6001737713813782
2048 8 1 0.4562062323093414
2048 8 1 0.4460875391960144
2048 8 1 0.6270504593849182
2048 8 1 0.6177952885627747
2048 8 1 0.4246650338172913
2048 16 1 0.4064821004867554
2048 16 1 0.4136470556259155
2048 16 1 0.4404821097850800
2048 16 1 0.4163698256015778
2048 16 1 0.4776798188686371
2048 16 1 0.4274938106536865
2048 16 1 0.4877077937126160
2048 16 1 0.4661396741867065
2048 16 1 0.3854755759239197
2048 16 1 0.4271043539047241
2048 16 1 0.4103391170501709
2048 16 1 0.3859569132328033
2048 16 1 0.4446274936199188
2048 16 1 0.4104910790920258
2048 16 1 0.4101260900497437
2048 16 1 0.5546514987945557
2048 16 1 0.3934662640094757
2048 16 1 0.4741439819335938
2048 16 1 0.4615002870559692
2048 16 1 0.4577152132987976
2048 16 1 0.5696709156036377
2048 16 1 0.4992204010486603
2048 16 1 0.4240496158599854
2048 16 1 0.4430489242076874
2048 16 1 0.4182060956954956
2048 16 1 0.5519743561744690
2048 16 1 0.4315811097621918
2048 16 1 0.4477034807205200
2048 16 1 0.4001216590404510
2048 16 1 0.4679363667964935
2048 16 1 0.4029352664947510
2048 16 1 0.4434238076210022
2048 16 1 0.3892681598663330
2048 16 1 0.4129804968833923
2048 16 1 0.4124849438667297
2048 16 1 0.3907153010368347
2048 16 1 0.3899220526218414
2048 16 1 0.3837055861949921
2048 16 1 0.4603579044342041
2048 16 1 0.5601374506950378
2048 16 1 0.3695911169052124
2048 16 1 0.4314709007740021
2048 16 1 0.4110431969165802
2048 16 1 0.3844819366931915
2048 16 1 0.3972034752368927
2048 16 1 0.4570699632167816
2048 16 1 0.4143616855144501
2048 16 1 0.3772881031036377
2048 16 1 0.4550698995590210
2048 16 1 0.4928846061229706
2048 16 1 0.3892039954662323
2048 16 1 0.3664943575859070
2048 16 1 0.3761378526687622
2048 16 1 0.4770713746547699
2048 16 1 0.4011512398719788
2048 16 1 0.3959895372390747
2048 16 1 0.4244622290134430
2048 16 1 0.3717159628868103
2048 16 1 0.4775345921516418
2048 16 1 0.3916636407375336
2048 16 1 0.4213477671146393
2048 16 1 0.4111236333847046
2048 16 1 0.4584273099899292
2048 16 1 0.4510925412178040
2048 16 1 0.3527423143386841
2048 16 1 0.5062012076377869
2048 16 1 0.4466229379177094
2048 16 1 0.3649190068244934
2048 16 1 0.3796605169773102
2048 16 1 0.4645488858222961
2048 16 1 0.4017666280269623
2048 16 1 0.4156994521617889
2048 16 1 0.4594895541667938
2048 16 1 0.4258205890655518
2048 16 1 0.5170622467994690
2048 16 1 0.4918335974216461
2048 16 1 0.4229038655757904
2048 16 1 0.3459201157093048
2048 16 1 0.4526285231113434
2048 16 1 0.4532915353775024
2048 16 1 0.4251737892627716
2048 16 1 0.4178070127964020
2048 16 1 0.4612743854522705
2048 16 1 0.4149008691310883
2048 16 1 0.4747035503387451
2048 16 1 0.4413050413131714
2048 16 1 0.4586910605430603
2048 16 1 0.4900124669075012
2048 16 1 0.4099201560020447
2048 16 1 0.4268674552440643
2048 16 1 0.5095239877700806
2048 16 1 0.3686901032924652
2048 16 1 0.4252074956893921
2048 16 1 0.4213478863239288
2048 16 1 0.5076685547828674
2048 16 1 0.4691787064075470
2048 16 1 0.4461061954498291
2048 16 1 0.4347316324710846
2048 16 1 0.3905883431434631
2048 16 1 0.4703935980796814
2048 32 1 0.3907196521759033
2048 32 1 0.3676293194293976
2048 32 1 0.3168059289455414
2048 32 1 0.3439084887504578
2048 32 1 0.4033268988132477
2048 32 1 0.4321717917919159
2048 32 1 0.4049308300018311
2048 32 1 0.3391541242599487
2048 32 1 0.3190408945083618
2048 32 1 0.3742370903491974
2048 32 1 0.3717377781867981
2048 32 1 0.3572411239147186
2048 32 1 0.3638277053833008
2048 32 1 0.4215275049209595
2048 32 1 0.3687093853950500
2048 32 1 0.3848448097705841
2048 32 1 0.3455858528614044
2048 32 1 0.3550527095794678
2048 32 1 0.3563689291477203
2048 32 1 0.3728283941745758
2048 32 1 0.4299341142177582
2048 32 1 0.3963370919227600
2048 32 1 0.3984763622283936
2048 32 1 0.3494348526000977
2048 32 1 0.3252108097076416
2048 32 1 0.4427408576011658
2048 32 1 0.4168288707733154
2048 32 1 0.3873802125453949
2048 32 1 0.4356974363327026
2048 32 1 0.4262428581714630
2048 32 1 0.3791104555130005
2048 32 1 0.4110307693481445
2048 32 1 0.3721906542778015
2048 32 1 0.4197769165039062
2048 32 1 0.3576892018318176
2048 32 1 0.3862950503826141
2048 32 1 0.3575825095176697
2048 32 1 0.3779436051845551
2048 32 1 0.3767636120319366
2048 32 1 0.3467023074626923
2048 32 1 0.3386592566967010
2048 32 1 0.5349649190902710
2048 32 1 0.3222302496433258
2048 32 1 0.3929381668567657
2048 32 1 0.4042474031448364
2048 32 1 0.4155933856964111
2048 32 1 0.4283420443534851
2048 32 1 0.4404961764812469
2048 32 1 0.4387934207916260
2048 32 1 0.4086543023586273
2048 32 1 0.3670782148838043
2048 32 1 0.4803114235401154
2048 32 1 0.3456898629665375
2048 32 1 0.3977873623371124
2048 32 1 0.3364197611808777
2048 32 1 0.3842774331569672
2048 32 1 0.3446456789970398
2048 32 1 0.3463440239429474
2048 32 1 0.4505895674228668
2048 32 1 0.3404017984867096
2048 32 1 0.3808614611625671
2048 32 1 0.4096173346042633
2048 32 1 0.3593080937862396
2048 32 1 0.3717353940010071
2048 32 1 0.3876794874668121
2048 32 1 0.3691903650760651
2048 32 1 0.4691130816936493
2048 32 1 0.3387878835201263
2048 32 1 0.3663800358772278
2048 32 1 0.3812493383884430
2048 32 1 0.4667013585567474
2048 32 1 0.4321711659431458
2048 32 1 0.4731377363204956
2048 32 1 0.2989802062511444
2048 32 1 0.4001289606094360
2048 32 1 0.4278543889522552
2048 32 1 0.3372890949249268
2048 32 1 0.3304918408393860
2048 32 1 0.4484703540802002
2048 32 1 0.3589123785495758
2048 32 1 0.3304876983165741
2048 32 1 0.3616866171360016
2048 32 1 0.4041170775890350
2048 32 1 0.4205304384231567
2048 32 1 0.4018107652664185
2048 32 1 0.4728367328643799
2048 32 1 0.4148458540439606
2048 32 1 0.3975785076618195
2048 32 1 0.4087794125080109
2048 32 1 0.4343117773532867
2048 32 1 0.4388085603713989
2048 32 1 0.3542680442333221
2048 32 1 0.3883475065231323
2048 32 1 0.3770285546779633
2048 32 1 0.4017306864261627
2048 32 1 0.4266054034233093
2048 32 1 0.3455767035484314
2048 32 1 0.3844282031059265
2048 32 1 0.4061312377452850
2048 32 1 0.4558929502964020
2048 64 1 0.3353125751018524
2048 64 1 0.3389733135700226
2048 64 1 0.3114490509033203
2048 64 1 0.4032226502895355
2048 64 1 0.3481458723545074
2048 64 1 0.3811963796615601
2048 64 1 0.3773085474967957
2048 64 1 0.3953016400337219
2048 64 1 0.3760485351085663
2048 64 1 0.3200174272060394
2048 64 1 0.3797461986541748
2048 64 1 0.3944233953952789
2048 64 1 0.4094823002815247
2048 64 1 0.3637164235115051
2048 64 1 0.3365865647792816
2048 64 1 0.3421480953693390
2048 64 1 0.3551887571811676
2048 64 1 0.3807120025157928
2048 64 1 0.3033965229988098
2048 64 1 0.3288642168045044
2048 64 1 0.3886495232582092
2048 64 1 0.3449573516845703
2048 64 1 0.2722955048084259
2048 64 1 0.3732814788818359
2048 64 1 0.3742041885852814
2048 64 1 0.3272565603256226
2048 64 1 0.3178280293941498
2048 64 1 0.3553341329097748
2048 64 1 0.3366347551345825
2048 64 1 0.3598466217517853
2048 64 1 0.3412247598171234
2048 64 1 0.2796608805656433
2048 64 1 0.3570599853992462
2048 64 1 0.3665460348129272
2048 64 1 0.3875942230224609
2048 64 1 0.3007842004299164
2048 64 1 0.3120172619819641
2048 64 1 0.3855667412281036
2048 64 1 0.3119752407073975
2048 64 1 0.3613672256469727
2048 64 1 0.3262038826942444
2048 64 1 0.3399211168289185
2048 64 1 0.3630997836589813
2048 64 1 0.3658219575881958
2048 64 1 0.3996671438217163
2048 64 1 0.4113951623439789
2048 64 1 0.4098855555057526
2048 64 1 0.3422548770904541
2048 64 1 0.3976202905178070
2048 64 1 0.3083675801753998
2048 64 1 0.3148878812789917
2048 64 1 0.3178244233131409
2048 64 1 0.3774097561836243
2048 64 1 0.3767483830451965
2048 64 1 0.3581870198249817
2048 64 1 0.3339516520500183
2048 64 1 0.3538109958171844
2048 64 1 0.3557284176349640
2048 64 1 0.3590656518936157
2048 64 1 0.3906339406967163
2048 64 1 0.3521710932254791
2048 64 1 0.3983231484889984
2048 64 1 0.3842857778072357
2048 64 1 0.3466096520423889
2048 64 1 0.3460263311862946
2048 64 1 0.3575752973556519
2048 64 1 0.3546634614467621
2048 64 1 0.3260140120983124
2048 64 1 0.3815272450447083
2048 64 1 0.3622924387454987
2048 64 1 0.3670220971107483
2048 64 1 0.3758157789707184
2048 64 1 0.3603019416332245
2048 64 1 0.3423848450183868
2048 64 1 0.2969507277011871
2048 64 1 0.3756911754608154
2048 64 1 0.3844877183437347
2048 64 1 0.3267779052257538
2048 64 1 0.4042533636093140
2048 64 1 0.3576861917972565
2048 64 1 0.3391843140125275
2048 64 1 0.3591648042201996
2048 64 1 0.3690537214279175
2048 64 1 0.3603147566318512
2048 64 1 0.3745548129081726
2048 64 1 0.3552225530147552
2048 64 1 0.3463348150253296
2048 64 1 0.3875865936279297
2048 64 1 0.3320979177951813
2048 64 1 0.3055917322635651
2048 64 1 0.3928698301315308
2048 64 1 0.3577040135860443
2048 64 1 0.3531345427036285
2048 64 1 0.3598161637783051
2048 64 1 0.3346382975578308
2048 64 1 0.3420196175575256
2048 64 1 0.3717705905437469
2048 64 1 0.3932408988475800
2048 64 1 0.3654888272285461
2048 64 1 0.3581560850143433
2048 128 1 0.3349707126617432
2048 128 1 0.2913247942924500
2048 128 1 0.3412075936794281
2048 128 1 0.3111538887023926
2048 128 1 0.3379817903041840
2048 128 1 0.3233377337455750
2048 128 1 0.3109616339206696
2048 128 1 0.2602139711380005
2048 128 1 0.3253313004970551
2048 128 1 0.3743496835231781
2048 128 1 0.3476075232028961
2048 128 1 0.3198698759078979
2048 128 1 0.3414836227893829
2048 128 1 0.3450291454792023
2048 128 1 0.3732949793338776
2048 128 1 0.3584462702274323
2048 128 1 0.3213723301887512
2048 128 1 0.3592481613159180
2048 128 1 0.3315618634223938
2048 128 1 0.2966426908969879
2048 128 1 0.3604712784290314
2048 128 1 0.3650843799114227
2048 128 1 0.3350608050823212
2048 128 1 0.3088219165802002
2048 128 1 0.3606936931610107
2048 128 1 0.3400257527828217
2048 128 1 0.3092210888862610
2048 128 1 0.3406534492969513
2048 128 1 0.2948178350925446
2048 128 1 0.4058963060379028
2048 128 1 0.3925045132637024
2048 128 1 0.3525795340538025
2048 128 1 0.3207020163536072
2048 128 1 0.3185922503471375
2048 128 1 0.3232299685478210
2048 128 1 0.3190556168556213
2048 128 1 0.3575770556926727
2048 128 1 0.3083421587944031
2048 128 1 0.3387567996978760
2048 128 1 0.3440664708614349
2048 128 1 0.3486314713954926
2048 128 1 0.2731375694274902
2048 128 1 0.3499944806098938
2048 128 1 0.3043092489242554
2048 128 1 0.3700398206710815
2048 128 1 0.3201918900012970
2048 128 1 0.3184310197830200
2048 128 1 0.3071548938751221
2048 128 1 0.3271997570991516
2048 128 1 0.3060158789157867
2048 128 1 0.3096990585327148
2048 128 1 0.3130506873130798
2048 128 1 0.3335181176662445
2048 128 1 0.3398554921150208
2048 128 1 0.3755227923393250
2048 128 1 0.3040086925029755
2048 128 1 0.3642652630805969
2048 128 1 0.4318714141845703
2048 128 1 0.3040111064910889
2048 128 1 0.3156424462795258
2048 128 1 0.2813104987144470
2048 128 1 0.3215514421463013
2048 128 1 0.3429994583129883
2048 128 1 0.3647917509078979
2048 128 1 0.3244126141071320
2048 128 1 0.3310523629188538
2048 128 1 0.3125115036964417
2048 128 1 0.3276628255844116
2048 128 1 0.3224201202392578
2048 128 1 0.3344827592372894
2048 128 1 0.3837363123893738
2048 128 1 0.4006339311599731
2048 128 1 0.2957156300544739
2048 128 1 0.3095735609531403
2048 128 1 0.2785654962062836
2048 128 1 0.3223895728588104
2048 128 1 0.3697872459888458
2048 128 1 0.3065733909606934
2048 128 1 0.3453653454780579
2048 128 1 0.2809704542160034
2048 128 1 0.3356311917304993
2048 128 1 0.3455755114555359
2048 128 1 0.2845354378223419
2048 128 1 0.3005937933921814
2048 128 1 0.3651139736175537
2048 128 1 0.2910147905349731
2048 128 1 0.3718809187412262
2048 128 1 0.3897212147712708
2048 128 1 0.2935223281383514
2048 128 1 0.3446412384510040
2048 128 1 0.3350135684013367
2048 128 1 0.3162314891815186
2048 128 1 0.3085144162178040
2048 128 1 0.3351965248584747
2048 128 1 0.3429583013057709
2048 128 1 0.3852481842041016
2048 128 1 0.3385766148567200
2048 128 1 0.3035899102687836
2048 128 1 0.3540187776088715
2048 128 1 0.3022197484970093
2048 256 1 0.2979938089847565
2048 256 1 0.2805216908454895
2048 256 1 0.3247755169868469
2048 256 1 0.3496435880661011
2048 256 1 0.2925963401794434
2048 256 1 0.2741167545318604
2048 256 1 0.2847107052803040
2048 256 1 0.3105185031890869
2048 256 1 0.2903653979301453
2048 256 1 0.3352503180503845
2048 256 1 0.2891158759593964
2048 256 1 0.2803219854831696
2048 256 1 0.3082055449485779
2048 256 1 0.3364758193492889
2048 256 1 0.3038616478443146
2048 256 1 0.2805934250354767
2048 256 1 0.3369264602661133
2048 256 1 0.2970667183399200
2048 256 1 0.3101427555084229
2048 256 1 0.3303385078907013
2048 256 1 0.3112916350364685
2048 256 1 0.3087153136730194
2048 256 1 0.3022913038730621
2048 256 1 0.3186365962028503
2048 256 1 0.2835831344127655
2048 256 1 0.3234581649303436
2048 256 1 0.2869190871715546
2048 256 1 0.3052279949188232
2048 256 1 0.2968487441539764
2048 256 1 0.3145004510879517
2048 256 1 0.3281280398368835
2048 256 1 0.3139372169971466
2048 256 1 0.2866652607917786
2048 256 1 0.3065720498561859
2048 256 1 0.3071673214435577
2048 256 1 0.3261244297027588
2048 256 1 0.2782503068447113
2048 256 1 0.3140264153480530
2048 256 1 0.3355089426040649
2048 256 1 0.2532176971435547
2048 256 1 0.2860725224018097
2048 256 1 0.2901210784912109
2048 256 1 0.2913613319396973
2048 256 1 0.3203227519989014
2048 256 1 0.3089076280593872
2048 256 1 0.3044676482677460
2048 256 1 0.2621243894100189
2048 256 1 0.2419579625129700
2048 256 1 0.2843972146511078
2048 256 1 0.2848169207572937
2048 256 1 0.3277189135551453
2048 256 1 0.3449043333530426
2048 256 1 0.3035013079643250
2048 256 1 0.3228133022785187
2048 256 1 0.3315201103687286
2048 256 1 0.3114086091518402
2048 256 1 0.3169284760951996
2048 256 1 0.3397299647331238
2048 256 1 0.3451108634471893
2048 256 1 0.2935984432697296
2048 256 1 0.3410147428512573
2048 256 1 0.2929594814777374
2048 256 1 0.2750408351421356
2048 256 1 0.2869359850883484
2048 256 1 0.3171490430831909
2048 256 1 0.2917063236236572
2048 256 1 0.2908997237682343
2048 256 1 0.3103979527950287
2048 256 1 0.2808977067470551
2048 256 1 0.3251891434192657
2048 256 1 0.3088124692440033
2048 256 1 0.2888723611831665
2048 256 1 0.3479498624801636
2048 256 1 0.3084097802639008
2048 256 1 0.3360338509082794
2048 256 1 0.3268783688545227
2048 256 1 0.2967133522033691
2048 256 1 0.2819856703281403
2048 256 1 0.3362786769866943
2048 256 1 0.3540684580802917
2048 256 1 0.3176250457763672
2048 256 1 0.3205925822257996
2048 256 1 0.3246504068374634
2048 256 1 0.3571940362453461
2048 256 1 0.3368614614009857
2048 256 1 0.3902255594730377
2048 256 1 0.2815159261226654
2048 256 1 0.2719331681728363
2048 256 1 0.2899281978607178
2048 256 1 0.3436341583728790
2048 256 1 0.2660920023918152
2048 256 1 0.3094764649868011
2048 256 1 0.3221243917942047
2048 256 1 0.2908181846141815
2048 256 1 0.2685408592224121
2048 256 1 0.2993475794792175
2048 256 1 0.2775505781173706
2048 256 1 0.3034648299217224
2048 256 1 0.3255042731761932
2048 256 1 0.3002430200576782
2048 512 1 0.2678451240062714
2048 512 1 0.2876179218292236
2048 512 1 0.2924347221851349
2048 512 1 0.2872718572616577
2048 512 1 0.2932637929916382
2048 512 1 0.2796641290187836
2048 512 1 0.2738168537616730
2048 512 1 0.2567928731441498
2048 512 1 0.2680340707302094
2048 512 1 0.2779713869094849
2048 512 1 0.2644792497158051
2048 512 1 0.2632384598255157
2048 512 1 0.3068141937255859
2048 512 1 0.2681401669979095
2048 512 1 0.2895900607109070
2048 512 1 0.2735132873058319
2048 512 1 0.2836773991584778
2048 512 1 0.2842892408370972
2048 512 1 0.2668955922126770
2048 512 1 0.2886590957641602
2048 512 1 0.3019459247589111
2048 512 1 0.3205110430717468
2048 512 1 0.3139311373233795
2048 512 1 0.3103221058845520
2048 512 1 0.2996139824390411
2048 512 1 0.2772680222988129
2048 512 1 0.2843190431594849
2048 512 1 0.2916645705699921
2048 512 1 0.2421806454658508
2048 512 1 0.2892417013645172
2048 512 1 0.2937417924404144
2048 512 1 0.2987785935401917
2048 512 1 0.2854329645633698
2048 512 1 0.2659071981906891
2048 512 1 0.3175859153270721
2048 512 1 0.2633495926856995
2048 512 1 0.2600675821304321
2048 512 1 0.2725585401058197
2048 512 1 0.2936377823352814
2048 512 1 0.2767312526702881
2048 512 1 0.2599397897720337
2048 512 1 0.2679772377014160
2048 512 1 0.2811124920845032
2048 512 1 0.3003687560558319
2048 512 1 0.3157228231430054
2048 512 1 0.2669027745723724
2048 512 1 0.2691601812839508
2048 512 1 0.2753378748893738
2048 512 1 0.2578417658805847
2048 512 1 0.2790312469005585
2048 512 1 0.3499979376792908
2048 512 1 0.2513095736503601
2048 512 1 0.2744607627391815
2048 512 1 0.2900993227958679
2048 512 1 0.2769255638122559
2048 512 1 0.2613249719142914
2048 512 1 0.2581966221332550
2048 512 1 0.2930280566215515
2048 512 1 0.2813714146614075
2048 512 1 0.2943086326122284
2048 512 1 0.2588262856006622
2048 512 1 0.2630525827407837
2048 512 1 0.2684483230113983
2048 512 1 0.2575140893459320
2048 512 1 0.2830436825752258
2048 512 1 0.2745625376701355
2048 512 1 0.2806696891784668
2048 512 1 0.2850098609924316
2048 512 1 0.2642482817173004
2048 512 1 0.2676524519920349
2048 512 1 0.2907322049140930
2048 512 1 0.2871166169643402
2048 512 1 0.2906754612922668
2048 512 1 0.2799949944019318
2048 512 1 0.2713817656040192
2048 512 1 0.2288000881671906
2048 512 1 0.2829310297966003
2048 512 1 0.2955523133277893
2048 512 1 0.2904367148876190
2048 512 1 0.2722673714160919
2048 512 1 0.3120917975902557
2048 512 1 0.3098894357681274
2048 512 1 0.2830495536327362
2048 512 1 0.3221365809440613
2048 512 1 0.2858147621154785
2048 512 1 0.2862377166748047
2048 512 1 0.2880811393260956
2048 512 1 0.2790432870388031
2048 512 1 0.2874829471111298
2048 512 1 0.2845022082328796
2048 512 1 0.2925645709037781
2048 512 1 0.2920333147048950
2048 512 1 0.2786520719528198
2048 512 1 0.2655260562896729
2048 512 1 0.3205132186412811
2048 512 1 0.2883645594120026
2048 512 1 0.2898061871528625
2048 512 1 0.2687792181968689
2048 512 1 0.2949951291084290
2048 512 1 0.2481025308370590
