N m t e
4 4 1 31.3249835968017578
4 4 1 7.4763293266296387
4 4 1 143.7396392822265625
4 4 1 36.0307312011718750
4 4 1 166.7735290527343750
4 4 1 70.7395172119140625
4 4 1 148.4373016357421875
4 4 1 96.8764038085937500
4 4 1 42.3341560363769531
4 4 1 52.2991027832031250
4 4 1 31.8830242156982422
4 4 1 94.8376693725585938
4 4 1 132.8039855957031250
4 4 1 48.4912147521972656
4 4 1 28.9574069976806641
4 4 1 99.2503204345703125
4 4 1 281.0628051757812500
4 4 1 229.7078247070312500
4 4 1 228.9726867675781250
4 4 1 67.8458023071289062
4 4 1 30.2666454315185547
4 4 1 30.6840820312500000
4 4 1 65.6037521362304688
4 4 1 9.9066410064697266
4 4 1 22.9152221679687500
4 4 1 42.5362358093261719
4 4 1 12.4740324020385742
4 4 1 11.0841598510742188
4 4 1 139.1601257324218750
4 4 1 48.3942832946777344
4 4 1 79.0921783447265625
4 4 1 78.9388427734375000
4 4 1 26.2300243377685547
4 4 1 3.8751163482666016
4 4 1 15.8736085891723633
4 4 1 51.2420120239257812
4 4 1 75.3984832763671875
4 4 1 17.3321304321289062
4 4 1 46.8650474548339844
4 4 1 169.3367614746093750
4 4 1 21.7309074401855469
4 4 1 150.3945007324218750
4 4 1 21.5253372192382812
4 4 1 43.8574905395507812
4 4 1 80.6495666503906250
4 4 1 174.1758575439453125
4 4 1 69.1362609863281250
4 4 1 140.5004119873046875
4 4 1 23.6721038818359375
4 4 1 14.0323648452758789
4 4 1 49.8123931884765625
4 4 1 502.6548156738281250
4 4 1 61.0407943725585938
4 4 1 338.3217468261718750
4 4 1 13.7168369293212891
4 4 1 266.4249877929687500
4 4 1 23.1953468322753906
4 4 1 22.7152080535888672
4 4 1 117.6894760131835938
4 4 1 86.2491760253906250
4 4 1 95.4866180419921875
4 4 1 56.1982307434082031
4 4 1 74.4785614013671875
4 4 1 66.5324096679687500
4 4 1 100.1372146606445312
4 4 1 37.4309997558593750
4 4 1 28.5317916870117188
4 4 1 354.0831909179687500
4 4 1 169.4058227539062500
4 4 1 66.1968994140625000
4 4 1 208.4099273681640625
4 4 1 31.2568798065185547
4 4 1 106.0035705566406250
4 4 1 298.0858154296875000
4 4 1 35.6933441162109375
4 4 1 1082.8590087890625000
4 4 1 228.1067810058593750
4 4 1 177.9562377929687500
4 4 1 39.2961196899414062
4 4 1 11.6411609649658203
4 4 1 240.2144470214843750
4 4 1 76.8665542602539062
4 4 1 10.0239830017089844
4 4 1 31.7156047821044922
4 4 1 85.5731124877929688
4 4 1 175.0582427978515625
4 4 1 26.5886898040771484
4 4 1 10.8773880004882812
4 4 1 33.4474983215332031
4 4 1 147.4613342285156250
4 4 1 112.1957702636718750
4 4 1 47.3435783386230469
4 4 1 37.4815979003906250
4 4 1 38.5437469482421875
4 4 1 206.6751098632812500
4 4 1 3.9954242706298828
4 4 1 38.2116622924804688
4 4 1 86.8718338012695312
4 4 1 253.8506622314453125
4 4 1 84.6411590576171875
4 8 1 457.5613403320312500
4 8 1 12.2190971374511719
4 8 1 79.8477859497070312
4 8 1 25.3189334869384766
4 8 1 175.1614074707031250
4 8 1 44.4791030883789062
4 8 1 35.5637168884277344
4 8 1 52.6855583190917969
4 8 1 25.7943000793457031
4 8 1 60.3508605957031250
4 8 1 41.5095863342285156
4 8 1 10.5191764831542969
4 8 1 40.0788536071777344
4 8 1 31.0499629974365234
4 8 1 126.8327255249023438
4 8 1 139.7605438232421875
4 8 1 60.7523651123046875
4 8 1 21.5737628936767578
4 8 1 321.8286437988281250
4 8 1 23.1336479187011719
4 8 1 22.3227767944335938
4 8 1 19.0926628112792969
4 8 1 39.6498489379882812
4 8 1 34.2147560119628906
4 8 1 69.3679809570312500
4 8 1 133.8809356689453125
4 8 1 31.7161750793457031
4 8 1 57.4730606079101562
4 8 1 18.1879940032958984
4 8 1 2.8013961315155029
4 8 1 85.8110122680664062
4 8 1 15.8562202453613281
4 8 1 34.1325988769531250
4 8 1 20.7938613891601562
4 8 1 36.0678405761718750
4 8 1 53.0349235534667969
4 8 1 125.0698699951171875
4 8 1 189.7351379394531250
4 8 1 29.5996627807617188
4 8 1 98.0198440551757812
4 8 1 61.5505409240722656
4 8 1 22.1326885223388672
4 8 1 95.0791397094726562
4 8 1 29.5519123077392578
4 8 1 7.4801788330078125
4 8 1 71.8346328735351562
4 8 1 63.7525825500488281
4 8 1 34.7407112121582031
4 8 1 13.3975296020507812
4 8 1 88.6798706054687500
4 8 1 27.4601287841796875
4 8 1 8.8371200561523438
4 8 1 49.4407730102539062
4 8 1 16.5087413787841797
4 8 1 74.8781967163085938
4 8 1 36.6056442260742188
4 8 1 14.9002017974853516
4 8 1 99.1180114746093750
4 8 1 101.9163360595703125
4 8 1 467.0389709472656250
4 8 1 109.7926864624023438
4 8 1 38.1942367553710938
4 8 1 29.2763786315917969
4 8 1 17.0713062286376953
4 8 1 28.7724895477294922
4 8 1 32.9401206970214844
4 8 1 68.6132736206054688
4 8 1 160.0113525390625000
4 8 1 5.8832545280456543
4 8 1 27.0756378173828125
4 8 1 37.3236465454101562
4 8 1 3.6137304306030273
4 8 1 53.1658020019531250
4 8 1 12.8474540710449219
4 8 1 23.4575710296630859
4 8 1 10.5058212280273438
4 8 1 16.0195083618164062
4 8 1 34.8745918273925781
4 8 1 24.5880393981933594
4 8 1 48.2602157592773438
4 8 1 22.4601173400878906
4 8 1 36.7550506591796875
4 8 1 24.3838005065917969
4 8 1 8.4973020553588867
4 8 1 46.4061317443847656
4 8 1 21.9900951385498047
4 8 1 7.6704077720642090
4 8 1 467.3224487304687500
4 8 1 40.4244003295898438
4 8 1 30.6075496673583984
4 8 1 30.2314834594726562
4 8 1 11.6853628158569336
4 8 1 5.7242121696472168
4 8 1 207.4777679443359375
4 8 1 119.5674133300781250
4 8 1 16.0984268188476562
4 8 1 13.9060325622558594
4 8 1 38.4882774353027344
4 8 1 22.4420680999755859
4 8 1 8.0163221359252930
4 16 1 5.1607689857482910
4 16 1 10.0855369567871094
4 16 1 98.3113784790039062
4 16 1 17.3816757202148438
4 16 1 7.4642601013183594
4 16 1 41.7651863098144531
4 16 1 2.1254656314849854
4 16 1 21.0447769165039062
4 16 1 21.3610343933105469
4 16 1 17.3084869384765625
4 16 1 12.4581613540649414
4 16 1 9.0046529769897461
4 16 1 2.5900185108184814
4 16 1 47.5340118408203125
4 16 1 34.8186302185058594
4 16 1 28.3984966278076172
4 16 1 13.1570243835449219
4 16 1 36.3291625976562500
4 16 1 36.0668716430664062
4 16 1 3.0402097702026367
4 16 1 29.1291923522949219
4 16 1 23.5170898437500000
4 16 1 34.6451835632324219
4 16 1 8.6314773559570312
4 16 1 17.9331436157226562
4 16 1 11.3732023239135742
4 16 1 5.8846340179443359
4 16 1 7.1524901390075684
4 16 1 20.0586338043212891
4 16 1 3.1815762519836426
4 16 1 25.9947052001953125
4 16 1 8.2187881469726562
4 16 1 35.1522865295410156
4 16 1 9.3461303710937500
4 16 1 15.8485765457153320
4 16 1 119.2759246826171875
4 16 1 5.6253538131713867
4 16 1 127.5516281127929688
4 16 1 2.2403836250305176
4 16 1 23.4577903747558594
4 16 1 19.8514022827148438
4 16 1 2.0162744522094727
4 16 1 75.1501846313476562
4 16 1 69.6465148925781250
4 16 1 83.7285614013671875
4 16 1 32.1269035339355469
4 16 1 14.7337675094604492
4 16 1 5.3675408363342285
4 16 1 3.1826517581939697
4 16 1 51.8174552917480469
4 16 1 31.5870513916015625
4 16 1 3.6868317127227783
4 16 1 2.3244085311889648
4 16 1 13.7281627655029297
4 16 1 52.8313674926757812
4 16 1 12.2716007232666016
4 16 1 26.6470527648925781
4 16 1 4.6459474563598633
4 16 1 4.8651914596557617
4 16 1 21.3798274993896484
4 16 1 7.2038722038269043
4 16 1 28.8944435119628906
4 16 1 21.9288177490234375
4 16 1 8.6594152450561523
4 16 1 62.7319793701171875
4 16 1 30.3248138427734375
4 16 1 55.2423210144042969
4 16 1 22.6907463073730469
4 16 1 17.3945999145507812
4 16 1 14.4256973266601562
4 16 1 24.4585590362548828
4 16 1 23.5982303619384766
4 16 1 14.2937936782836914
4 16 1 3.7494659423828125
4 16 1 732.0416259765625000
4 16 1 28.7819728851318359
4 16 1 7.6690273284912109
4 16 1 39.5099182128906250
4 16 1 23.3903369903564453
4 16 1 198.7793579101562500
4 16 1 2.8475716114044189
4 16 1 11.5486240386962891
4 16 1 31.2548847198486328
4 16 1 6.2572383880615234
4 16 1 9.7836160659790039
4 16 1 62.5704383850097656
4 16 1 57.2150688171386719
4 16 1 45.6047134399414062
4 16 1 29.2436618804931641
4 16 1 13.9805793762207031
4 16 1 19.9400310516357422
4 16 1 26.1600360870361328
4 16 1 28.2504100799560547
4 16 1 12.1704769134521484
4 16 1 24.9433937072753906
4 16 1 4.4999957084655762
4 16 1 13.7422828674316406
4 16 1 38.2782554626464844
4 16 1 12.6102218627929688
4 16 1 57.3470230102539062
4 32 1 4.9483337402343750
4 32 1 17.2922821044921875
4 32 1 12.0697317123413086
4 32 1 3.0786161422729492
4 32 1 3.5587551593780518
4 32 1 20.5174560546875000
4 32 1 1.6913677453994751
4 32 1 121.4261245727539062
4 32 1 7.2712888717651367
4 32 1 32.8295402526855469
4 32 1 2.7736542224884033
4 32 1 25.2081527709960938
4 32 1 23.8280048370361328
4 32 1 2.5844428539276123
4 32 1 7.8539533615112305
4 32 1 3.9522850513458252
4 32 1 1.4660325050354004
4 32 1 4.9991240501403809
4 32 1 8.8177480697631836
4 32 1 10.4521932601928711
4 32 1 1.7348434925079346
4 32 1 30.0347709655761719
4 32 1 15.3635082244873047
4 32 1 2.4705927371978760
4 32 1 3.6679618358612061
4 32 1 9.8799648284912109
4 32 1 11.1848917007446289
4 32 1 27.2037086486816406
4 32 1 1.5293716192245483
4 32 1 7.2545738220214844
4 32 1 4.3942370414733887
4 32 1 7.4733705520629883
4 32 1 9.3919734954833984
4 32 1 8.3017826080322266
4 32 1 3.3130526542663574
4 32 1 2.0457959175109863
4 32 1 1.4243615865707397
4 32 1 18.2568454742431641
4 32 1 9.8448753356933594
4 32 1 3.8437762260437012
4 32 1 15.1974153518676758
4 32 1 10.0294046401977539
4 32 1 1.9283723831176758
4 32 1 41.8570556640625000
4 32 1 1.8548116683959961
4 32 1 6.6020832061767578
4 32 1 4.3118553161621094
4 32 1 4.5163440704345703
4 32 1 28.8398151397705078
4 32 1 12.6091060638427734
4 32 1 3.1543979644775391
4 32 1 2.9965631961822510
4 32 1 8.2783098220825195
4 32 1 12.5396890640258789
4 32 1 6.7661852836608887
4 32 1 2.8010177612304688
4 32 1 22.7081527709960938
4 32 1 4.2409315109252930
4 32 1 9.9879789352416992
4 32 1 17.6229782104492188
4 32 1 6.2569508552551270
4 32 1 2.2555916309356689
4 32 1 11.2905244827270508
4 32 1 8.1156940460205078
4 32 1 3.0636246204376221
4 32 1 2.9308948516845703
4 32 1 1.8413356542587280
4 32 1 2.9779708385467529
4 32 1 5.8158679008483887
4 32 1 6.8933610916137695
4 32 1 2.4225373268127441
4 32 1 7.4474277496337891
4 32 1 2.4753217697143555
4 32 1 1.2692661285400391
4 32 1 22.9100151062011719
4 32 1 2.9336264133453369
4 32 1 15.9602651596069336
4 32 1 4.7647743225097656
4 32 1 3.2266690731048584
4 32 1 11.5917520523071289
4 32 1 1.9346098899841309
4 32 1 1.7946132421493530
4 32 1 64.8747406005859375
4 32 1 9.2782869338989258
4 32 1 12.5109529495239258
4 32 1 2.0292470455169678
4 32 1 24.1723194122314453
4 32 1 7.8212800025939941
4 32 1 14.5616750717163086
4 32 1 13.2724790573120117
4 32 1 5.7855362892150879
4 32 1 6.0778932571411133
4 32 1 11.0978422164916992
4 32 1 10.2172260284423828
4 32 1 5.4666352272033691
4 32 1 7.5620493888854980
4 32 1 2.7737348079681396
4 32 1 5.2513122558593750
4 32 1 3.5024547576904297
4 32 1 3.0775852203369141
4 64 1 7.1784758567810059
4 64 1 3.7326004505157471
4 64 1 1.6614744663238525
4 64 1 2.9483067989349365
4 64 1 1.7624497413635254
4 64 1 3.2295620441436768
4 64 1 1.5126647949218750
4 64 1 3.2139847278594971
4 64 1 5.7322173118591309
4 64 1 1.6082253456115723
4 64 1 2.1803452968597412
4 64 1 2.3954591751098633
4 64 1 2.2495572566986084
4 64 1 2.9903879165649414
4 64 1 3.1322145462036133
4 64 1 1.3610359430313110
4 64 1 2.4851257801055908
4 64 1 1.0826224088668823
4 64 1 1.1602233648300171
4 64 1 2.1574807167053223
4 64 1 1.1833571195602417
4 64 1 2.5315597057342529
4 64 1 1.5194090604782104
4 64 1 3.9656708240509033
4 64 1 2.4168748855590820
4 64 1 1.4459477663040161
4 64 1 2.4322507381439209
4 64 1 1.4736965894699097
4 64 1 2.5059840679168701
4 64 1 3.2816438674926758
4 64 1 3.8427851200103760
4 64 1 3.5537762641906738
4 64 1 5.5744819641113281
4 64 1 1.3810822963714600
4 64 1 2.1324973106384277
4 64 1 2.3627452850341797
4 64 1 1.8329044580459595
4 64 1 2.6557073593139648
4 64 1 3.1802773475646973
4 64 1 2.6633195877075195
4 64 1 4.6744494438171387
4 64 1 5.7848620414733887
4 64 1 2.5324432849884033
4 64 1 5.4691820144653320
4 64 1 1.2450861930847168
4 64 1 1.7031179666519165
4 64 1 2.7154157161712646
4 64 1 2.3071582317352295
4 64 1 1.3665920495986938
4 64 1 1.5448244810104370
4 64 1 3.8995151519775391
4 64 1 2.8150081634521484
4 64 1 2.0066139698028564
4 64 1 2.9877860546112061
4 64 1 3.0920693874359131
4 64 1 3.2107431888580322
4 64 1 2.9464075565338135
4 64 1 4.4715981483459473
4 64 1 2.8444869518280029
4 64 1 1.5205119848251343
4 64 1 1.5292458534240723
4 64 1 3.3422884941101074
4 64 1 5.7819762229919434
4 64 1 3.2975256443023682
4 64 1 4.9865031242370605
4 64 1 2.9429984092712402
4 64 1 3.1718568801879883
4 64 1 1.5304007530212402
4 64 1 1.1421880722045898
4 64 1 2.6064836978912354
4 64 1 4.5373706817626953
4 64 1 12.0938253402709961
4 64 1 2.3271307945251465
4 64 1 9.6829023361206055
4 64 1 1.7970521450042725
4 64 1 4.4602894783020020
4 64 1 6.5298743247985840
4 64 1 1.5468220710754395
4 64 1 1.6315476894378662
4 64 1 1.3663854598999023
4 64 1 2.1563341617584229
4 64 1 1.9711270332336426
4 64 1 1.9842857122421265
4 64 1 4.9273881912231445
4 64 1 1.9685157537460327
4 64 1 3.5208504199981689
4 64 1 4.9394493103027344
4 64 1 1.4650334119796753
4 64 1 1.4913908243179321
4 64 1 5.8970441818237305
4 64 1 6.1872043609619141
4 64 1 2.4754745960235596
4 64 1 0.9484550356864929
4 64 1 6.3657135963439941
4 64 1 3.1139309406280518
4 64 1 1.0707017183303833
4 64 1 2.1853568553924561
4 64 1 1.3376898765563965
4 64 1 2.5771603584289551
4 64 1 2.7070000171661377
4 128 1 1.1277827024459839
4 128 1 2.2659621238708496
4 128 1 1.7832409143447876
4 128 1 1.5692028999328613
4 128 1 1.8754680156707764
4 128 1 2.0123631954193115
4 128 1 1.6228308677673340
4 128 1 1.3393996953964233
4 128 1 1.3089485168457031
4 128 1 1.0724074840545654
4 128 1 1.8347150087356567
4 128 1 1.5361137390136719
4 128 1 1.3523581027984619
4 128 1 1.2074903249740601
4 128 1 2.0151135921478271
4 128 1 4.6589827537536621
4 128 1 1.3627551794052124
4 128 1 2.0117726325988770
4 128 1 2.0837960243225098
4 128 1 1.2112951278686523
4 128 1 1.3789057731628418
4 128 1 2.8324472904205322
4 128 1 1.3336987495422363
4 128 1 1.8086007833480835
4 128 1 3.2504751682281494
4 128 1 1.9841961860656738
4 128 1 1.1633232831954956
4 128 1 1.9584701061248779
4 128 1 1.5865433216094971
4 128 1 2.4634809494018555
4 128 1 1.6688450574874878
4 128 1 1.3716981410980225
4 128 1 2.5600607395172119
4 128 1 1.2780593633651733
4 128 1 2.2216527462005615
4 128 1 1.1893607378005981
4 128 1 2.7147645950317383
4 128 1 1.1084878444671631
4 128 1 1.7654223442077637
4 128 1 1.6601796150207520
4 128 1 1.7908847332000732
4 128 1 1.2798885107040405
4 128 1 2.1396927833557129
4 128 1 1.2272094488143921
4 128 1 1.5484734773635864
4 128 1 1.8688031435012817
4 128 1 0.8179224133491516
4 128 1 1.0213087797164917
4 128 1 2.0240190029144287
4 128 1 2.3500294685363770
4 128 1 1.9001117944717407
4 128 1 2.5405478477478027
4 128 1 1.4864655733108521
4 128 1 0.9691885113716125
4 128 1 3.3437707424163818
4 128 1 2.0320119857788086
4 128 1 1.2372857332229614
4 128 1 3.1702501773834229
4 128 1 1.2385299205780029
4 128 1 1.4574552774429321
4 128 1 1.8400965929031372
4 128 1 2.1317815780639648
4 128 1 0.9158287048339844
4 128 1 2.3318221569061279
4 128 1 1.4351617097854614
4 128 1 1.1199430227279663
4 128 1 1.1665072441101074
4 128 1 1.9397867918014526
4 128 1 1.0718706846237183
4 128 1 2.9586498737335205
4 128 1 1.3358449935913086
4 128 1 1.5912408828735352
4 128 1 1.1872230768203735
4 128 1 1.1895354986190796
4 128 1 1.7344520092010498
4 128 1 1.2000522613525391
4 128 1 1.7522805929183960
4 128 1 1.4262143373489380
4 128 1 1.7467254400253296
4 128 1 1.1741843223571777
4 128 1 1.7877246141433716
4 128 1 2.2153289318084717
4 128 1 2.0271718502044678
4 128 1 1.4313393831253052
4 128 1 1.4214822053909302
4 128 1 2.5602664947509766
4 128 1 1.9511668682098389
4 128 1 2.2736175060272217
4 128 1 1.3828370571136475
4 128 1 1.3715842962265015
4 128 1 1.0106081962585449
4 128 1 1.1671724319458008
4 128 1 1.7937127351760864
4 128 1 1.1494166851043701
4 128 1 1.2859928607940674
4 128 1 1.7970029115676880
4 128 1 1.5978964567184448
4 128 1 2.2232134342193604
4 128 1 1.4364123344421387
4 128 1 1.6302255392074585
4 256 1 2.3641321659088135
4 256 1 0.7754244208335876
4 256 1 1.0206218957901001
4 256 1 2.1285920143127441
4 256 1 0.9107289314270020
4 256 1 0.7989108562469482
4 256 1 0.8103566169738770
4 256 1 1.4537855386734009
4 256 1 1.1820007562637329
4 256 1 1.9371469020843506
4 256 1 1.3616136312484741
4 256 1 0.8959767818450928
4 256 1 0.9956384301185608
4 256 1 2.8365359306335449
4 256 1 1.6961190700531006
4 256 1 1.3084924221038818
4 256 1 1.0723273754119873
4 256 1 0.9451268911361694
4 256 1 0.8155628442764282
4 256 1 1.2074041366577148
4 256 1 0.8989306092262268
4 256 1 1.1516747474670410
4 256 1 1.1061886548995972
4 256 1 1.3680266141891479
4 256 1 1.2776449918746948
4 256 1 1.4783983230590820
4 256 1 1.0319323539733887
4 256 1 1.6722892522811890
4 256 1 1.8926147222518921
4 256 1 0.8862316608428955
4 256 1 0.9538518786430359
4 256 1 1.5801644325256348
4 256 1 0.9790046215057373
4 256 1 1.9634498357772827
4 256 1 1.1373230218887329
4 256 1 1.6194491386413574
4 256 1 1.5086151361465454
4 256 1 1.0665860176086426
4 256 1 1.9941273927688599
4 256 1 1.1598787307739258
4 256 1 1.3419615030288696
4 256 1 0.9220607876777649
4 256 1 1.4572799205780029
4 256 1 0.8945396542549133
4 256 1 1.4348529577255249
4 256 1 1.3597003221511841
4 256 1 0.9779427051544189
4 256 1 1.6226757764816284
4 256 1 1.2088333368301392
4 256 1 1.8010656833648682
4 256 1 0.9657170176506042
4 256 1 1.6028318405151367
4 256 1 1.2837724685668945
4 256 1 1.9215339422225952
4 256 1 0.9978198409080505
4 256 1 1.4673833847045898
4 256 1 1.0971280336380005
4 256 1 1.2626612186431885
4 256 1 1.0010856389999390
4 256 1 1.6559544801712036
4 256 1 1.3237172365188599
4 256 1 0.9362716674804688
4 256 1 1.6876107454299927
4 256 1 0.9990920424461365
4 256 1 1.1621524095535278
4 256 1 1.8419090509414673
4 256 1 1.7554457187652588
4 256 1 1.1652426719665527
4 256 1 0.8598307967185974
4 256 1 1.5600175857543945
4 256 1 1.1190655231475830
4 256 1 1.7926064729690552
4 256 1 1.2891793251037598
4 256 1 1.0110361576080322
4 256 1 0.7825140357017517
4 256 1 1.4873019456863403
4 256 1 1.4175076484680176
4 256 1 1.0507041215896606
4 256 1 1.2730413675308228
4 256 1 1.2081781625747681
4 256 1 0.9298906922340393
4 256 1 1.0751464366912842
4 256 1 1.0673202276229858
4 256 1 0.8221015930175781
4 256 1 1.1021022796630859
4 256 1 1.0129047632217407
4 256 1 1.0424058437347412
4 256 1 0.9132077097892761
4 256 1 1.8269622325897217
4 256 1 0.9204937815666199
4 256 1 0.8388907909393311
4 256 1 1.0991883277893066
4 256 1 0.9875341653823853
4 256 1 1.0652326345443726
4 256 1 1.3983975648880005
4 256 1 1.4813238382339478
4 256 1 1.7583318948745728
4 256 1 0.9431781768798828
4 256 1 1.0495320558547974
4 256 1 1.4621804952621460
4 512 1 1.0030282735824585
4 512 1 0.9635472297668457
4 512 1 1.1676391363143921
4 512 1 1.0356857776641846
4 512 1 0.8661259412765503
4 512 1 0.9625850915908813
4 512 1 0.8571747541427612
4 512 1 1.0273462533950806
4 512 1 0.8826907873153687
4 512 1 0.9656437635421753
4 512 1 0.8259564042091370
4 512 1 0.9132823944091797
4 512 1 0.8451873064041138
4 512 1 0.7856299877166748
4 512 1 0.7291799783706665
4 512 1 0.9492149353027344
4 512 1 0.9945269823074341
4 512 1 0.6906402707099915
4 512 1 0.7706260085105896
4 512 1 0.7153823375701904
4 512 1 0.8237740993499756
4 512 1 0.7853083610534668
4 512 1 0.7120728492736816
4 512 1 1.4050850868225098
4 512 1 0.8632302880287170
4 512 1 0.7769207954406738
4 512 1 1.1362373828887939
4 512 1 0.7444477081298828
4 512 1 0.6897428035736084
4 512 1 1.1602699756622314
4 512 1 0.7375277876853943
4 512 1 0.9237686395645142
4 512 1 0.9321671128273010
4 512 1 1.0776313543319702
4 512 1 1.0662562847137451
4 512 1 0.9807183742523193
4 512 1 0.9647814035415649
4 512 1 1.0157240629196167
4 512 1 1.0951356887817383
4 512 1 0.7921369671821594
4 512 1 0.9270008206367493
4 512 1 0.6784822940826416
4 512 1 1.0135014057159424
4 512 1 0.7352998852729797
4 512 1 0.8015833497047424
4 512 1 0.9978387355804443
4 512 1 0.7569622993469238
4 512 1 0.7083074450492859
4 512 1 1.1351385116577148
4 512 1 0.8771414756774902
4 512 1 1.0441575050354004
4 512 1 1.3032391071319580
4 512 1 1.2344861030578613
4 512 1 1.1345562934875488
4 512 1 1.0457321405410767
4 512 1 1.3514492511749268
4 512 1 1.3699166774749756
4 512 1 0.8496270179748535
4 512 1 0.7466912865638733
4 512 1 0.9000023007392883
4 512 1 1.1566457748413086
4 512 1 0.8143836855888367
4 512 1 0.7082523107528687
4 512 1 0.8233131170272827
4 512 1 0.8875387310981750
4 512 1 1.0419948101043701
4 512 1 0.8086590766906738
4 512 1 1.0115475654602051
4 512 1 0.8735288381576538
4 512 1 0.9854707121849060
4 512 1 1.7143678665161133
4 512 1 1.0830602645874023
4 512 1 0.6969861388206482
4 512 1 0.6343078613281250
4 512 1 1.1370453834533691
4 512 1 0.9348711967468262
4 512 1 0.9050698280334473
4 512 1 1.1059792041778564
4 512 1 1.0393224954605103
4 512 1 1.0199486017227173
4 512 1 1.1372963190078735
4 512 1 1.1492495536804199
4 512 1 1.0584629774093628
4 512 1 0.9656944274902344
4 512 1 1.4323794841766357
4 512 1 1.0837311744689941
4 512 1 0.6268299221992493
4 512 1 1.0547325611114502
4 512 1 0.9361884593963623
4 512 1 0.7599005103111267
4 512 1 1.0409129858016968
4 512 1 0.8751876354217529
4 512 1 0.9913868904113770
4 512 1 0.7582655549049377
4 512 1 1.0720858573913574
4 512 1 0.7428273558616638
4 512 1 0.9281303286552429
4 512 1 1.2000293731689453
4 512 1 0.9831758141517639
4 512 1 1.3266966342926025
8 4 1 25.4741706848144531
8 4 1 16.5655078887939453
8 4 1 14.0449428558349609
8 4 1 12.0623693466186523
8 4 1 22.3849067687988281
8 4 1 30.5946598052978516
8 4 1 57.6376419067382812
8 4 1 77.6087951660156250
8 4 1 61.2010726928710938
8 4 1 23.5454158782958984
8 4 1 19.5740547180175781
8 4 1 40.4425086975097656
8 4 1 17.6973857879638672
8 4 1 39.5672225952148438
8 4 1 12.9959526062011719
8 4 1 94.8871841430664062
8 4 1 18.2147903442382812
8 4 1 3.5130047798156738
8 4 1 22.9633617401123047
8 4 1 60.6108245849609375
8 4 1 61.4507064819335938
8 4 1 28.0865135192871094
8 4 1 55.8452796936035156
8 4 1 16.0044441223144531
8 4 1 4.9589672088623047
8 4 1 292.1455993652343750
8 4 1 27.9720001220703125
8 4 1 39.0332565307617188
8 4 1 22.4493026733398438
8 4 1 3.0149817466735840
8 4 1 9.5675287246704102
8 4 1 26.7964706420898438
8 4 1 21.6918869018554688
8 4 1 81.5281372070312500
8 4 1 16.5659980773925781
8 4 1 8.1807289123535156
8 4 1 21.2923698425292969
8 4 1 14.0346345901489258
8 4 1 7.8176641464233398
8 4 1 42.6648788452148438
8 4 1 47.5897865295410156
8 4 1 3.5785498619079590
8 4 1 98.8440704345703125
8 4 1 17.6987209320068359
8 4 1 263.1107177734375000
8 4 1 27.7288990020751953
8 4 1 3.3141510486602783
8 4 1 3.2219796180725098
8 4 1 7.6532664299011230
8 4 1 68.0183181762695312
8 4 1 94.4259872436523438
8 4 1 29.9993610382080078
8 4 1 4.6659917831420898
8 4 1 20.7687435150146484
8 4 1 38.9326705932617188
8 4 1 17.0831489562988281
8 4 1 7.4399929046630859
8 4 1 17.6908512115478516
8 4 1 24.7103271484375000
8 4 1 19.9127273559570312
8 4 1 136.3905029296875000
8 4 1 63.4236488342285156
8 4 1 43.0615081787109375
8 4 1 41.6358261108398438
8 4 1 4.9460597038269043
8 4 1 28.0714397430419922
8 4 1 9.4364309310913086
8 4 1 9.5046749114990234
8 4 1 65.6033554077148438
8 4 1 46.5529441833496094
8 4 1 84.2234497070312500
8 4 1 19.0700340270996094
8 4 1 141.5345153808593750
8 4 1 15.7232627868652344
8 4 1 23.6377124786376953
8 4 1 38.2335433959960938
8 4 1 37.8799400329589844
8 4 1 45.3871345520019531
8 4 1 32.0778274536132812
8 4 1 43.7813835144042969
8 4 1 20.9958591461181641
8 4 1 39.5240249633789062
8 4 1 28.4234428405761719
8 4 1 20.9189872741699219
8 4 1 18.5732917785644531
8 4 1 189.4973602294921875
8 4 1 56.7579650878906250
8 4 1 9.8092317581176758
8 4 1 30.3256034851074219
8 4 1 2.5243444442749023
8 4 1 17.0515193939208984
8 4 1 17.3327140808105469
8 4 1 28.5669918060302734
8 4 1 27.2423534393310547
8 4 1 14.1322469711303711
8 4 1 7.3947086334228516
8 4 1 56.5701789855957031
8 4 1 5.2324638366699219
8 4 1 39.4511718750000000
8 4 1 22.0856990814208984
8 8 1 60.3229293823242188
8 8 1 21.3979434967041016
8 8 1 57.9598083496093750
8 8 1 1.6680138111114502
8 8 1 19.4535541534423828
8 8 1 5.7328605651855469
8 8 1 4.3628978729248047
8 8 1 68.8952407836914062
8 8 1 18.1598434448242188
8 8 1 3.2892847061157227
8 8 1 45.4298324584960938
8 8 1 1.8156673908233643
8 8 1 26.4498310089111328
8 8 1 49.8899497985839844
8 8 1 3.3380222320556641
8 8 1 8.7535696029663086
8 8 1 23.4049510955810547
8 8 1 35.3427619934082031
8 8 1 3.7739853858947754
8 8 1 3.1909499168395996
8 8 1 8.6562147140502930
8 8 1 2.6773593425750732
8 8 1 6.0094990730285645
8 8 1 20.6041622161865234
8 8 1 20.0906429290771484
8 8 1 7.4961476325988770
8 8 1 26.7110233306884766
8 8 1 28.3746490478515625
8 8 1 15.7761707305908203
8 8 1 22.7233219146728516
8 8 1 8.3951559066772461
8 8 1 4.6531414985656738
8 8 1 4.9716048240661621
8 8 1 5.9694252014160156
8 8 1 5.2563471794128418
8 8 1 3.7528064250946045
8 8 1 28.0763835906982422
8 8 1 7.5151567459106445
8 8 1 44.5731010437011719
8 8 1 2.8749661445617676
8 8 1 27.3434562683105469
8 8 1 5.4848594665527344
8 8 1 20.1704769134521484
8 8 1 2.8320336341857910
8 8 1 50.8473548889160156
8 8 1 15.6410388946533203
8 8 1 5.4284324645996094
8 8 1 7.3225288391113281
8 8 1 26.1295146942138672
8 8 1 7.2947392463684082
8 8 1 23.3382492065429688
8 8 1 55.2479400634765625
8 8 1 17.9239330291748047
8 8 1 26.4298591613769531
8 8 1 4.7696309089660645
8 8 1 2.5832388401031494
8 8 1 12.4796943664550781
8 8 1 24.9029083251953125
8 8 1 14.9977998733520508
8 8 1 53.0494346618652344
8 8 1 6.5417995452880859
8 8 1 14.5732231140136719
8 8 1 3.5530571937561035
8 8 1 33.1453475952148438
8 8 1 25.6883163452148438
8 8 1 6.3310327529907227
8 8 1 71.5168914794921875
8 8 1 39.9965476989746094
8 8 1 1.2170606851577759
8 8 1 15.7551879882812500
8 8 1 5.8403348922729492
8 8 1 11.7521266937255859
8 8 1 39.2709236145019531
8 8 1 18.4309482574462891
8 8 1 4.6306209564208984
8 8 1 3.1788289546966553
8 8 1 33.0740852355957031
8 8 1 56.6054458618164062
8 8 1 17.5739555358886719
8 8 1 4.3403196334838867
8 8 1 145.0065307617187500
8 8 1 7.2277350425720215
8 8 1 10.3956699371337891
8 8 1 7.6025600433349609
8 8 1 18.5310783386230469
8 8 1 20.3095932006835938
8 8 1 52.6376495361328125
8 8 1 20.3960227966308594
8 8 1 35.9064712524414062
8 8 1 21.4790992736816406
8 8 1 1.9171118736267090
8 8 1 3.2361955642700195
8 8 1 35.3525085449218750
8 8 1 9.6147575378417969
8 8 1 2.9223549365997314
8 8 1 4.7473564147949219
8 8 1 8.7056646347045898
8 8 1 11.8648633956909180
8 8 1 53.5894203186035156
8 8 1 39.5593338012695312
8 16 1 3.9760174751281738
8 16 1 15.4345626831054688
8 16 1 8.7461862564086914
8 16 1 6.0401411056518555
8 16 1 11.5914402008056641
8 16 1 14.5274820327758789
8 16 1 3.7200503349304199
8 16 1 5.2043299674987793
8 16 1 1.9913200139999390
8 16 1 3.7735970020294189
8 16 1 5.2868199348449707
8 16 1 4.3693122863769531
8 16 1 5.7797942161560059
8 16 1 3.9990746974945068
8 16 1 3.2347116470336914
8 16 1 7.9539599418640137
8 16 1 3.9786520004272461
8 16 1 19.6753196716308594
8 16 1 3.1143159866333008
8 16 1 3.4304656982421875
8 16 1 4.0656590461730957
8 16 1 4.9006404876708984
8 16 1 2.9370162487030029
8 16 1 8.6222038269042969
8 16 1 4.7204704284667969
8 16 1 2.9149932861328125
8 16 1 10.2949657440185547
8 16 1 4.5328001976013184
8 16 1 9.7083883285522461
8 16 1 10.6762886047363281
8 16 1 27.0439338684082031
8 16 1 1.5124299526214600
8 16 1 10.0815086364746094
8 16 1 5.6421093940734863
8 16 1 4.3459272384643555
8 16 1 11.0411853790283203
8 16 1 21.1953029632568359
8 16 1 8.7936954498291016
8 16 1 14.8574085235595703
8 16 1 13.1823558807373047
8 16 1 3.8634192943572998
8 16 1 6.0653991699218750
8 16 1 2.5837247371673584
8 16 1 19.6907806396484375
8 16 1 2.2260198593139648
8 16 1 9.0178012847900391
8 16 1 5.8039593696594238
8 16 1 3.0440795421600342
8 16 1 3.8749094009399414
8 16 1 1.3792710304260254
8 16 1 2.8702938556671143
8 16 1 14.2607383728027344
8 16 1 9.2604227066040039
8 16 1 2.9221768379211426
8 16 1 4.6691889762878418
8 16 1 3.8358304500579834
8 16 1 5.1669406890869141
8 16 1 9.4699850082397461
8 16 1 16.3975353240966797
8 16 1 8.0890626907348633
8 16 1 4.6583313941955566
8 16 1 5.4552178382873535
8 16 1 1.5619649887084961
8 16 1 1.4536842107772827
8 16 1 3.2624306678771973
8 16 1 2.3291056156158447
8 16 1 6.6055316925048828
8 16 1 8.0250520706176758
8 16 1 4.2642884254455566
8 16 1 4.7035789489746094
8 16 1 3.1793932914733887
8 16 1 3.0543351173400879
8 16 1 7.7194800376892090
8 16 1 18.0035152435302734
8 16 1 5.3833742141723633
8 16 1 9.9182929992675781
8 16 1 1.9390137195587158
8 16 1 3.7089786529541016
8 16 1 13.3830690383911133
8 16 1 13.2405729293823242
8 16 1 6.8710632324218750
8 16 1 1.8263810873031616
8 16 1 4.3645257949829102
8 16 1 4.6223139762878418
8 16 1 14.1851587295532227
8 16 1 12.0171079635620117
8 16 1 2.7120733261108398
8 16 1 5.9877529144287109
8 16 1 14.3098897933959961
8 16 1 40.5330924987792969
8 16 1 11.6684322357177734
8 16 1 10.7067251205444336
8 16 1 6.6685137748718262
8 16 1 20.2866020202636719
8 16 1 17.4931068420410156
8 16 1 6.8428592681884766
8 16 1 29.1574687957763672
8 16 1 2.4622812271118164
8 16 1 23.0602779388427734
8 16 1 7.9565925598144531
8 32 1 1.2137567996978760
8 32 1 4.4353156089782715
8 32 1 2.3620789051055908
8 32 1 1.9742710590362549
8 32 1 1.6428256034851074
8 32 1 1.2217764854431152
8 32 1 1.9558203220367432
8 32 1 3.6659512519836426
8 32 1 3.6168847084045410
8 32 1 5.1715679168701172
8 32 1 6.1173400878906250
8 32 1 1.5385072231292725
8 32 1 3.0016591548919678
8 32 1 1.7333755493164062
8 32 1 5.2900085449218750
8 32 1 5.0366969108581543
8 32 1 3.8633852005004883
8 32 1 1.3201948404312134
8 32 1 2.1147732734680176
8 32 1 1.2100051641464233
8 32 1 2.8222155570983887
8 32 1 3.7196152210235596
8 32 1 1.8772025108337402
8 32 1 2.2312924861907959
8 32 1 5.9639735221862793
8 32 1 7.2945752143859863
8 32 1 2.6687059402465820
8 32 1 1.5995383262634277
8 32 1 1.8927303552627563
8 32 1 1.6083631515502930
8 32 1 2.8924825191497803
8 32 1 2.8330237865447998
8 32 1 1.3843055963516235
8 32 1 3.9909906387329102
8 32 1 2.4364719390869141
8 32 1 3.4686038494110107
8 32 1 11.2001085281372070
8 32 1 3.4848084449768066
8 32 1 2.5429666042327881
8 32 1 3.7996184825897217
8 32 1 3.5623373985290527
8 32 1 4.0701541900634766
8 32 1 5.7633514404296875
8 32 1 2.0950250625610352
8 32 1 1.2032763957977295
8 32 1 1.7026305198669434
8 32 1 5.3350234031677246
8 32 1 1.9983121156692505
8 32 1 1.6863750219345093
8 32 1 3.1448791027069092
8 32 1 14.2005739212036133
8 32 1 3.8235077857971191
8 32 1 1.9517173767089844
8 32 1 1.4691214561462402
8 32 1 3.7235612869262695
8 32 1 0.9901306033134460
8 32 1 1.6154536008834839
8 32 1 2.1779859066009521
8 32 1 2.3217501640319824
8 32 1 2.3091268539428711
8 32 1 3.7664775848388672
8 32 1 2.3599698543548584
8 32 1 4.0176115036010742
8 32 1 5.8342266082763672
8 32 1 1.4212133884429932
8 32 1 2.7856967449188232
8 32 1 6.7194919586181641
8 32 1 1.7073200941085815
8 32 1 1.0489290952682495
8 32 1 3.3781161308288574
8 32 1 3.1065268516540527
8 32 1 3.1658730506896973
8 32 1 2.8489005565643311
8 32 1 2.6978158950805664
8 32 1 4.2415080070495605
8 32 1 2.0028967857360840
8 32 1 2.1439809799194336
8 32 1 3.1019153594970703
8 32 1 3.6739966869354248
8 32 1 5.1928563117980957
8 32 1 2.5126624107360840
8 32 1 4.9970488548278809
8 32 1 2.5799367427825928
8 32 1 8.6571788787841797
8 32 1 3.5826139450073242
8 32 1 3.4223346710205078
8 32 1 4.7864069938659668
8 32 1 1.7498085498809814
8 32 1 5.1606683731079102
8 32 1 12.9034461975097656
8 32 1 3.9003319740295410
8 32 1 1.7771441936492920
8 32 1 1.0989879369735718
8 32 1 2.2867772579193115
8 32 1 2.1154651641845703
8 32 1 3.4306182861328125
8 32 1 5.6774110794067383
8 32 1 1.8609966039657593
8 32 1 2.6937713623046875
8 32 1 3.6479651927947998
8 64 1 2.0387773513793945
8 64 1 1.9008593559265137
8 64 1 1.1969902515411377
8 64 1 2.6247799396514893
8 64 1 1.7863041162490845
8 64 1 6.2876935005187988
8 64 1 1.0831993818283081
8 64 1 2.2351639270782471
8 64 1 1.5204882621765137
8 64 1 1.9654620885848999
8 64 1 2.1566562652587891
8 64 1 1.2838214635848999
8 64 1 2.3034892082214355
8 64 1 1.6465679407119751
8 64 1 1.3753383159637451
8 64 1 1.3426650762557983
8 64 1 1.5848159790039062
8 64 1 1.7513880729675293
8 64 1 1.5712546110153198
8 64 1 1.8890646696090698
8 64 1 1.8298561573028564
8 64 1 4.1719508171081543
8 64 1 2.2070653438568115
8 64 1 1.2382336854934692
8 64 1 2.0299463272094727
8 64 1 3.9676949977874756
8 64 1 1.2616581916809082
8 64 1 3.6001410484313965
8 64 1 1.4215209484100342
8 64 1 1.6400567293167114
8 64 1 3.3070065975189209
8 64 1 2.9641792774200439
8 64 1 2.8868689537048340
8 64 1 2.7079095840454102
8 64 1 1.9867706298828125
8 64 1 2.3196327686309814
8 64 1 2.2475080490112305
8 64 1 1.4355148077011108
8 64 1 1.5460157394409180
8 64 1 1.4201126098632812
8 64 1 2.3001394271850586
8 64 1 1.6249221563339233
8 64 1 1.7548687458038330
8 64 1 1.1521134376525879
8 64 1 1.7490962743759155
8 64 1 2.1201963424682617
8 64 1 1.3736495971679688
8 64 1 0.8299015760421753
8 64 1 1.4238748550415039
8 64 1 0.9175023436546326
8 64 1 1.0258319377899170
8 64 1 1.2288753986358643
8 64 1 1.0907425880432129
8 64 1 2.0513117313385010
8 64 1 2.8688936233520508
8 64 1 2.3528957366943359
8 64 1 1.7526335716247559
8 64 1 5.0905270576477051
8 64 1 2.6238574981689453
8 64 1 1.1814255714416504
8 64 1 1.6318343877792358
8 64 1 1.2505820989608765
8 64 1 1.7976971864700317
8 64 1 1.2003635168075562
8 64 1 2.1324329376220703
8 64 1 1.6049036979675293
8 64 1 1.5545039176940918
8 64 1 2.0011229515075684
8 64 1 0.9907565116882324
8 64 1 2.6404211521148682
8 64 1 1.5420864820480347
8 64 1 2.5166292190551758
8 64 1 1.4281524419784546
8 64 1 2.3038222789764404
8 64 1 1.1917475461959839
8 64 1 1.8996585607528687
8 64 1 3.1900315284729004
8 64 1 1.0449169874191284
8 64 1 2.2369015216827393
8 64 1 2.3481557369232178
8 64 1 3.2860317230224609
8 64 1 0.9033736586570740
8 64 1 1.6114304065704346
8 64 1 1.6607275009155273
8 64 1 2.0463793277740479
8 64 1 2.0285124778747559
8 64 1 2.0959208011627197
8 64 1 1.5695044994354248
8 64 1 1.2351497411727905
8 64 1 2.5010604858398438
8 64 1 1.7993552684783936
8 64 1 2.3519020080566406
8 64 1 1.5522379875183105
8 64 1 1.4963036775588989
8 64 1 0.9734168052673340
8 64 1 1.1123461723327637
8 64 1 2.0031366348266602
8 64 1 1.1867228746414185
8 64 1 1.5114264488220215
8 64 1 0.9474561810493469
8 128 1 2.0831964015960693
8 128 1 2.2295463085174561
8 128 1 0.8562629818916321
8 128 1 1.2414687871932983
8 128 1 1.0305070877075195
8 128 1 1.9517129659652710
8 128 1 1.2689930200576782
8 128 1 1.6769726276397705
8 128 1 1.5931659936904907
8 128 1 1.0032774209976196
8 128 1 1.9913967847824097
8 128 1 1.3926104307174683
8 128 1 0.7417490482330322
8 128 1 1.5508044958114624
8 128 1 0.9331417679786682
8 128 1 0.9821916222572327
8 128 1 0.9860973954200745
8 128 1 1.4192402362823486
8 128 1 1.3081481456756592
8 128 1 1.1485707759857178
8 128 1 1.7948032617568970
8 128 1 1.7345172166824341
8 128 1 0.8244100809097290
8 128 1 1.1802433729171753
8 128 1 0.8440178036689758
8 128 1 1.3948750495910645
8 128 1 2.5744817256927490
8 128 1 0.8656948804855347
8 128 1 2.3153107166290283
8 128 1 1.8822715282440186
8 128 1 1.8923630714416504
8 128 1 2.3613383769989014
8 128 1 1.0698590278625488
8 128 1 3.3874797821044922
8 128 1 1.0330855846405029
8 128 1 0.8782441616058350
8 128 1 1.1658405065536499
8 128 1 1.0375593900680542
8 128 1 1.1923094987869263
8 128 1 1.8180302381515503
8 128 1 1.4594469070434570
8 128 1 1.3550629615783691
8 128 1 1.4235001802444458
8 128 1 1.4278379678726196
8 128 1 2.9908516407012939
8 128 1 1.3937095403671265
8 128 1 0.7760280370712280
8 128 1 1.1800119876861572
8 128 1 1.2102589607238770
8 128 1 1.9437671899795532
8 128 1 1.0479017496109009
8 128 1 1.0912955999374390
8 128 1 0.8481292128562927
8 128 1 1.7484565973281860
8 128 1 1.2139422893524170
8 128 1 1.6597676277160645
8 128 1 1.7396521568298340
8 128 1 1.2209960222244263
8 128 1 1.3374933004379272
8 128 1 1.8556677103042603
8 128 1 1.5926289558410645
8 128 1 1.2720694541931152
8 128 1 1.0395820140838623
8 128 1 0.9245448112487793
8 128 1 0.8677564859390259
8 128 1 0.9127513170242310
8 128 1 1.0394999980926514
8 128 1 1.3638838529586792
8 128 1 1.6168379783630371
8 128 1 1.2253143787384033
8 128 1 0.8452486395835876
8 128 1 1.0166039466857910
8 128 1 0.9038794636726379
8 128 1 0.9983728528022766
8 128 1 1.2763668298721313
8 128 1 1.1862419843673706
8 128 1 1.4964838027954102
8 128 1 1.1022369861602783
8 128 1 1.6921148300170898
8 128 1 1.3683769702911377
8 128 1 1.2282876968383789
8 128 1 1.3083342313766479
8 128 1 2.2118592262268066
8 128 1 0.9106253981590271
8 128 1 1.7194012403488159
8 128 1 1.6631839275360107
8 128 1 1.6686074733734131
8 128 1 1.2452213764190674
8 128 1 0.9133855700492859
8 128 1 0.8292793035507202
8 128 1 1.4871826171875000
8 128 1 1.3799377679824829
8 128 1 1.1783703565597534
8 128 1 1.4079406261444092
8 128 1 1.3973197937011719
8 128 1 1.0676482915878296
8 128 1 0.9838461875915527
8 128 1 1.7201226949691772
8 128 1 1.6666678190231323
8 128 1 1.1406090259552002
8 256 1 1.0261605978012085
8 256 1 0.7481585144996643
8 256 1 0.7000777721405029
8 256 1 1.2186588048934937
8 256 1 0.6823053956031799
8 256 1 0.7242634296417236
8 256 1 0.7259253859519958
8 256 1 1.0349745750427246
8 256 1 1.0307500362396240
8 256 1 1.0207724571228027
8 256 1 0.9115401506423950
8 256 1 0.9418274760246277
8 256 1 1.1524250507354736
8 256 1 0.7888352870941162
8 256 1 1.1648623943328857
8 256 1 1.1402022838592529
8 256 1 1.1271657943725586
8 256 1 0.9816162586212158
8 256 1 0.8147264122962952
8 256 1 1.2104067802429199
8 256 1 1.2114714384078979
8 256 1 1.0621685981750488
8 256 1 0.8287561535835266
8 256 1 0.8425508737564087
8 256 1 0.7851217389106750
8 256 1 0.9853148460388184
8 256 1 0.8549183011054993
8 256 1 1.1181646585464478
8 256 1 0.8678679466247559
8 256 1 1.2545236349105835
8 256 1 0.8478195667266846
8 256 1 0.6703163385391235
8 256 1 0.8598147034645081
8 256 1 0.7470601797103882
8 256 1 0.9420141577720642
8 256 1 1.5607275962829590
8 256 1 1.2115056514739990
8 256 1 0.7953683733940125
8 256 1 0.9785000085830688
8 256 1 0.7163914442062378
8 256 1 1.0794222354888916
8 256 1 1.1435637474060059
8 256 1 0.8763195276260376
8 256 1 0.9512479901313782
8 256 1 0.9002075791358948
8 256 1 0.8784800767898560
8 256 1 0.9133026599884033
8 256 1 0.8810588717460632
8 256 1 0.9481985569000244
8 256 1 1.0242613554000854
8 256 1 0.7296411991119385
8 256 1 0.9876185059547424
8 256 1 0.8930637240409851
8 256 1 0.9420465230941772
8 256 1 1.2540371417999268
8 256 1 1.3333026170730591
8 256 1 0.6696769595146179
8 256 1 1.4114004373550415
8 256 1 0.8862279653549194
8 256 1 0.7250216007232666
8 256 1 1.0841827392578125
8 256 1 0.8731305003166199
8 256 1 0.8736763596534729
8 256 1 0.6715874671936035
8 256 1 0.7323358058929443
8 256 1 0.7008829712867737
8 256 1 0.8551428318023682
8 256 1 0.8358733654022217
8 256 1 1.0982327461242676
8 256 1 0.9116933941841125
8 256 1 1.0250048637390137
8 256 1 1.5519555807113647
8 256 1 1.0789330005645752
8 256 1 0.6013184785842896
8 256 1 1.0222221612930298
8 256 1 1.0165179967880249
8 256 1 1.0171796083450317
8 256 1 1.2419109344482422
8 256 1 0.8714315891265869
8 256 1 0.7256551384925842
8 256 1 0.7920852899551392
8 256 1 0.9101837873458862
8 256 1 0.8656893372535706
8 256 1 1.3743211030960083
8 256 1 0.7475821971893311
8 256 1 0.8440027832984924
8 256 1 1.0760266780853271
8 256 1 0.9158146381378174
8 256 1 0.9026524424552917
8 256 1 1.1371737718582153
8 256 1 1.0670821666717529
8 256 1 1.0546913146972656
8 256 1 1.0368450880050659
8 256 1 0.8122802972793579
8 256 1 0.9884248375892639
8 256 1 0.6186708807945251
8 256 1 0.9888970255851746
8 256 1 1.2283184528350830
8 256 1 1.0043383836746216
8 256 1 1.0150531530380249
8 512 1 0.8519349098205566
8 512 1 0.6269006133079529
8 512 1 0.8797640204429626
8 512 1 0.6523720026016235
8 512 1 0.7204845547676086
8 512 1 0.9537985324859619
8 512 1 0.8211299180984497
8 512 1 0.6325981020927429
8 512 1 0.7750869989395142
8 512 1 0.7495152950286865
8 512 1 0.6558311581611633
8 512 1 0.7411354780197144
8 512 1 0.6710987091064453
8 512 1 0.7843323349952698
8 512 1 0.9243955016136169
8 512 1 0.7009838223457336
8 512 1 0.6058894395828247
8 512 1 0.7474534511566162
8 512 1 0.7351264357566833
8 512 1 1.0222221612930298
8 512 1 0.7363831400871277
8 512 1 0.7872121930122375
8 512 1 1.0501327514648438
8 512 1 1.1544909477233887
8 512 1 0.7979111671447754
8 512 1 0.7939320206642151
8 512 1 0.8518252372741699
8 512 1 1.0783804655075073
8 512 1 0.7167794704437256
8 512 1 0.6354578137397766
8 512 1 0.6411530971527100
8 512 1 0.7878208160400391
8 512 1 0.6847833991050720
8 512 1 0.6999636888504028
8 512 1 0.9485521912574768
8 512 1 0.6740447282791138
8 512 1 0.7356943488121033
8 512 1 0.6753153800964355
8 512 1 0.6717847585678101
8 512 1 0.6025322675704956
8 512 1 1.0428050756454468
8 512 1 1.0148081779479980
8 512 1 0.8883808851242065
8 512 1 0.5632540583610535
8 512 1 0.6425511240959167
8 512 1 0.7277248501777649
8 512 1 0.8552381992340088
8 512 1 0.9848737120628357
8 512 1 0.7127429842948914
8 512 1 0.8898599743843079
8 512 1 0.7896968126296997
8 512 1 0.6242033243179321
8 512 1 0.6814014911651611
8 512 1 0.8562948107719421
8 512 1 0.7921072244644165
8 512 1 0.8907617330551147
8 512 1 0.8190028667449951
8 512 1 0.7730091810226440
8 512 1 0.6433845758438110
8 512 1 0.6862281560897827
8 512 1 0.8235970139503479
8 512 1 1.0477896928787231
8 512 1 0.8502202033996582
8 512 1 0.7001509070396423
8 512 1 0.6619194149971008
8 512 1 0.6721747517585754
8 512 1 1.1049433946609497
8 512 1 0.8909745216369629
8 512 1 0.5364573001861572
8 512 1 0.7718460559844971
8 512 1 0.5944160223007202
8 512 1 0.8107711076736450
8 512 1 0.8520753979682922
8 512 1 0.7008923292160034
8 512 1 0.8693822622299194
8 512 1 0.7862002849578857
8 512 1 0.6166498661041260
8 512 1 0.7068437337875366
8 512 1 0.8640261888504028
8 512 1 0.6870328783988953
8 512 1 0.7191734910011292
8 512 1 0.6465312838554382
8 512 1 0.9849995970726013
8 512 1 0.6546774506568909
8 512 1 0.7596843838691711
8 512 1 0.6710698008537292
8 512 1 0.5133562684059143
8 512 1 0.6362831592559814
8 512 1 0.9898119568824768
8 512 1 0.8389004468917847
8 512 1 0.7747543454170227
8 512 1 0.8328469991683960
8 512 1 0.7000396847724915
8 512 1 1.1065524816513062
8 512 1 0.6454023122787476
8 512 1 0.7825573682785034
8 512 1 0.7062464356422424
8 512 1 0.6313751339912415
8 512 1 0.9233354926109314
8 512 1 0.7852123379707336
16 4 1 16.8871383666992188
16 4 1 18.1970863342285156
16 4 1 22.7887840270996094
16 4 1 8.5942201614379883
16 4 1 3.6257312297821045
16 4 1 18.1424598693847656
16 4 1 10.4062271118164062
16 4 1 12.1077003479003906
16 4 1 24.0928401947021484
16 4 1 13.3768234252929688
16 4 1 32.2783775329589844
16 4 1 35.6957664489746094
16 4 1 34.0281600952148438
16 4 1 22.0362052917480469
16 4 1 3.0656850337982178
16 4 1 12.4296703338623047
16 4 1 23.5017242431640625
16 4 1 4.6272931098937988
16 4 1 29.0715103149414062
16 4 1 9.7225933074951172
16 4 1 13.2094812393188477
16 4 1 2.2738714218139648
16 4 1 25.1437759399414062
16 4 1 23.4199485778808594
16 4 1 28.0206680297851562
16 4 1 5.7241711616516113
16 4 1 17.5396957397460938
16 4 1 21.8906612396240234
16 4 1 2.0729582309722900
16 4 1 27.5882396697998047
16 4 1 22.8447933197021484
16 4 1 26.5389118194580078
16 4 1 6.8330345153808594
16 4 1 35.5280952453613281
16 4 1 16.2407455444335938
16 4 1 4.6300849914550781
16 4 1 4.0861124992370605
16 4 1 4.4334349632263184
16 4 1 5.6016216278076172
16 4 1 37.6915245056152344
16 4 1 24.9515628814697266
16 4 1 34.0707015991210938
16 4 1 7.6984081268310547
16 4 1 22.2093334197998047
16 4 1 11.1400184631347656
16 4 1 12.5233316421508789
16 4 1 40.0756835937500000
16 4 1 18.5669937133789062
16 4 1 29.6127815246582031
16 4 1 29.8079547882080078
16 4 1 4.5152897834777832
16 4 1 9.7417783737182617
16 4 1 11.8092231750488281
16 4 1 15.8470926284790039
16 4 1 34.1974601745605469
16 4 1 2.7750611305236816
16 4 1 9.8358850479125977
16 4 1 17.0829105377197266
16 4 1 35.1099357604980469
16 4 1 7.4288053512573242
16 4 1 36.4186286926269531
16 4 1 26.7209911346435547
16 4 1 2.7119464874267578
16 4 1 18.5375556945800781
16 4 1 16.6701316833496094
16 4 1 11.1644344329833984
16 4 1 68.9429016113281250
16 4 1 7.4254541397094727
16 4 1 20.5084571838378906
16 4 1 44.3009071350097656
16 4 1 14.5942659378051758
16 4 1 21.0823459625244141
16 4 1 12.6172151565551758
16 4 1 23.4982051849365234
16 4 1 36.8251075744628906
16 4 1 15.1533374786376953
16 4 1 28.1449089050292969
16 4 1 11.0760002136230469
16 4 1 5.1007213592529297
16 4 1 8.1894826889038086
16 4 1 16.0025062561035156
16 4 1 21.5912036895751953
16 4 1 7.2019605636596680
16 4 1 9.8686037063598633
16 4 1 10.0240573883056641
16 4 1 14.0843620300292969
16 4 1 6.0624933242797852
16 4 1 2.0948221683502197
16 4 1 17.2630577087402344
16 4 1 29.7661743164062500
16 4 1 17.9063529968261719
16 4 1 17.4033946990966797
16 4 1 22.8798294067382812
16 4 1 3.0421781539916992
16 4 1 19.0865097045898438
16 4 1 20.2021675109863281
16 4 1 13.1249084472656250
16 4 1 6.9869551658630371
16 4 1 7.6272664070129395
16 4 1 26.0906181335449219
16 8 1 16.0613155364990234
16 8 1 12.1719694137573242
16 8 1 4.7595934867858887
16 8 1 2.6954827308654785
16 8 1 4.1685085296630859
16 8 1 11.6683235168457031
16 8 1 2.1635496616363525
16 8 1 12.7638540267944336
16 8 1 6.4413342475891113
16 8 1 4.8855953216552734
16 8 1 2.4726583957672119
16 8 1 7.6110424995422363
16 8 1 35.5946884155273438
16 8 1 37.1519241333007812
16 8 1 10.6231517791748047
16 8 1 3.9635686874389648
16 8 1 3.9787371158599854
16 8 1 10.7086677551269531
16 8 1 6.2328619956970215
16 8 1 6.6388511657714844
16 8 1 2.8534042835235596
16 8 1 10.4483423233032227
16 8 1 7.0790772438049316
16 8 1 3.1137020587921143
16 8 1 14.7583398818969727
16 8 1 4.0500388145446777
16 8 1 22.3358039855957031
16 8 1 15.0082178115844727
16 8 1 3.4434604644775391
16 8 1 1.6870597600936890
16 8 1 5.7857623100280762
16 8 1 11.1509037017822266
16 8 1 5.5936713218688965
16 8 1 17.9912357330322266
16 8 1 1.7197523117065430
16 8 1 3.5541403293609619
16 8 1 1.9638065099716187
16 8 1 7.3035411834716797
16 8 1 1.8736603260040283
16 8 1 21.9658260345458984
16 8 1 3.3617870807647705
16 8 1 3.7092020511627197
16 8 1 4.1668462753295898
16 8 1 8.3402738571166992
16 8 1 9.6903400421142578
16 8 1 1.9878059625625610
16 8 1 7.8679671287536621
16 8 1 18.0632534027099609
16 8 1 5.7154479026794434
16 8 1 7.9592704772949219
16 8 1 2.8302805423736572
16 8 1 16.9821567535400391
16 8 1 3.9731793403625488
16 8 1 4.9211478233337402
16 8 1 4.9608268737792969
16 8 1 7.1828308105468750
16 8 1 31.1288108825683594
16 8 1 1.3532794713973999
16 8 1 10.5873384475708008
16 8 1 15.9972648620605469
16 8 1 18.6288127899169922
16 8 1 9.2014245986938477
16 8 1 1.9572591781616211
16 8 1 31.9423046112060547
16 8 1 4.7897009849548340
16 8 1 8.7215690612792969
16 8 1 4.7143778800964355
16 8 1 15.2526683807373047
16 8 1 29.1849746704101562
16 8 1 10.9090700149536133
16 8 1 19.2062492370605469
16 8 1 8.6912555694580078
16 8 1 2.3321704864501953
16 8 1 31.8379783630371094
16 8 1 3.8034069538116455
16 8 1 19.1755733489990234
16 8 1 5.8184537887573242
16 8 1 9.9394636154174805
16 8 1 14.2226419448852539
16 8 1 6.5787315368652344
16 8 1 3.4525725841522217
16 8 1 38.0949897766113281
16 8 1 11.5889949798583984
16 8 1 3.9604833126068115
16 8 1 17.7478923797607422
16 8 1 9.1353769302368164
16 8 1 22.9795761108398438
16 8 1 2.9539499282836914
16 8 1 3.2339229583740234
16 8 1 31.1573867797851562
16 8 1 9.8216514587402344
16 8 1 27.3609886169433594
16 8 1 11.0829591751098633
16 8 1 9.2657718658447266
16 8 1 20.9579620361328125
16 8 1 3.7362990379333496
16 8 1 2.2919008731842041
16 8 1 15.9072122573852539
16 8 1 14.3945617675781250
16 8 1 9.3218870162963867
16 16 1 2.4284269809722900
16 16 1 3.3019592761993408
16 16 1 1.2287327051162720
16 16 1 2.4217150211334229
16 16 1 2.8338186740875244
16 16 1 2.0780591964721680
16 16 1 1.7348743677139282
16 16 1 3.5454370975494385
16 16 1 21.8429107666015625
16 16 1 1.9342454671859741
16 16 1 18.7606525421142578
16 16 1 1.8007187843322754
16 16 1 4.6559853553771973
16 16 1 2.6934196949005127
16 16 1 5.0506010055541992
16 16 1 2.8142666816711426
16 16 1 3.0309929847717285
16 16 1 1.9067744016647339
16 16 1 4.3594775199890137
16 16 1 3.2093400955200195
16 16 1 3.9726111888885498
16 16 1 1.7381190061569214
16 16 1 2.9361441135406494
16 16 1 2.1782300472259521
16 16 1 9.5618934631347656
16 16 1 2.2519686222076416
16 16 1 5.5551838874816895
16 16 1 5.7644743919372559
16 16 1 3.7112500667572021
16 16 1 4.4943780899047852
16 16 1 12.8100414276123047
16 16 1 7.8444108963012695
16 16 1 2.0394582748413086
16 16 1 1.9640362262725830
16 16 1 10.0959119796752930
16 16 1 12.1214265823364258
16 16 1 6.2743830680847168
16 16 1 14.2150192260742188
16 16 1 3.3211526870727539
16 16 1 2.8952145576477051
16 16 1 6.4092922210693359
16 16 1 12.1106967926025391
16 16 1 4.5544109344482422
16 16 1 2.0548326969146729
16 16 1 2.0299549102783203
16 16 1 2.3961260318756104
16 16 1 4.2247262001037598
16 16 1 1.4884402751922607
16 16 1 1.9890116453170776
16 16 1 2.1874480247497559
16 16 1 2.3538269996643066
16 16 1 3.9474017620086670
16 16 1 3.1013262271881104
16 16 1 4.0014643669128418
16 16 1 1.5429476499557495
16 16 1 3.4449028968811035
16 16 1 3.0137712955474854
16 16 1 1.8087021112442017
16 16 1 11.2521066665649414
16 16 1 1.4926419258117676
16 16 1 1.3640819787979126
16 16 1 3.3891460895538330
16 16 1 2.8146765232086182
16 16 1 7.9267902374267578
16 16 1 5.2046799659729004
16 16 1 13.0444030761718750
16 16 1 1.6193261146545410
16 16 1 1.8601927757263184
16 16 1 1.5276778936386108
16 16 1 3.2882661819458008
16 16 1 1.9646567106246948
16 16 1 3.2278826236724854
16 16 1 2.9412744045257568
16 16 1 1.7300883531570435
16 16 1 1.8979507684707642
16 16 1 2.1250541210174561
16 16 1 9.2263174057006836
16 16 1 1.6598861217498779
16 16 1 3.2172861099243164
16 16 1 4.3400492668151855
16 16 1 3.3385491371154785
16 16 1 1.8000383377075195
16 16 1 6.4897675514221191
16 16 1 11.5928468704223633
16 16 1 4.9557981491088867
16 16 1 7.1187911033630371
16 16 1 1.3353812694549561
16 16 1 3.3321576118469238
16 16 1 8.5314674377441406
16 16 1 4.2800760269165039
16 16 1 2.1105186939239502
16 16 1 3.1553988456726074
16 16 1 1.5054156780242920
16 16 1 1.9744471311569214
16 16 1 2.9594495296478271
16 16 1 3.5624883174896240
16 16 1 19.8702373504638672
16 16 1 1.9358860254287720
16 16 1 2.0548195838928223
16 16 1 6.0328931808471680
16 32 1 4.9767107963562012
16 32 1 2.2788252830505371
16 32 1 1.6297923326492310
16 32 1 1.4462573528289795
16 32 1 5.3226819038391113
16 32 1 3.1981966495513916
16 32 1 1.8275011777877808
16 32 1 0.9011537432670593
16 32 1 2.3731970787048340
16 32 1 1.3355796337127686
16 32 1 1.2248555421829224
16 32 1 2.7137689590454102
16 32 1 2.1347532272338867
16 32 1 2.6135690212249756
16 32 1 2.3873848915100098
16 32 1 2.0694129467010498
16 32 1 2.3525743484497070
16 32 1 1.5083307027816772
16 32 1 3.5062749385833740
16 32 1 1.2551594972610474
16 32 1 2.9877021312713623
16 32 1 1.9865417480468750
16 32 1 1.2112549543380737
16 32 1 1.2629781961441040
16 32 1 2.0308947563171387
16 32 1 2.5747635364532471
16 32 1 2.4791622161865234
16 32 1 1.0615676641464233
16 32 1 1.5886299610137939
16 32 1 3.3518264293670654
16 32 1 1.2315043210983276
16 32 1 1.6808314323425293
16 32 1 1.7212517261505127
16 32 1 2.1917133331298828
16 32 1 3.8497273921966553
16 32 1 1.6645089387893677
16 32 1 2.2144887447357178
16 32 1 1.3921742439270020
16 32 1 1.6096600294113159
16 32 1 1.5506095886230469
16 32 1 2.2631635665893555
16 32 1 1.3523548841476440
16 32 1 2.6541354656219482
16 32 1 2.2402820587158203
16 32 1 3.8705573081970215
16 32 1 1.1706033945083618
16 32 1 3.1398231983184814
16 32 1 1.3586742877960205
16 32 1 1.8232855796813965
16 32 1 2.4062633514404297
16 32 1 2.1438007354736328
16 32 1 1.6899840831756592
16 32 1 1.8302640914916992
16 32 1 1.5468268394470215
16 32 1 3.7557690143585205
16 32 1 1.3210548162460327
16 32 1 2.5273916721343994
16 32 1 1.6638702154159546
16 32 1 1.7162208557128906
16 32 1 3.0575385093688965
16 32 1 1.5060479640960693
16 32 1 3.7596280574798584
16 32 1 1.6545029878616333
16 32 1 2.4584233760833740
16 32 1 1.8345134258270264
16 32 1 1.0102093219757080
16 32 1 1.3321529626846313
16 32 1 2.2497451305389404
16 32 1 1.3049548864364624
16 32 1 1.3035882711410522
16 32 1 2.9518401622772217
16 32 1 1.1968379020690918
16 32 1 2.8887677192687988
16 32 1 2.2918007373809814
16 32 1 6.7228245735168457
16 32 1 1.9189848899841309
16 32 1 1.9771920442581177
16 32 1 2.3156235218048096
16 32 1 1.2518757581710815
16 32 1 2.3804781436920166
16 32 1 2.0270299911499023
16 32 1 1.4266624450683594
16 32 1 2.2315738201141357
16 32 1 2.4106507301330566
16 32 1 1.9857243299484253
16 32 1 1.5329841375350952
16 32 1 3.4608347415924072
16 32 1 4.4020347595214844
16 32 1 1.5040565729141235
16 32 1 3.3107182979583740
16 32 1 1.3246043920516968
16 32 1 1.6079539060592651
16 32 1 1.3776826858520508
16 32 1 2.0058341026306152
16 32 1 2.8287014961242676
16 32 1 1.5798150300979614
16 32 1 1.9464521408081055
16 32 1 1.0197217464447021
16 32 1 1.6862225532531738
16 32 1 2.5694184303283691
16 64 1 1.3886916637420654
16 64 1 1.1479108333587646
16 64 1 1.3269401788711548
16 64 1 1.0108956098556519
16 64 1 1.0007508993148804
16 64 1 1.3335760831832886
16 64 1 1.0694425106048584
16 64 1 1.4442669153213501
16 64 1 1.0613235235214233
16 64 1 1.3046896457672119
16 64 1 1.2759959697723389
16 64 1 0.7971189618110657
16 64 1 1.3093475103378296
16 64 1 1.4621015787124634
16 64 1 1.1317020654678345
16 64 1 2.9246695041656494
16 64 1 1.0346319675445557
16 64 1 1.3494082689285278
16 64 1 1.9446545839309692
16 64 1 2.1139574050903320
16 64 1 1.1706624031066895
16 64 1 1.1303697824478149
16 64 1 1.8160264492034912
16 64 1 0.8664774298667908
16 64 1 1.4899835586547852
16 64 1 0.6739396452903748
16 64 1 1.2401318550109863
16 64 1 1.4634836912155151
16 64 1 1.1929298639297485
16 64 1 0.9874455332756042
16 64 1 1.3059709072113037
16 64 1 1.1985055208206177
16 64 1 1.4953842163085938
16 64 1 0.8997510671615601
16 64 1 1.1311534643173218
16 64 1 1.8528490066528320
16 64 1 1.6213084459304810
16 64 1 1.7496641874313354
16 64 1 1.4347229003906250
16 64 1 2.4082808494567871
16 64 1 1.6974557638168335
16 64 1 1.6038506031036377
16 64 1 0.8482643365859985
16 64 1 1.7087668180465698
16 64 1 4.5502591133117676
16 64 1 2.0123009681701660
16 64 1 1.2054042816162109
16 64 1 1.0079488754272461
16 64 1 0.9050998687744141
16 64 1 1.0651191473007202
16 64 1 0.9857628345489502
16 64 1 1.8946936130523682
16 64 1 2.0371730327606201
16 64 1 1.3550862073898315
16 64 1 0.8427371978759766
16 64 1 1.6236888170242310
16 64 1 1.2770752906799316
16 64 1 1.0581413507461548
16 64 1 0.6600064039230347
16 64 1 1.3538177013397217
16 64 1 1.9232840538024902
16 64 1 1.2975182533264160
16 64 1 1.8912079334259033
16 64 1 1.6126307249069214
16 64 1 1.0589879751205444
16 64 1 0.8093136548995972
16 64 1 0.8881263136863708
16 64 1 1.5001908540725708
16 64 1 2.8242523670196533
16 64 1 1.7844004631042480
16 64 1 1.2682744264602661
16 64 1 1.5409353971481323
16 64 1 1.4776784181594849
16 64 1 0.9700227379798889
16 64 1 1.4175703525543213
16 64 1 1.4719728231430054
16 64 1 2.0266866683959961
16 64 1 0.9913191199302673
16 64 1 1.1367634534835815
16 64 1 1.9634152650833130
16 64 1 1.2495987415313721
16 64 1 2.8544433116912842
16 64 1 1.7212425470352173
16 64 1 2.0489301681518555
16 64 1 1.0254324674606323
16 64 1 1.0470495223999023
16 64 1 1.0996524095535278
16 64 1 1.1635103225708008
16 64 1 1.5309453010559082
16 64 1 1.8880058526992798
16 64 1 0.9159423112869263
16 64 1 0.9979188442230225
16 64 1 1.3082553148269653
16 64 1 2.3503639698028564
16 64 1 1.0337510108947754
16 64 1 1.3894308805465698
16 64 1 1.6415758132934570
16 64 1 1.8269964456558228
16 64 1 1.4123982191085815
16 64 1 0.7215867638587952
16 128 1 0.7782524824142456
16 128 1 1.3025246858596802
16 128 1 1.2397851943969727
16 128 1 1.6763805150985718
16 128 1 0.7041377425193787
16 128 1 1.6749626398086548
16 128 1 1.1591948270797729
16 128 1 0.8855538964271545
16 128 1 1.2085982561111450
16 128 1 1.1971747875213623
16 128 1 0.9704129099845886
16 128 1 1.0200275182723999
16 128 1 1.1439602375030518
16 128 1 0.6416156291961670
16 128 1 0.9473732113838196
16 128 1 1.2899998426437378
16 128 1 1.2310820817947388
16 128 1 1.1425833702087402
16 128 1 0.8923757672309875
16 128 1 1.3308683633804321
16 128 1 1.1876701116561890
16 128 1 1.0292022228240967
16 128 1 1.1599669456481934
16 128 1 1.0533461570739746
16 128 1 0.9688603281974792
16 128 1 0.8484571576118469
16 128 1 0.8575674295425415
16 128 1 1.0402864217758179
16 128 1 1.3167903423309326
16 128 1 1.1576905250549316
16 128 1 0.8526611924171448
16 128 1 0.8982304930686951
16 128 1 1.3417618274688721
16 128 1 0.8725833892822266
16 128 1 0.9988547563552856
16 128 1 0.8485469222068787
16 128 1 1.3191202878952026
16 128 1 1.1550469398498535
16 128 1 0.9097152948379517
16 128 1 1.2263112068176270
16 128 1 1.2023447751998901
16 128 1 0.6612156033515930
16 128 1 0.8417025208473206
16 128 1 1.0445185899734497
16 128 1 1.0865718126296997
16 128 1 1.1253131628036499
16 128 1 1.0615772008895874
16 128 1 1.8629450798034668
16 128 1 1.3347643613815308
16 128 1 1.4479762315750122
16 128 1 0.9311853051185608
16 128 1 0.8913323283195496
16 128 1 1.2820016145706177
16 128 1 1.0361604690551758
16 128 1 0.9090033769607544
16 128 1 1.6479821205139160
16 128 1 1.0187094211578369
16 128 1 1.1200081110000610
16 128 1 0.7841687798500061
16 128 1 1.4372656345367432
16 128 1 0.9102123975753784
16 128 1 0.8894625902175903
16 128 1 1.0525826215744019
16 128 1 0.7812861800193787
16 128 1 1.1126241683959961
16 128 1 0.8086633086204529
16 128 1 1.1713759899139404
16 128 1 0.8260990977287292
16 128 1 0.8639772534370422
16 128 1 0.7321956753730774
16 128 1 1.2928364276885986
16 128 1 0.7492563724517822
16 128 1 1.0796488523483276
16 128 1 0.8271841406822205
16 128 1 0.8983251452445984
16 128 1 0.7101818323135376
16 128 1 0.8591045141220093
16 128 1 0.8394555449485779
16 128 1 0.9225408434867859
16 128 1 0.8952094316482544
16 128 1 0.7726554870605469
16 128 1 0.9605958461761475
16 128 1 0.9903267621994019
16 128 1 1.1741462945938110
16 128 1 1.0623278617858887
16 128 1 1.0764837265014648
16 128 1 0.7771254777908325
16 128 1 1.0492463111877441
16 128 1 0.8563305735588074
16 128 1 0.9684095978736877
16 128 1 0.7053312659263611
16 128 1 0.7781235575675964
16 128 1 0.9409895539283752
16 128 1 1.0710519552230835
16 128 1 0.8567407727241516
16 128 1 0.8060295581817627
16 128 1 1.3205115795135498
16 128 1 1.3294134140014648
16 128 1 0.8262226581573486
16 128 1 0.7924011349678040
16 256 1 0.6818680763244629
16 256 1 1.1543052196502686
16 256 1 0.8863002657890320
16 256 1 0.6726523637771606
16 256 1 1.0516477823257446
16 256 1 0.8199476599693298
16 256 1 0.7541342377662659
16 256 1 0.6187074184417725
16 256 1 0.8059021830558777
16 256 1 1.0401231050491333
16 256 1 0.7968581318855286
16 256 1 0.8496016860008240
16 256 1 0.7807700634002686
16 256 1 0.6498408317565918
16 256 1 0.8111408352851868
16 256 1 1.1652688980102539
16 256 1 0.8532063961029053
16 256 1 0.5980157256126404
16 256 1 0.6220052242279053
16 256 1 0.6434938311576843
16 256 1 0.7974237799644470
16 256 1 0.9126798510551453
16 256 1 0.7920730113983154
16 256 1 0.7123149037361145
16 256 1 0.7548845410346985
16 256 1 0.7889930009841919
16 256 1 0.8504481315612793
16 256 1 0.6791664958000183
16 256 1 0.7624953985214233
16 256 1 0.6601241230964661
16 256 1 0.7938892841339111
16 256 1 0.5533353686332703
16 256 1 0.8515061736106873
16 256 1 0.7657980322837830
16 256 1 0.7131707668304443
16 256 1 0.8005055189132690
16 256 1 0.7760421633720398
16 256 1 0.8247925043106079
16 256 1 0.8554238677024841
16 256 1 0.8087537884712219
16 256 1 0.8398654460906982
16 256 1 0.7295066714286804
16 256 1 0.7991483211517334
16 256 1 0.5574649572372437
16 256 1 0.9720595479011536
16 256 1 0.7616931796073914
16 256 1 0.6466470360755920
16 256 1 0.9115268588066101
16 256 1 0.7793386578559875
16 256 1 0.7973370552062988
16 256 1 1.0368391275405884
16 256 1 0.7691707611083984
16 256 1 0.9689448475837708
16 256 1 0.5720913410186768
16 256 1 0.8712278008460999
16 256 1 0.7640030384063721
16 256 1 0.6359895467758179
16 256 1 0.8474703431129456
16 256 1 0.7713167071342468
16 256 1 0.7972840070724487
16 256 1 0.7124036550521851
16 256 1 0.6155747175216675
16 256 1 0.8849292993545532
16 256 1 0.7544435262680054
16 256 1 0.6715980768203735
16 256 1 1.1974390745162964
16 256 1 0.6578810214996338
16 256 1 0.6751334667205811
16 256 1 0.7358267903327942
16 256 1 1.0388063192367554
16 256 1 0.8708398342132568
16 256 1 0.8552197217941284
16 256 1 0.7945708632469177
16 256 1 0.9062592983245850
16 256 1 1.0445586442947388
16 256 1 0.8105291128158569
16 256 1 0.7652285099029541
16 256 1 0.7275562286376953
16 256 1 0.8659349083900452
16 256 1 0.8103248476982117
16 256 1 1.0627255439758301
16 256 1 1.0731853246688843
16 256 1 0.7718415856361389
16 256 1 0.8978415131568909
16 256 1 0.5960974693298340
16 256 1 0.6940597295761108
16 256 1 0.7274849414825439
16 256 1 0.8505317568778992
16 256 1 0.9689290523529053
16 256 1 0.9273908138275146
16 256 1 0.6279836893081665
16 256 1 0.6374904513359070
16 256 1 0.7721721529960632
16 256 1 0.9459741711616516
16 256 1 0.7685634493827820
16 256 1 0.7184762358665466
16 256 1 0.6092456579208374
16 256 1 0.7397353649139404
16 256 1 0.9619420766830444
16 256 1 0.6697815656661987
16 512 1 0.6699917316436768
16 512 1 0.4910463094711304
16 512 1 0.7302441596984863
16 512 1 0.5022323131561279
16 512 1 0.6487293839454651
16 512 1 0.8504415154457092
16 512 1 0.5748007893562317
16 512 1 0.6082094907760620
16 512 1 0.7435025572776794
16 512 1 0.6709240674972534
16 512 1 0.5877046585083008
16 512 1 0.8779120445251465
16 512 1 0.8227322101593018
16 512 1 0.6274874210357666
16 512 1 0.6583982706069946
16 512 1 0.6728587150573730
16 512 1 0.7115638852119446
16 512 1 0.8040152192115784
16 512 1 0.7886365652084351
16 512 1 0.6283091306686401
16 512 1 1.1529822349548340
16 512 1 0.6059398055076599
16 512 1 0.6731600165367126
16 512 1 0.5107423067092896
16 512 1 0.7359431385993958
16 512 1 0.5419483780860901
16 512 1 0.4951736032962799
16 512 1 0.5856951475143433
16 512 1 0.6117534637451172
16 512 1 0.6498358249664307
16 512 1 0.6120672821998596
16 512 1 0.6815057396888733
16 512 1 0.6170409917831421
16 512 1 0.6138007640838623
16 512 1 0.6532813906669617
16 512 1 1.0310946702957153
16 512 1 0.5810510516166687
16 512 1 0.7394335269927979
16 512 1 0.6481516957283020
16 512 1 0.6716846227645874
16 512 1 0.6099693179130554
16 512 1 0.6810373067855835
16 512 1 0.7086575031280518
16 512 1 0.7118979096412659
16 512 1 0.6604758501052856
16 512 1 0.7376867532730103
16 512 1 0.7952697277069092
16 512 1 0.5812840461730957
16 512 1 0.6918380856513977
16 512 1 0.6964258551597595
16 512 1 0.6646164059638977
16 512 1 0.6699724793434143
16 512 1 0.4872127175331116
16 512 1 0.7492471933364868
16 512 1 0.5252263545989990
16 512 1 0.6989729404449463
16 512 1 0.6047659516334534
16 512 1 0.6411392092704773
16 512 1 0.4821183681488037
16 512 1 0.6545475125312805
16 512 1 0.8478440046310425
16 512 1 0.5709748864173889
16 512 1 0.5279075503349304
16 512 1 0.6260387301445007
16 512 1 0.6307932138442993
16 512 1 0.5094717741012573
16 512 1 0.7991234064102173
16 512 1 0.7589086294174194
16 512 1 0.6352369189262390
16 512 1 0.6017902493476868
16 512 1 0.6017047762870789
16 512 1 0.6655725240707397
16 512 1 0.6919912099838257
16 512 1 0.5968633890151978
16 512 1 0.5914508700370789
16 512 1 0.5883141756057739
16 512 1 0.7115820050239563
16 512 1 0.6035595536231995
16 512 1 0.6004689931869507
16 512 1 0.8441425561904907
16 512 1 0.6696396470069885
16 512 1 0.6590459942817688
16 512 1 0.6425420641899109
16 512 1 0.8050523400306702
16 512 1 0.8343446850776672
16 512 1 0.6168698668479919
16 512 1 0.5673664212226868
16 512 1 0.7335351705551147
16 512 1 0.5758912563323975
16 512 1 0.5725030899047852
16 512 1 0.8327173590660095
16 512 1 0.6717888712882996
16 512 1 0.5613487958908081
16 512 1 0.6560145616531372
16 512 1 0.6063848733901978
16 512 1 0.5637776851654053
16 512 1 0.6021106839179993
16 512 1 0.6764357089996338
16 512 1 0.5208967328071594
16 512 1 0.6350279450416565
32 4 1 8.5757675170898438
32 4 1 5.4566025733947754
32 4 1 15.5179023742675781
32 4 1 12.0593147277832031
32 4 1 8.8132076263427734
32 4 1 10.7516393661499023
32 4 1 5.2436594963073730
32 4 1 11.5685520172119141
32 4 1 3.3123426437377930
32 4 1 19.1486625671386719
32 4 1 15.3712348937988281
32 4 1 14.8769454956054688
32 4 1 7.5158433914184570
32 4 1 10.0266189575195312
32 4 1 5.5579719543457031
32 4 1 12.5103597640991211
32 4 1 12.1569442749023438
32 4 1 10.8858175277709961
32 4 1 1.9935710430145264
32 4 1 7.8939137458801270
32 4 1 4.0269784927368164
32 4 1 14.2691040039062500
32 4 1 13.8334121704101562
32 4 1 17.4996681213378906
32 4 1 5.7175211906433105
32 4 1 6.8706817626953125
32 4 1 12.6073093414306641
32 4 1 17.5464534759521484
32 4 1 2.6001782417297363
32 4 1 9.4244394302368164
32 4 1 1.4684340953826904
32 4 1 17.2367572784423828
32 4 1 27.8731231689453125
32 4 1 4.7074832916259766
32 4 1 1.4855099916458130
32 4 1 7.5830550193786621
32 4 1 9.6072750091552734
32 4 1 6.5102691650390625
32 4 1 14.6228284835815430
32 4 1 27.5056819915771484
32 4 1 2.2646415233612061
32 4 1 3.9760859012603760
32 4 1 21.0657901763916016
32 4 1 6.9706935882568359
32 4 1 16.4063415527343750
32 4 1 2.1834936141967773
32 4 1 4.0669817924499512
32 4 1 18.9945049285888672
32 4 1 21.0069313049316406
32 4 1 2.5691313743591309
32 4 1 14.1909227371215820
32 4 1 15.3357810974121094
32 4 1 9.0722980499267578
32 4 1 8.8337993621826172
32 4 1 13.9803457260131836
32 4 1 15.5906381607055664
32 4 1 17.6748275756835938
32 4 1 14.0431957244873047
32 4 1 3.3860962390899658
32 4 1 6.8680357933044434
32 4 1 8.0577125549316406
32 4 1 6.2633976936340332
32 4 1 3.9772150516510010
32 4 1 13.4984931945800781
32 4 1 8.1342258453369141
32 4 1 7.6875042915344238
32 4 1 6.4479899406433105
32 4 1 12.8532142639160156
32 4 1 3.8455536365509033
32 4 1 18.5800495147705078
32 4 1 2.9918394088745117
32 4 1 25.1788501739501953
32 4 1 15.7783164978027344
32 4 1 12.3966293334960938
32 4 1 11.9143800735473633
32 4 1 6.1598553657531738
32 4 1 3.5954596996307373
32 4 1 15.4393358230590820
32 4 1 20.9868412017822266
32 4 1 10.8618917465209961
32 4 1 19.2239189147949219
32 4 1 8.2836198806762695
32 4 1 5.3747019767761230
32 4 1 23.1436862945556641
32 4 1 8.6874990463256836
32 4 1 23.8258342742919922
32 4 1 10.4412813186645508
32 4 1 35.0265312194824219
32 4 1 6.4118876457214355
32 4 1 22.2039871215820312
32 4 1 15.0202779769897461
32 4 1 11.9648685455322266
32 4 1 5.8903875350952148
32 4 1 20.3764629364013672
32 4 1 11.6163244247436523
32 4 1 12.6925630569458008
32 4 1 7.6868157386779785
32 4 1 14.5436038970947266
32 4 1 2.2766032218933105
32 4 1 11.4340267181396484
32 8 1 4.1297006607055664
32 8 1 2.7675101757049561
32 8 1 10.9952821731567383
32 8 1 3.3414278030395508
32 8 1 3.0936172008514404
32 8 1 16.2262725830078125
32 8 1 1.9791517257690430
32 8 1 13.5895719528198242
32 8 1 3.9648075103759766
32 8 1 3.8307383060455322
32 8 1 5.8288478851318359
32 8 1 9.5695466995239258
32 8 1 2.0831227302551270
32 8 1 21.4016532897949219
32 8 1 9.4173879623413086
32 8 1 3.9380686283111572
32 8 1 2.1261425018310547
32 8 1 2.1851801872253418
32 8 1 4.1350336074829102
32 8 1 5.6330256462097168
32 8 1 2.4312093257904053
32 8 1 5.4827213287353516
32 8 1 14.1980094909667969
32 8 1 2.8948953151702881
32 8 1 5.9000768661499023
32 8 1 4.7068171501159668
32 8 1 15.0460014343261719
32 8 1 2.3979141712188721
32 8 1 5.1609778404235840
32 8 1 1.2299051284790039
32 8 1 4.7635822296142578
32 8 1 5.0359625816345215
32 8 1 11.4666757583618164
32 8 1 2.5752050876617432
32 8 1 2.4363155364990234
32 8 1 6.8432807922363281
32 8 1 6.4402513504028320
32 8 1 8.6137962341308594
32 8 1 2.8519635200500488
32 8 1 2.4273118972778320
32 8 1 1.8759737014770508
32 8 1 3.8145585060119629
32 8 1 1.7469410896301270
32 8 1 14.1502771377563477
32 8 1 12.0544853210449219
32 8 1 3.2363021373748779
32 8 1 3.6210153102874756
32 8 1 5.0873789787292480
32 8 1 3.3050830364227295
32 8 1 6.3813176155090332
32 8 1 5.3481431007385254
32 8 1 3.9335601329803467
32 8 1 4.4050230979919434
32 8 1 4.2988700866699219
32 8 1 4.0381116867065430
32 8 1 5.5056676864624023
32 8 1 8.3766050338745117
32 8 1 2.6998984813690186
32 8 1 5.4012823104858398
32 8 1 2.9061169624328613
32 8 1 3.2841470241546631
32 8 1 5.2919859886169434
32 8 1 11.8739233016967773
32 8 1 3.7810907363891602
32 8 1 2.2971618175506592
32 8 1 5.1793127059936523
32 8 1 6.7218003273010254
32 8 1 6.0962467193603516
32 8 1 8.2223386764526367
32 8 1 3.7002611160278320
32 8 1 5.4110016822814941
32 8 1 2.9261705875396729
32 8 1 5.4998612403869629
32 8 1 8.0443410873413086
32 8 1 3.2552788257598877
32 8 1 3.0582735538482666
32 8 1 5.1736202239990234
32 8 1 4.5749073028564453
32 8 1 6.4135475158691406
32 8 1 2.4842488765716553
32 8 1 8.1482620239257812
32 8 1 3.0879170894622803
32 8 1 3.5477893352508545
32 8 1 3.4460878372192383
32 8 1 4.2230224609375000
32 8 1 5.0800757408142090
32 8 1 1.8316251039505005
32 8 1 4.5516223907470703
32 8 1 7.4690136909484863
32 8 1 17.1453800201416016
32 8 1 16.1144599914550781
32 8 1 3.6659073829650879
32 8 1 3.9301996231079102
32 8 1 2.1258080005645752
32 8 1 3.3982453346252441
32 8 1 3.0665946006774902
32 8 1 6.4155507087707520
32 8 1 4.5269136428833008
32 8 1 16.5886573791503906
32 8 1 4.4796018600463867
32 16 1 1.9208385944366455
32 16 1 2.9948625564575195
32 16 1 1.8452109098434448
32 16 1 3.8804330825805664
32 16 1 1.9964927434921265
32 16 1 1.7249523401260376
32 16 1 2.0542275905609131
32 16 1 1.4792456626892090
32 16 1 9.8878383636474609
32 16 1 1.8683031797409058
32 16 1 1.8568007946014404
32 16 1 3.2521579265594482
32 16 1 4.0852212905883789
32 16 1 1.8469563722610474
32 16 1 1.5545197725296021
32 16 1 2.4040737152099609
32 16 1 2.7920434474945068
32 16 1 4.0251560211181641
32 16 1 4.2647051811218262
32 16 1 2.4008829593658447
32 16 1 1.7780816555023193
32 16 1 1.4046331644058228
32 16 1 6.5576200485229492
32 16 1 2.3647751808166504
32 16 1 3.9929103851318359
32 16 1 2.2786121368408203
32 16 1 2.3156931400299072
32 16 1 1.3097176551818848
32 16 1 1.5386532545089722
32 16 1 2.0811619758605957
32 16 1 1.8845477104187012
32 16 1 3.3017334938049316
32 16 1 2.9065532684326172
32 16 1 1.7214056253433228
32 16 1 1.3651744127273560
32 16 1 2.4464681148529053
32 16 1 6.2655158042907715
32 16 1 1.5680906772613525
32 16 1 1.7267688512802124
32 16 1 9.5044794082641602
32 16 1 3.9851682186126709
32 16 1 5.8295526504516602
32 16 1 3.1378111839294434
32 16 1 2.4850127696990967
32 16 1 1.7396122217178345
32 16 1 2.9394671916961670
32 16 1 2.7202494144439697
32 16 1 1.9862519502639771
32 16 1 3.5923285484313965
32 16 1 3.3078265190124512
32 16 1 3.0207030773162842
32 16 1 1.2594304084777832
32 16 1 2.2431354522705078
32 16 1 2.8602097034454346
32 16 1 2.3968384265899658
32 16 1 1.7644026279449463
32 16 1 3.1589429378509521
32 16 1 1.7257130146026611
32 16 1 3.2902591228485107
32 16 1 4.4266691207885742
32 16 1 2.3129429817199707
32 16 1 2.2161810398101807
32 16 1 2.1113686561584473
32 16 1 4.9508008956909180
32 16 1 2.8607959747314453
32 16 1 2.2404489517211914
32 16 1 3.0615291595458984
32 16 1 4.5060567855834961
32 16 1 5.0873036384582520
32 16 1 3.0062401294708252
32 16 1 4.6240415573120117
32 16 1 2.1189155578613281
32 16 1 2.0077822208404541
32 16 1 2.8973443508148193
32 16 1 2.2641918659210205
32 16 1 2.1136903762817383
32 16 1 0.9876913428306580
32 16 1 1.8772680759429932
32 16 1 1.4102256298065186
32 16 1 1.9759392738342285
32 16 1 1.9087090492248535
32 16 1 2.6873972415924072
32 16 1 2.1657938957214355
32 16 1 2.1458320617675781
32 16 1 2.5212786197662354
32 16 1 3.5005767345428467
32 16 1 1.1278958320617676
32 16 1 2.1489946842193604
32 16 1 3.4931085109710693
32 16 1 4.3992795944213867
32 16 1 4.5430545806884766
32 16 1 3.2905640602111816
32 16 1 10.0552530288696289
32 16 1 2.5661046504974365
32 16 1 3.1609849929809570
32 16 1 4.0060191154479980
32 16 1 2.4195706844329834
32 16 1 2.3850545883178711
32 16 1 4.2851505279541016
32 16 1 2.2409937381744385
32 32 1 1.2081625461578369
32 32 1 1.6011544466018677
32 32 1 2.3480575084686279
32 32 1 1.8484878540039062
32 32 1 2.3356163501739502
32 32 1 1.0911033153533936
32 32 1 1.6529496908187866
32 32 1 1.9627243280410767
32 32 1 3.0824606418609619
32 32 1 1.4172837734222412
32 32 1 2.1436951160430908
32 32 1 1.7365849018096924
32 32 1 1.5055723190307617
32 32 1 1.4402955770492554
32 32 1 2.1791231632232666
32 32 1 1.0307751893997192
32 32 1 2.2455875873565674
32 32 1 1.4811148643493652
32 32 1 1.1667110919952393
32 32 1 1.3944954872131348
32 32 1 1.2530508041381836
32 32 1 1.4882330894470215
32 32 1 1.7574827671051025
32 32 1 1.6301422119140625
32 32 1 0.9051331281661987
32 32 1 1.7946068048477173
32 32 1 1.6669467687606812
32 32 1 1.3759620189666748
32 32 1 0.9298828840255737
32 32 1 1.7181143760681152
32 32 1 1.5922895669937134
32 32 1 0.9159971475601196
32 32 1 0.9431529045104980
32 32 1 1.3536241054534912
32 32 1 1.2686049938201904
32 32 1 1.7420924901962280
32 32 1 1.2191106081008911
32 32 1 1.9160569906234741
32 32 1 2.0252037048339844
32 32 1 0.9848181009292603
32 32 1 1.8653086423873901
32 32 1 0.9995598793029785
32 32 1 1.2914824485778809
32 32 1 1.8403222560882568
32 32 1 1.3158736228942871
32 32 1 1.1783344745635986
32 32 1 1.1655783653259277
32 32 1 1.9540398120880127
32 32 1 1.2647061347961426
32 32 1 0.9937297701835632
32 32 1 0.9247148633003235
32 32 1 1.4789177179336548
32 32 1 1.4799487590789795
32 32 1 1.1817746162414551
32 32 1 1.1022096872329712
32 32 1 1.9112211465835571
32 32 1 1.0979928970336914
32 32 1 1.9343014955520630
32 32 1 1.3972270488739014
32 32 1 1.3583149909973145
32 32 1 1.3268651962280273
32 32 1 1.7714056968688965
32 32 1 2.5331895351409912
32 32 1 1.9179118871688843
32 32 1 0.9113478064537048
32 32 1 1.6432914733886719
32 32 1 1.3149847984313965
32 32 1 1.9968887567520142
32 32 1 1.9086968898773193
32 32 1 1.1263946294784546
32 32 1 1.9857498407363892
32 32 1 1.6508592367172241
32 32 1 2.2733600139617920
32 32 1 2.9352071285247803
32 32 1 1.4955074787139893
32 32 1 1.1762635707855225
32 32 1 1.7491612434387207
32 32 1 1.2573149204254150
32 32 1 1.4880567789077759
32 32 1 1.3058390617370605
32 32 1 1.9573318958282471
32 32 1 1.7927633523941040
32 32 1 0.9914608597755432
32 32 1 1.1695815324783325
32 32 1 1.0285042524337769
32 32 1 1.4326962232589722
32 32 1 0.9098461270332336
32 32 1 2.2005243301391602
32 32 1 1.2609679698944092
32 32 1 2.2455022335052490
32 32 1 1.9380769729614258
32 32 1 1.5164412260055542
32 32 1 2.8382937908172607
32 32 1 2.9782004356384277
32 32 1 1.3486865758895874
32 32 1 0.9489014148712158
32 32 1 1.4484149217605591
32 32 1 1.1209845542907715
32 32 1 1.9651575088500977
32 32 1 2.5441248416900635
32 64 1 0.9744672179222107
32 64 1 1.3846116065979004
32 64 1 0.8788443803787231
32 64 1 1.4149626493453979
32 64 1 1.1952143907546997
32 64 1 1.5753189325332642
32 64 1 0.9559551477432251
32 64 1 0.7708233594894409
32 64 1 1.0761704444885254
32 64 1 1.7341042757034302
32 64 1 1.3333216905593872
32 64 1 0.9130159616470337
32 64 1 0.9650955796241760
32 64 1 0.8042699694633484
32 64 1 0.8386448025703430
32 64 1 1.0939395427703857
32 64 1 1.0855145454406738
32 64 1 0.8100242018699646
32 64 1 1.2669264078140259
32 64 1 1.1112231016159058
32 64 1 1.2991464138031006
32 64 1 0.5894525647163391
32 64 1 1.3560050725936890
32 64 1 1.3635326623916626
32 64 1 0.9879879951477051
32 64 1 1.0405157804489136
32 64 1 1.0864648818969727
32 64 1 1.2585735321044922
32 64 1 0.9625437259674072
32 64 1 1.3291506767272949
32 64 1 0.9908760786056519
32 64 1 1.5822426080703735
32 64 1 0.9535570740699768
32 64 1 1.3348643779754639
32 64 1 1.3410218954086304
32 64 1 1.0742861032485962
32 64 1 0.9866092801094055
32 64 1 1.1411342620849609
32 64 1 1.0993916988372803
32 64 1 1.2314407825469971
32 64 1 1.2469817399978638
32 64 1 1.0468028783798218
32 64 1 1.1488864421844482
32 64 1 0.9859927892684937
32 64 1 2.2624146938323975
32 64 1 1.3205984830856323
32 64 1 0.9560659527778625
32 64 1 1.1894309520721436
32 64 1 0.7515844702720642
32 64 1 1.3675798177719116
32 64 1 1.2960101366043091
32 64 1 1.1359543800354004
32 64 1 1.1400624513626099
32 64 1 1.0092734098434448
32 64 1 0.9881417155265808
32 64 1 1.0017570257186890
32 64 1 0.8496522307395935
32 64 1 0.9834240078926086
32 64 1 0.9678714275360107
32 64 1 1.1874169111251831
32 64 1 1.1750893592834473
32 64 1 1.1034070253372192
32 64 1 1.4269126653671265
32 64 1 0.5948991179466248
32 64 1 0.9631293416023254
32 64 1 2.3600826263427734
32 64 1 0.8271126747131348
32 64 1 1.0992214679718018
32 64 1 1.2012228965759277
32 64 1 2.0962135791778564
32 64 1 1.2237030267715454
32 64 1 0.8777332901954651
32 64 1 1.3168101310729980
32 64 1 1.7587412595748901
32 64 1 0.9870932102203369
32 64 1 2.3176336288452148
32 64 1 1.0325236320495605
32 64 1 0.7579323053359985
32 64 1 0.9084980487823486
32 64 1 1.1041966676712036
32 64 1 0.9032036662101746
32 64 1 1.3359457254409790
32 64 1 0.7332708835601807
32 64 1 0.9844717383384705
32 64 1 1.0459147691726685
32 64 1 1.7482948303222656
32 64 1 0.9624230265617371
32 64 1 1.2244343757629395
32 64 1 1.0213847160339355
32 64 1 0.6882602572441101
32 64 1 1.4419780969619751
32 64 1 0.7561337947845459
32 64 1 1.4819179773330688
32 64 1 0.8227212429046631
32 64 1 1.3289408683776855
32 64 1 1.3306902647018433
32 64 1 0.9869046807289124
32 64 1 1.9115319252014160
32 64 1 1.6980373859405518
32 64 1 0.8336514234542847
32 128 1 0.6698260307312012
32 128 1 0.8390205502510071
32 128 1 0.5397034883499146
32 128 1 0.7683764696121216
32 128 1 0.7152718901634216
32 128 1 0.9895190596580505
32 128 1 0.5248053073883057
32 128 1 0.7616042494773865
32 128 1 1.1933128833770752
32 128 1 0.6248031854629517
32 128 1 0.7241850495338440
32 128 1 0.7563595771789551
32 128 1 0.8495832085609436
32 128 1 0.6627660393714905
32 128 1 0.7248649597167969
32 128 1 0.7486460804939270
32 128 1 0.9231101274490356
32 128 1 1.1348720788955688
32 128 1 0.9197908639907837
32 128 1 0.5656511783599854
32 128 1 0.8503710031509399
32 128 1 0.6421115994453430
32 128 1 0.7151416540145874
32 128 1 0.7343589663505554
32 128 1 1.1350390911102295
32 128 1 0.7986499667167664
32 128 1 0.9099653363227844
32 128 1 0.8357651233673096
32 128 1 0.9691020250320435
32 128 1 0.6100585460662842
32 128 1 0.9018419384956360
32 128 1 0.7725948095321655
32 128 1 0.9122802615165710
32 128 1 0.7694769501686096
32 128 1 0.7456321120262146
32 128 1 0.8164331316947937
32 128 1 0.9960151910781860
32 128 1 0.8490341305732727
32 128 1 0.7812682986259460
32 128 1 0.6872016191482544
32 128 1 0.8495390415191650
32 128 1 0.8607532978057861
32 128 1 0.6913614869117737
32 128 1 0.7999092340469360
32 128 1 0.6461287140846252
32 128 1 0.5808147192001343
32 128 1 0.6439518928527832
32 128 1 0.8904119133949280
32 128 1 0.6859255433082581
32 128 1 0.9492741227149963
32 128 1 1.0184203386306763
32 128 1 0.7136325836181641
32 128 1 0.7628679871559143
32 128 1 0.7637884616851807
32 128 1 0.8592722415924072
32 128 1 0.5988258123397827
32 128 1 0.8773365616798401
32 128 1 0.7319536805152893
32 128 1 0.7909111976623535
32 128 1 0.9746780991554260
32 128 1 0.8523965477943420
32 128 1 0.9648716449737549
32 128 1 0.7867702245712280
32 128 1 0.9378648400306702
32 128 1 0.9495212435722351
32 128 1 0.7935671210289001
32 128 1 0.6188393235206604
32 128 1 0.7354910969734192
32 128 1 0.7689297199249268
32 128 1 0.5960416197776794
32 128 1 0.6517259478569031
32 128 1 0.9326204061508179
32 128 1 0.7316581606864929
32 128 1 0.8217453956604004
32 128 1 0.7518057823181152
32 128 1 0.7420904040336609
32 128 1 0.6899470686912537
32 128 1 0.8905322551727295
32 128 1 0.8699605464935303
32 128 1 0.7853292822837830
32 128 1 0.8491383194923401
32 128 1 0.6250302791595459
32 128 1 0.8554643392562866
32 128 1 0.8153016567230225
32 128 1 0.7302268147468567
32 128 1 0.9800041317939758
32 128 1 0.9519883990287781
32 128 1 0.7451220154762268
32 128 1 0.8994551301002502
32 128 1 0.7073554396629333
32 128 1 0.9734710454940796
32 128 1 0.5486114025115967
32 128 1 0.7759200930595398
32 128 1 1.0616592168807983
32 128 1 0.8314203619956970
32 128 1 0.8990911245346069
32 128 1 1.0052514076232910
32 128 1 0.8509350419044495
32 128 1 1.0315967798233032
32 128 1 0.8925579190254211
32 256 1 0.7099260687828064
32 256 1 0.6062765121459961
32 256 1 0.6196332573890686
32 256 1 0.6172426939010620
32 256 1 0.6125227808952332
32 256 1 0.5265220403671265
32 256 1 0.6555876135826111
32 256 1 0.5488117933273315
32 256 1 0.7041718363761902
32 256 1 0.6124554872512817
32 256 1 0.9544324278831482
32 256 1 0.6069934368133545
32 256 1 0.7939411401748657
32 256 1 0.7138109803199768
32 256 1 0.7334943413734436
32 256 1 0.7761687636375427
32 256 1 0.7040182352066040
32 256 1 0.6369853019714355
32 256 1 0.5513716340065002
32 256 1 0.6084322333335876
32 256 1 0.5660202503204346
32 256 1 0.5824496746063232
32 256 1 0.5962425470352173
32 256 1 0.6875659823417664
32 256 1 0.7049538493156433
32 256 1 0.6599217057228088
32 256 1 0.6332902312278748
32 256 1 0.6967529058456421
32 256 1 0.5818033814430237
32 256 1 0.7665645480155945
32 256 1 0.6243477463722229
32 256 1 0.7910678386688232
32 256 1 0.8507916331291199
32 256 1 0.6121321916580200
32 256 1 0.5982169508934021
32 256 1 0.8875976800918579
32 256 1 0.6866495609283447
32 256 1 0.6129418611526489
32 256 1 0.6578710675239563
32 256 1 0.9394978880882263
32 256 1 0.6434184908866882
32 256 1 0.6106840968132019
32 256 1 0.6926091909408569
32 256 1 0.8419134616851807
32 256 1 0.5300768017768860
32 256 1 0.5891077518463135
32 256 1 0.6705586314201355
32 256 1 0.6661283969879150
32 256 1 0.6372169256210327
32 256 1 0.5935985445976257
32 256 1 0.5382465124130249
32 256 1 0.5810927152633667
32 256 1 0.6798920631408691
32 256 1 0.6426035165786743
32 256 1 0.6325991153717041
32 256 1 0.7442417740821838
32 256 1 0.7920924425125122
32 256 1 0.6733592748641968
32 256 1 0.6443867683410645
32 256 1 0.6521229743957520
32 256 1 0.6739131808280945
32 256 1 0.6490347981452942
32 256 1 0.7514721751213074
32 256 1 0.8644263744354248
32 256 1 0.7895994782447815
32 256 1 0.6372706890106201
32 256 1 0.5867981314659119
32 256 1 0.6215484142303467
32 256 1 0.7375763058662415
32 256 1 0.7207238674163818
32 256 1 0.6104792952537537
32 256 1 0.6157051324844360
32 256 1 0.6149291992187500
32 256 1 0.6472949981689453
32 256 1 0.7086395025253296
32 256 1 0.7427479624748230
32 256 1 0.7169727087020874
32 256 1 0.6903481483459473
32 256 1 0.7487778663635254
32 256 1 0.4609461128711700
32 256 1 0.6318742036819458
32 256 1 0.7056255340576172
32 256 1 0.6206071972846985
32 256 1 0.6604368686676025
32 256 1 0.7817172408103943
32 256 1 0.6007370352745056
32 256 1 0.7511869668960571
32 256 1 0.7944406270980835
32 256 1 0.6329861283302307
32 256 1 0.6488326191902161
32 256 1 0.9011088609695435
32 256 1 0.8346001505851746
32 256 1 0.8690162897109985
32 256 1 0.6402062177658081
32 256 1 0.7609193921089172
32 256 1 0.6287789344787598
32 256 1 0.5879356265068054
32 256 1 0.6023857593536377
32 256 1 0.7875158786773682
32 256 1 0.8298993110656738
32 512 1 0.6011554598808289
32 512 1 0.5762610435485840
32 512 1 0.5705617666244507
32 512 1 0.4451670348644257
32 512 1 0.5832720994949341
32 512 1 0.4924068748950958
32 512 1 0.5902357697486877
32 512 1 0.5944409370422363
32 512 1 0.5357586741447449
32 512 1 0.5463845729827881
32 512 1 0.6314575672149658
32 512 1 0.6158024668693542
32 512 1 0.5474789738655090
32 512 1 0.5686205625534058
32 512 1 0.5940206646919250
32 512 1 0.4029046893119812
32 512 1 0.8986257314682007
32 512 1 0.5336346030235291
32 512 1 0.5014345645904541
32 512 1 0.6145428419113159
32 512 1 0.5147515535354614
32 512 1 0.6114600896835327
32 512 1 0.6051702499389648
32 512 1 0.5123104453086853
32 512 1 0.5284224152565002
32 512 1 0.7145971655845642
32 512 1 0.5291126966476440
32 512 1 0.5431696176528931
32 512 1 0.6533092260360718
32 512 1 0.4717101752758026
32 512 1 0.5219511389732361
32 512 1 0.5326998233795166
32 512 1 0.6218231916427612
32 512 1 0.4711621403694153
32 512 1 0.4931539595127106
32 512 1 0.5977906584739685
32 512 1 0.5667416453361511
32 512 1 0.5884956717491150
32 512 1 0.5042184591293335
32 512 1 0.5709572434425354
32 512 1 0.4912308156490326
32 512 1 0.4470053613185883
32 512 1 0.6772852540016174
32 512 1 0.4926710426807404
32 512 1 0.4733968675136566
32 512 1 0.5151928067207336
32 512 1 0.6488351225852966
32 512 1 0.5504673123359680
32 512 1 0.5518352985382080
32 512 1 0.4601375162601471
32 512 1 0.5633943676948547
32 512 1 0.5629265904426575
32 512 1 0.6270842552185059
32 512 1 0.6584777832031250
32 512 1 0.6622810959815979
32 512 1 0.5605766773223877
32 512 1 0.5722797513008118
32 512 1 0.5594289898872375
32 512 1 0.5787863731384277
32 512 1 0.6068587303161621
32 512 1 0.5329892635345459
32 512 1 0.4641496539115906
32 512 1 0.5170230269432068
32 512 1 0.6300635337829590
32 512 1 0.5378690958023071
32 512 1 0.4489222466945648
32 512 1 0.5257242321968079
32 512 1 0.6436455249786377
32 512 1 0.5901982784271240
32 512 1 0.5482781529426575
32 512 1 0.5946713089942932
32 512 1 0.5142202973365784
32 512 1 0.6557970643043518
32 512 1 0.5291710495948792
32 512 1 0.6371040940284729
32 512 1 0.5309159755706787
32 512 1 0.5684551000595093
32 512 1 0.5948836803436279
32 512 1 0.4787119030952454
32 512 1 0.5405571460723877
32 512 1 0.5522834658622742
32 512 1 0.4614608287811279
32 512 1 0.4942114949226379
32 512 1 0.7115025520324707
32 512 1 0.5474112629890442
32 512 1 0.6017493009567261
32 512 1 0.4861518442630768
32 512 1 0.5885758399963379
32 512 1 0.6361234784126282
32 512 1 0.5456521511077881
32 512 1 0.5980506539344788
32 512 1 0.6702142357826233
32 512 1 0.5399962067604065
32 512 1 0.6967290639877319
32 512 1 0.6769051551818848
32 512 1 0.5166020393371582
32 512 1 0.5582504868507385
32 512 1 0.5528383255004883
32 512 1 0.6532706618309021
32 512 1 0.5657759308815002
64 4 1 4.7574162483215332
64 4 1 7.5978522300720215
64 4 1 5.6826610565185547
64 4 1 3.7201645374298096
64 4 1 2.3259558677673340
64 4 1 7.4333324432373047
64 4 1 7.4610500335693359
64 4 1 5.2235264778137207
64 4 1 5.6791796684265137
64 4 1 5.9717655181884766
64 4 1 23.9477272033691406
64 4 1 10.0804605484008789
64 4 1 7.5348420143127441
64 4 1 8.2557191848754883
64 4 1 4.8491630554199219
64 4 1 2.5656890869140625
64 4 1 10.8572435379028320
64 4 1 9.9719295501708984
64 4 1 10.8185214996337891
64 4 1 5.3512034416198730
64 4 1 17.6702117919921875
64 4 1 5.9505462646484375
64 4 1 3.9992644786834717
64 4 1 4.2947545051574707
64 4 1 6.1411738395690918
64 4 1 10.6129417419433594
64 4 1 6.0739111900329590
64 4 1 6.1850543022155762
64 4 1 6.5798549652099609
64 4 1 11.8271970748901367
64 4 1 12.0569028854370117
64 4 1 3.4044432640075684
64 4 1 5.4230132102966309
64 4 1 5.6409196853637695
64 4 1 3.6129844188690186
64 4 1 9.0498991012573242
64 4 1 6.8113665580749512
64 4 1 3.5879735946655273
64 4 1 6.8526172637939453
64 4 1 5.8428654670715332
64 4 1 4.8751893043518066
64 4 1 7.6588478088378906
64 4 1 6.7389621734619141
64 4 1 8.0526018142700195
64 4 1 6.3436951637268066
64 4 1 13.5822181701660156
64 4 1 3.4772374629974365
64 4 1 11.7609109878540039
64 4 1 9.0879211425781250
64 4 1 6.7254681587219238
64 4 1 8.6788091659545898
64 4 1 3.2201657295227051
64 4 1 5.5203614234924316
64 4 1 4.7968006134033203
64 4 1 6.2789616584777832
64 4 1 16.1767292022705078
64 4 1 5.1581921577453613
64 4 1 4.4019355773925781
64 4 1 9.9384126663208008
64 4 1 9.7030153274536133
64 4 1 10.2719297409057617
64 4 1 4.0210738182067871
64 4 1 13.0542478561401367
64 4 1 3.5037584304809570
64 4 1 15.8619117736816406
64 4 1 11.3941612243652344
64 4 1 6.9819669723510742
64 4 1 5.0638451576232910
64 4 1 9.3913183212280273
64 4 1 3.8007874488830566
64 4 1 7.4716668128967285
64 4 1 15.1170730590820312
64 4 1 7.5688948631286621
64 4 1 2.7451434135437012
64 4 1 14.4486141204833984
64 4 1 5.6844258308410645
64 4 1 5.5924072265625000
64 4 1 2.0855422019958496
64 4 1 5.4394865036010742
64 4 1 5.0990834236145020
64 4 1 8.0823516845703125
64 4 1 5.5995726585388184
64 4 1 7.4000225067138672
64 4 1 4.3409719467163086
64 4 1 24.7223587036132812
64 4 1 5.0499887466430664
64 4 1 2.9332787990570068
64 4 1 10.8601303100585938
64 4 1 2.2256371974945068
64 4 1 2.6866137981414795
64 4 1 6.2794079780578613
64 4 1 12.3960666656494141
64 4 1 8.7612619400024414
64 4 1 12.3926687240600586
64 4 1 8.0931110382080078
64 4 1 8.0004158020019531
64 4 1 6.8723034858703613
64 4 1 4.3125028610229492
64 4 1 3.7650356292724609
64 4 1 10.7329750061035156
64 8 1 2.0669276714324951
64 8 1 3.0840387344360352
64 8 1 4.0500788688659668
64 8 1 3.2185192108154297
64 8 1 2.7209429740905762
64 8 1 4.3829264640808105
64 8 1 3.7391192913055420
64 8 1 2.5797109603881836
64 8 1 2.5124354362487793
64 8 1 2.7631042003631592
64 8 1 7.9882831573486328
64 8 1 4.8380155563354492
64 8 1 3.1947700977325439
64 8 1 9.0844907760620117
64 8 1 3.0097591876983643
64 8 1 7.2070450782775879
64 8 1 2.9600417613983154
64 8 1 2.1861083507537842
64 8 1 3.3245232105255127
64 8 1 5.6556525230407715
64 8 1 4.8112120628356934
64 8 1 2.0135974884033203
64 8 1 1.6607607603073120
64 8 1 3.4855933189392090
64 8 1 1.2788858413696289
64 8 1 2.0456037521362305
64 8 1 3.2057323455810547
64 8 1 3.7071380615234375
64 8 1 3.3313384056091309
64 8 1 3.7461950778961182
64 8 1 8.1400375366210938
64 8 1 3.7237906455993652
64 8 1 3.5029022693634033
64 8 1 4.9863090515136719
64 8 1 6.1385383605957031
64 8 1 3.2100009918212891
64 8 1 2.5755341053009033
64 8 1 2.3610510826110840
64 8 1 5.7407665252685547
64 8 1 4.5274939537048340
64 8 1 4.0083279609680176
64 8 1 2.7862982749938965
64 8 1 3.6796646118164062
64 8 1 2.7893342971801758
64 8 1 4.9719858169555664
64 8 1 2.6138906478881836
64 8 1 3.6282455921173096
64 8 1 3.8426570892333984
64 8 1 1.7637170553207397
64 8 1 2.2843737602233887
64 8 1 4.7089304924011230
64 8 1 2.0321834087371826
64 8 1 4.5712103843688965
64 8 1 3.2095608711242676
64 8 1 3.8153433799743652
64 8 1 7.4717030525207520
64 8 1 6.3358397483825684
64 8 1 3.3119821548461914
64 8 1 5.4520978927612305
64 8 1 2.2854762077331543
64 8 1 1.7103060483932495
64 8 1 3.7593383789062500
64 8 1 1.4890048503875732
64 8 1 2.9088721275329590
64 8 1 1.7519274950027466
64 8 1 4.4383769035339355
64 8 1 2.9948122501373291
64 8 1 2.6116914749145508
64 8 1 2.0903487205505371
64 8 1 6.8194651603698730
64 8 1 2.0817551612854004
64 8 1 3.8154022693634033
64 8 1 5.5794053077697754
64 8 1 2.2502021789550781
64 8 1 4.4759182929992676
64 8 1 2.4232902526855469
64 8 1 4.3435349464416504
64 8 1 2.4511716365814209
64 8 1 3.4762613773345947
64 8 1 2.0447614192962646
64 8 1 2.8352429866790771
64 8 1 1.7964890003204346
64 8 1 2.3184888362884521
64 8 1 4.3555693626403809
64 8 1 4.8692851066589355
64 8 1 2.5001084804534912
64 8 1 3.0465097427368164
64 8 1 2.3090102672576904
64 8 1 7.1019744873046875
64 8 1 3.0652999877929688
64 8 1 1.9444087743759155
64 8 1 3.7375121116638184
64 8 1 2.5508189201354980
64 8 1 4.6516222953796387
64 8 1 2.2687697410583496
64 8 1 4.0709519386291504
64 8 1 6.0338706970214844
64 8 1 3.7904109954833984
64 8 1 6.1954603195190430
64 8 1 2.4939968585968018
64 16 1 2.6167364120483398
64 16 1 2.1910774707794189
64 16 1 2.5214262008666992
64 16 1 2.6787302494049072
64 16 1 2.1710376739501953
64 16 1 1.7096918821334839
64 16 1 3.0761120319366455
64 16 1 1.2350565195083618
64 16 1 2.0763959884643555
64 16 1 2.0987665653228760
64 16 1 1.2685586214065552
64 16 1 1.7607355117797852
64 16 1 2.2396507263183594
64 16 1 1.3605911731719971
64 16 1 0.9601216316223145
64 16 1 1.5741964578628540
64 16 1 1.8168426752090454
64 16 1 2.3437693119049072
64 16 1 1.3556843996047974
64 16 1 1.8016127347946167
64 16 1 0.8153665661811829
64 16 1 1.4965178966522217
64 16 1 2.8223209381103516
64 16 1 0.9439272880554199
64 16 1 2.1741027832031250
64 16 1 2.5510604381561279
64 16 1 1.3266199827194214
64 16 1 2.0489335060119629
64 16 1 2.2238779067993164
64 16 1 3.7360646724700928
64 16 1 1.2704777717590332
64 16 1 2.6593713760375977
64 16 1 1.4878996610641479
64 16 1 1.4798556566238403
64 16 1 3.5288534164428711
64 16 1 0.9416871666908264
64 16 1 1.4161262512207031
64 16 1 2.2291395664215088
64 16 1 2.6202785968780518
64 16 1 1.0738738775253296
64 16 1 2.7838809490203857
64 16 1 2.2421486377716064
64 16 1 2.9327890872955322
64 16 1 1.1708500385284424
64 16 1 1.9483221769332886
64 16 1 1.8615863323211670
64 16 1 1.9718333482742310
64 16 1 1.1582192182540894
64 16 1 2.0542933940887451
64 16 1 1.5123225450515747
64 16 1 2.7207598686218262
64 16 1 1.4043281078338623
64 16 1 2.5601608753204346
64 16 1 2.0714929103851318
64 16 1 1.7715955972671509
64 16 1 1.9827326536178589
64 16 1 1.8893406391143799
64 16 1 2.0927112102508545
64 16 1 3.3674042224884033
64 16 1 1.6374466419219971
64 16 1 2.3014581203460693
64 16 1 0.9719529151916504
64 16 1 1.4762620925903320
64 16 1 2.1671760082244873
64 16 1 3.2972571849822998
64 16 1 0.9937924742698669
64 16 1 3.3375425338745117
64 16 1 3.1801977157592773
64 16 1 1.1303005218505859
64 16 1 2.2184777259826660
64 16 1 2.3565633296966553
64 16 1 1.7234841585159302
64 16 1 2.5996844768524170
64 16 1 2.5017366409301758
64 16 1 1.5611333847045898
64 16 1 3.3709127902984619
64 16 1 2.1777238845825195
64 16 1 1.9939194917678833
64 16 1 2.0312170982360840
64 16 1 2.4579737186431885
64 16 1 2.0782096385955811
64 16 1 1.7060096263885498
64 16 1 2.7535998821258545
64 16 1 1.8503851890563965
64 16 1 3.3951163291931152
64 16 1 1.6652678251266479
64 16 1 1.1814718246459961
64 16 1 1.6769596338272095
64 16 1 1.8083134889602661
64 16 1 1.4060767889022827
64 16 1 2.2898490428924561
64 16 1 0.9521465897560120
64 16 1 0.7881420850753784
64 16 1 2.4771523475646973
64 16 1 2.8711276054382324
64 16 1 2.0139014720916748
64 16 1 1.5250868797302246
64 16 1 2.8979287147521973
64 16 1 1.8091611862182617
64 16 1 1.5014076232910156
64 32 1 0.9439234733581543
64 32 1 1.2435100078582764
64 32 1 1.3749876022338867
64 32 1 1.3614772558212280
64 32 1 1.4561207294464111
64 32 1 1.0649328231811523
64 32 1 0.9083346724510193
64 32 1 1.8836528062820435
64 32 1 2.0700063705444336
64 32 1 1.1211088895797729
64 32 1 0.9615851044654846
64 32 1 0.7470391988754272
64 32 1 0.7125522494316101
64 32 1 1.1079949140548706
64 32 1 1.4485551118850708
64 32 1 1.0635578632354736
64 32 1 0.7987902760505676
64 32 1 0.9077944755554199
64 32 1 1.4416176080703735
64 32 1 0.8908765316009521
64 32 1 1.2591047286987305
64 32 1 1.2985923290252686
64 32 1 1.5290236473083496
64 32 1 0.8683876991271973
64 32 1 1.4073841571807861
64 32 1 1.2459983825683594
64 32 1 1.6466763019561768
64 32 1 1.5439658164978027
64 32 1 0.8931288719177246
64 32 1 0.9327048659324646
64 32 1 0.8088626265525818
64 32 1 1.4804898500442505
64 32 1 0.6674044132232666
64 32 1 0.8844479322433472
64 32 1 1.1852693557739258
64 32 1 0.9844343662261963
64 32 1 1.1551934480667114
64 32 1 1.5169616937637329
64 32 1 1.6281788349151611
64 32 1 0.9897093176841736
64 32 1 0.7516164183616638
64 32 1 1.3850692510604858
64 32 1 0.9314491152763367
64 32 1 1.5112298727035522
64 32 1 1.1947445869445801
64 32 1 1.1550862789154053
64 32 1 1.0738371610641479
64 32 1 0.8297955989837646
64 32 1 1.1340987682342529
64 32 1 0.9031211733818054
64 32 1 0.7833197116851807
64 32 1 1.0541162490844727
64 32 1 1.7234997749328613
64 32 1 1.1587853431701660
64 32 1 1.1558086872100830
64 32 1 1.4545779228210449
64 32 1 1.1833132505416870
64 32 1 1.4393423795700073
64 32 1 1.1498541831970215
64 32 1 0.9373446702957153
64 32 1 1.9734008312225342
64 32 1 1.0815129280090332
64 32 1 0.8171828985214233
64 32 1 1.1013731956481934
64 32 1 1.6490523815155029
64 32 1 0.9349247813224792
64 32 1 1.1629362106323242
64 32 1 0.9448860287666321
64 32 1 0.9285970926284790
64 32 1 1.6332478523254395
64 32 1 0.7958343029022217
64 32 1 1.3686513900756836
64 32 1 1.2539006471633911
64 32 1 1.1735626459121704
64 32 1 0.9112641811370850
64 32 1 0.7638921141624451
64 32 1 0.8616331219673157
64 32 1 1.1038829088211060
64 32 1 1.5131851434707642
64 32 1 1.3034067153930664
64 32 1 2.1214232444763184
64 32 1 1.5408612489700317
64 32 1 1.1403069496154785
64 32 1 0.7560125589370728
64 32 1 1.4804980754852295
64 32 1 0.8265587687492371
64 32 1 0.9537727832794189
64 32 1 1.1272058486938477
64 32 1 1.0161262750625610
64 32 1 1.1147787570953369
64 32 1 0.9801115989685059
64 32 1 0.9795988202095032
64 32 1 1.8688436746597290
64 32 1 1.0777657032012939
64 32 1 1.6613180637359619
64 32 1 1.1878494024276733
64 32 1 1.2108759880065918
64 32 1 1.5332925319671631
64 32 1 1.6864454746246338
64 32 1 1.0284802913665771
64 64 1 0.9918750524520874
64 64 1 1.1726565361022949
64 64 1 1.2544668912887573
64 64 1 0.8723480701446533
64 64 1 0.6413664817810059
64 64 1 0.7490421533584595
64 64 1 0.8385717868804932
64 64 1 0.8472333550453186
64 64 1 0.8562414646148682
64 64 1 0.7096413373947144
64 64 1 0.8394366502761841
64 64 1 0.6745887994766235
64 64 1 0.8216647505760193
64 64 1 0.8847772479057312
64 64 1 0.7938773632049561
64 64 1 1.0256172418594360
64 64 1 0.7524093389511108
64 64 1 1.1298011541366577
64 64 1 1.0952492952346802
64 64 1 0.7172622680664062
64 64 1 0.6782442331314087
64 64 1 0.8195237517356873
64 64 1 1.0836625099182129
64 64 1 0.9032371044158936
64 64 1 0.7535250186920166
64 64 1 0.8416306972503662
64 64 1 1.2594177722930908
64 64 1 0.6770679354667664
64 64 1 1.0144637823104858
64 64 1 0.6846161484718323
64 64 1 0.6732041239738464
64 64 1 0.8094419836997986
64 64 1 0.8012036085128784
64 64 1 0.6650884151458740
64 64 1 0.6581308245658875
64 64 1 0.7432774305343628
64 64 1 0.7254515886306763
64 64 1 1.2398915290832520
64 64 1 0.8877209424972534
64 64 1 0.9276164174079895
64 64 1 0.9780169725418091
64 64 1 0.9332100749015808
64 64 1 0.7581478953361511
64 64 1 1.2241504192352295
64 64 1 0.7554779648780823
64 64 1 0.9253903031349182
64 64 1 0.8806654214859009
64 64 1 1.1608960628509521
64 64 1 1.1632426977157593
64 64 1 0.9227204322814941
64 64 1 1.1123766899108887
64 64 1 0.8272019028663635
64 64 1 1.1128083467483521
64 64 1 0.8114789724349976
64 64 1 0.8306797146797180
64 64 1 0.9122690558433533
64 64 1 0.8087270259857178
64 64 1 0.8536079525947571
64 64 1 0.9719278216362000
64 64 1 0.8641636371612549
64 64 1 0.8206658959388733
64 64 1 0.8100597262382507
64 64 1 0.6764132976531982
64 64 1 0.8477091789245605
64 64 1 1.2423076629638672
64 64 1 0.9431341290473938
64 64 1 0.6609762310981750
64 64 1 1.0927125215530396
64 64 1 0.7536952495574951
64 64 1 0.7091961503028870
64 64 1 0.7289520502090454
64 64 1 1.1052356958389282
64 64 1 0.8225751519203186
64 64 1 0.8931740522384644
64 64 1 0.6414403319358826
64 64 1 0.8124234676361084
64 64 1 0.5436375141143799
64 64 1 0.5168070793151855
64 64 1 0.7888901233673096
64 64 1 0.8861472606658936
64 64 1 0.7738349437713623
64 64 1 0.6917223930358887
64 64 1 0.8706837296485901
64 64 1 0.8265213966369629
64 64 1 0.7049223184585571
64 64 1 0.7707847356796265
64 64 1 0.7566109299659729
64 64 1 0.9411600232124329
64 64 1 0.9243820905685425
64 64 1 0.6791461706161499
64 64 1 0.5388295650482178
64 64 1 0.8666350841522217
64 64 1 0.9466674327850342
64 64 1 0.8881722092628479
64 64 1 0.7645334005355835
64 64 1 0.7827919721603394
64 64 1 0.7030829787254333
64 64 1 0.7074105739593506
64 64 1 1.1467585563659668
64 64 1 0.7131822705268860
64 128 1 0.5462801456451416
64 128 1 0.6128708124160767
64 128 1 0.7239785790443420
64 128 1 0.5989406704902649
64 128 1 0.6618703603744507
64 128 1 0.7493332028388977
64 128 1 0.6623675823211670
64 128 1 0.9405899643898010
64 128 1 0.4815944433212280
64 128 1 0.5353545546531677
64 128 1 0.6514951586723328
64 128 1 0.8307137489318848
64 128 1 0.6035645604133606
64 128 1 0.8359699845314026
64 128 1 0.6055724024772644
64 128 1 0.7522390484809875
64 128 1 0.6295481920242310
64 128 1 0.6394295692443848
64 128 1 0.5606554746627808
64 128 1 0.5472005605697632
64 128 1 0.6647940278053284
64 128 1 0.9037030935287476
64 128 1 0.7629266977310181
64 128 1 0.6015253663063049
64 128 1 0.6218307018280029
64 128 1 0.5999652147293091
64 128 1 0.7159009575843811
64 128 1 0.7407009005546570
64 128 1 0.6786189079284668
64 128 1 0.6081417202949524
64 128 1 0.6441645026206970
64 128 1 0.5505383014678955
64 128 1 0.5467685461044312
64 128 1 0.5229222178459167
64 128 1 0.6545789837837219
64 128 1 0.6164330244064331
64 128 1 0.6520619392395020
64 128 1 0.6263980269432068
64 128 1 0.6081710457801819
64 128 1 0.7469651103019714
64 128 1 0.9296097755432129
64 128 1 1.0779144763946533
64 128 1 0.5962613821029663
64 128 1 0.6534715294837952
64 128 1 0.5942077040672302
64 128 1 0.6991378664970398
64 128 1 0.6807479262351990
64 128 1 0.7201367020606995
64 128 1 0.6323652267456055
64 128 1 0.8156037330627441
64 128 1 0.7708693146705627
64 128 1 0.8129138350486755
64 128 1 0.7842952013015747
64 128 1 0.4822064340114594
64 128 1 0.6232800483703613
64 128 1 0.5085091590881348
64 128 1 0.6299748420715332
64 128 1 0.8535698056221008
64 128 1 0.7547473907470703
64 128 1 0.6739482879638672
64 128 1 0.6086918711662292
64 128 1 0.7010754942893982
64 128 1 0.5069903731346130
64 128 1 0.6440721154212952
64 128 1 0.5911433696746826
64 128 1 0.5070798993110657
64 128 1 0.5671098828315735
64 128 1 0.7624778747558594
64 128 1 0.7334476709365845
64 128 1 0.6048685312271118
64 128 1 0.5222331881523132
64 128 1 0.5605099201202393
64 128 1 0.6161204576492310
64 128 1 0.6969372034072876
64 128 1 0.7535079717636108
64 128 1 0.4704263806343079
64 128 1 0.6234548687934875
64 128 1 0.6054588556289673
64 128 1 0.7285366058349609
64 128 1 0.7629818916320801
64 128 1 0.6579218506813049
64 128 1 0.6506401896476746
64 128 1 0.8510199189186096
64 128 1 0.6563845276832581
64 128 1 0.6017446517944336
64 128 1 0.7348836660385132
64 128 1 0.7101953625679016
64 128 1 0.8186214566230774
64 128 1 0.8459554910659790
64 128 1 0.6109746098518372
64 128 1 0.6610974073410034
64 128 1 0.5449865460395813
64 128 1 0.5993511676788330
64 128 1 0.6160864830017090
64 128 1 0.7503999471664429
64 128 1 0.4803142547607422
64 128 1 0.5625960230827332
64 128 1 0.6223615407943726
64 128 1 0.6131781339645386
64 128 1 0.6394309997558594
64 256 1 0.6265910267829895
64 256 1 0.6398576498031616
64 256 1 0.5309871435165405
64 256 1 0.6197056770324707
64 256 1 0.5644487142562866
64 256 1 0.7721704244613647
64 256 1 0.5323560237884521
64 256 1 0.5249645709991455
64 256 1 0.6294010281562805
64 256 1 0.5482533574104309
64 256 1 0.5709443092346191
64 256 1 0.6457647681236267
64 256 1 0.6056600809097290
64 256 1 0.6005763411521912
64 256 1 0.4707215428352356
64 256 1 0.5966807007789612
64 256 1 0.5855699777603149
64 256 1 0.6533200740814209
64 256 1 0.5804002285003662
64 256 1 0.5543826222419739
64 256 1 0.4607589244842529
64 256 1 0.6466884613037109
64 256 1 0.6548315286636353
64 256 1 0.6402915716171265
64 256 1 0.5750579237937927
64 256 1 0.4571498036384583
64 256 1 0.5426723361015320
64 256 1 0.5453174114227295
64 256 1 0.5226747393608093
64 256 1 0.4609481096267700
64 256 1 0.5823589563369751
64 256 1 0.6464409828186035
64 256 1 0.5696120858192444
64 256 1 0.5410501956939697
64 256 1 0.4682635366916656
64 256 1 0.5612900257110596
64 256 1 0.4826029241085052
64 256 1 0.4521881341934204
64 256 1 0.5140879154205322
64 256 1 0.5606001615524292
64 256 1 0.5033625364303589
64 256 1 0.5510521531105042
64 256 1 0.6122167706489563
64 256 1 0.5106645822525024
64 256 1 0.5857021808624268
64 256 1 0.6860136985778809
64 256 1 0.5321184992790222
64 256 1 0.5552755594253540
64 256 1 0.5536003708839417
64 256 1 0.5793071985244751
64 256 1 0.5993137955665588
64 256 1 0.7763331532478333
64 256 1 0.5094587206840515
64 256 1 0.5117647647857666
64 256 1 0.5449155569076538
64 256 1 0.6345065832138062
64 256 1 0.5380003452301025
64 256 1 0.5333366990089417
64 256 1 0.6292635202407837
64 256 1 0.6044967174530029
64 256 1 0.7421931624412537
64 256 1 0.5486726164817810
64 256 1 0.6417919993400574
64 256 1 0.5126243829727173
64 256 1 0.6141263842582703
64 256 1 0.5053611993789673
64 256 1 0.5443399548530579
64 256 1 0.6300694942474365
64 256 1 0.4960709512233734
64 256 1 0.5009105205535889
64 256 1 0.5189870595932007
64 256 1 0.6211251616477966
64 256 1 0.6292678117752075
64 256 1 0.5086917281150818
64 256 1 0.5989446640014648
64 256 1 0.4930783510208130
64 256 1 0.5153442621231079
64 256 1 0.6137898564338684
64 256 1 0.6092452406883240
64 256 1 0.5569309592247009
64 256 1 0.5105315446853638
64 256 1 0.6118886470794678
64 256 1 0.6935034990310669
64 256 1 0.4559866189956665
64 256 1 0.5387504696846008
64 256 1 0.5374389290809631
64 256 1 0.4843434989452362
64 256 1 0.5093618631362915
64 256 1 0.5170809626579285
64 256 1 0.5513452291488647
64 256 1 0.5960824489593506
64 256 1 0.6449116468429565
64 256 1 0.5610585212707520
64 256 1 0.4974937438964844
64 256 1 0.5832303762435913
64 256 1 0.5271292924880981
64 256 1 0.6696422100067139
64 256 1 0.6653004288673401
64 256 1 0.5690734982490540
64 256 1 0.5286483764648438
64 512 1 0.4464857876300812
64 512 1 0.4212646782398224
64 512 1 0.4654267430305481
64 512 1 0.4790216684341431
64 512 1 0.4677382409572601
64 512 1 0.5388458371162415
64 512 1 0.4941884577274323
64 512 1 0.4255727529525757
64 512 1 0.4127190411090851
64 512 1 0.5355713963508606
64 512 1 0.4172020852565765
64 512 1 0.5016881823539734
64 512 1 0.5244529843330383
64 512 1 0.5872123241424561
64 512 1 0.4904112219810486
64 512 1 0.5471177101135254
64 512 1 0.4582639336585999
64 512 1 0.5704156160354614
64 512 1 0.4889126718044281
64 512 1 0.4752711951732635
64 512 1 0.4225961565971375
64 512 1 0.3923619389533997
64 512 1 0.4992220997810364
64 512 1 0.5999331474304199
64 512 1 0.4036883413791656
64 512 1 0.4767020940780640
64 512 1 0.5520229339599609
64 512 1 0.5464255213737488
64 512 1 0.4904867410659790
64 512 1 0.4672581553459167
64 512 1 0.4384220540523529
64 512 1 0.5729131698608398
64 512 1 0.5766304135322571
64 512 1 0.6024566888809204
64 512 1 0.5238184928894043
64 512 1 0.4955540895462036
64 512 1 0.5401605963706970
64 512 1 0.4597564041614532
64 512 1 0.4304731786251068
64 512 1 0.5738270282745361
64 512 1 0.4875681400299072
64 512 1 0.4695794582366943
64 512 1 0.5032693743705750
64 512 1 0.4481473267078400
64 512 1 0.5705034136772156
64 512 1 0.4671612083911896
64 512 1 0.4401214122772217
64 512 1 0.4380330145359039
64 512 1 0.5277660489082336
64 512 1 0.5518182516098022
64 512 1 0.4716972708702087
64 512 1 0.5121838450431824
64 512 1 0.5527565479278564
64 512 1 0.5942863225936890
64 512 1 0.5440142750740051
64 512 1 0.4852755665779114
64 512 1 0.5347725152969360
64 512 1 0.4628816545009613
64 512 1 0.4925533235073090
64 512 1 0.4221551418304443
64 512 1 0.4925798475742340
64 512 1 0.4712988734245300
64 512 1 0.5307096242904663
64 512 1 0.5005891919136047
64 512 1 0.5738460421562195
64 512 1 0.4449326395988464
64 512 1 0.5517249107360840
64 512 1 0.5378302931785583
64 512 1 0.5510596632957458
64 512 1 0.4908514320850372
64 512 1 0.4503467082977295
64 512 1 0.5102971196174622
64 512 1 0.5136476755142212
64 512 1 0.5044428706169128
64 512 1 0.4939072430133820
64 512 1 0.4695212543010712
64 512 1 0.5210909247398376
64 512 1 0.4702109992504120
64 512 1 0.4525983929634094
64 512 1 0.4378273785114288
64 512 1 0.4910295009613037
64 512 1 0.4737758338451385
64 512 1 0.6103249788284302
64 512 1 0.4191696047782898
64 512 1 0.5301963090896606
64 512 1 0.4916719496250153
64 512 1 0.4572510123252869
64 512 1 0.4913677275180817
64 512 1 0.4739325642585754
64 512 1 0.5870818495750427
64 512 1 0.5450127124786377
64 512 1 0.4313123226165771
64 512 1 0.4634221792221069
64 512 1 0.5513420104980469
64 512 1 0.5788597464561462
64 512 1 0.4952377080917358
64 512 1 0.3886177539825439
64 512 1 0.4685921072959900
64 512 1 0.5279376506805420
64 512 1 0.4255868494510651
128 4 1 5.2150335311889648
128 4 1 5.2281785011291504
128 4 1 13.6581172943115234
128 4 1 7.6450233459472656
128 4 1 5.4930310249328613
128 4 1 2.2546629905700684
128 4 1 4.8869733810424805
128 4 1 8.9594554901123047
128 4 1 6.1003127098083496
128 4 1 4.8909544944763184
128 4 1 3.1806130409240723
128 4 1 2.0809106826782227
128 4 1 2.5772695541381836
128 4 1 3.8139038085937500
128 4 1 4.9718060493469238
128 4 1 9.5790987014770508
128 4 1 4.7472734451293945
128 4 1 8.5808744430541992
128 4 1 2.7268218994140625
128 4 1 5.7573442459106445
128 4 1 2.6417233943939209
128 4 1 11.8133993148803711
128 4 1 5.6195940971374512
128 4 1 7.8791346549987793
128 4 1 2.3166513442993164
128 4 1 12.6614160537719727
128 4 1 4.6709442138671875
128 4 1 4.2488036155700684
128 4 1 7.0259771347045898
128 4 1 3.3529746532440186
128 4 1 5.9863214492797852
128 4 1 12.8279857635498047
128 4 1 10.5711326599121094
128 4 1 4.3599958419799805
128 4 1 6.2091789245605469
128 4 1 5.2859525680541992
128 4 1 3.4509015083312988
128 4 1 2.7545588016510010
128 4 1 4.5239748954772949
128 4 1 3.6053533554077148
128 4 1 4.1625971794128418
128 4 1 10.1983127593994141
128 4 1 2.6730508804321289
128 4 1 3.6192793846130371
128 4 1 5.1484289169311523
128 4 1 3.9539141654968262
128 4 1 8.7951765060424805
128 4 1 6.0853495597839355
128 4 1 3.4753246307373047
128 4 1 5.4159746170043945
128 4 1 7.7535099983215332
128 4 1 11.3242769241333008
128 4 1 3.2885088920593262
128 4 1 6.2213969230651855
128 4 1 4.4129638671875000
128 4 1 5.1224837303161621
128 4 1 2.9018912315368652
128 4 1 5.4113216400146484
128 4 1 7.3957233428955078
128 4 1 6.3576679229736328
128 4 1 7.4523077011108398
128 4 1 3.0434186458587646
128 4 1 1.8514202833175659
128 4 1 3.3070580959320068
128 4 1 5.4235754013061523
128 4 1 8.8255290985107422
128 4 1 4.1360359191894531
128 4 1 6.1975536346435547
128 4 1 4.9296183586120605
128 4 1 3.9231636524200439
128 4 1 3.9503884315490723
128 4 1 4.8790669441223145
128 4 1 7.2111911773681641
128 4 1 2.4424505233764648
128 4 1 3.3103125095367432
128 4 1 4.0026178359985352
128 4 1 3.9002060890197754
128 4 1 7.2691621780395508
128 4 1 3.6944496631622314
128 4 1 4.7551150321960449
128 4 1 2.5185844898223877
128 4 1 3.2075710296630859
128 4 1 5.9544825553894043
128 4 1 4.9105629920959473
128 4 1 6.7690052986145020
128 4 1 5.7247953414916992
128 4 1 13.4270439147949219
128 4 1 6.0263271331787109
128 4 1 2.9233846664428711
128 4 1 4.7208127975463867
128 4 1 7.6055006980895996
128 4 1 3.2728903293609619
128 4 1 5.3842492103576660
128 4 1 7.2064161300659180
128 4 1 3.7513980865478516
128 4 1 5.9288787841796875
128 4 1 2.4761343002319336
128 4 1 2.8178048133850098
128 4 1 5.8806190490722656
128 4 1 7.3864569664001465
128 8 1 3.3564577102661133
128 8 1 2.1818768978118896
128 8 1 2.4835333824157715
128 8 1 3.7288033962249756
128 8 1 2.2455489635467529
128 8 1 1.3945207595825195
128 8 1 3.8254501819610596
128 8 1 1.9756991863250732
128 8 1 3.4075908660888672
128 8 1 3.4886167049407959
128 8 1 4.2747826576232910
128 8 1 1.4128624200820923
128 8 1 5.2390193939208984
128 8 1 3.3095335960388184
128 8 1 4.3042984008789062
128 8 1 1.1736826896667480
128 8 1 1.9471774101257324
128 8 1 1.2344745397567749
128 8 1 3.3918642997741699
128 8 1 2.1948423385620117
128 8 1 1.8895175457000732
128 8 1 2.0037059783935547
128 8 1 1.6990357637405396
128 8 1 3.3721332550048828
128 8 1 2.7465851306915283
128 8 1 4.7888755798339844
128 8 1 3.0278799533843994
128 8 1 3.4114999771118164
128 8 1 1.9101480245590210
128 8 1 1.7953572273254395
128 8 1 1.3007633686065674
128 8 1 1.8658347129821777
128 8 1 1.2947465181350708
128 8 1 1.6314636468887329
128 8 1 2.0406444072723389
128 8 1 4.4465699195861816
128 8 1 3.7928354740142822
128 8 1 2.6581373214721680
128 8 1 3.4446234703063965
128 8 1 2.1186828613281250
128 8 1 2.8246755599975586
128 8 1 4.3494215011596680
128 8 1 2.1096796989440918
128 8 1 2.7447175979614258
128 8 1 4.9837846755981445
128 8 1 4.9974427223205566
128 8 1 1.7651324272155762
128 8 1 4.5450105667114258
128 8 1 2.0705704689025879
128 8 1 2.3285515308380127
128 8 1 2.6367263793945312
128 8 1 2.9717867374420166
128 8 1 2.3435285091400146
128 8 1 1.9554798603057861
128 8 1 3.1252956390380859
128 8 1 7.0571079254150391
128 8 1 3.8751449584960938
128 8 1 2.1117076873779297
128 8 1 2.9588601589202881
128 8 1 1.8951902389526367
128 8 1 5.9328479766845703
128 8 1 3.3762955665588379
128 8 1 1.5110249519348145
128 8 1 2.8661756515502930
128 8 1 2.8943762779235840
128 8 1 1.0713107585906982
128 8 1 3.3432886600494385
128 8 1 1.4749702215194702
128 8 1 1.5135798454284668
128 8 1 1.6710940599441528
128 8 1 2.0835068225860596
128 8 1 1.4531973600387573
128 8 1 3.1456506252288818
128 8 1 4.9588122367858887
128 8 1 2.0155582427978516
128 8 1 3.7587327957153320
128 8 1 2.1707315444946289
128 8 1 5.2027997970581055
128 8 1 5.7872877120971680
128 8 1 2.1839871406555176
128 8 1 2.1939246654510498
128 8 1 3.0670943260192871
128 8 1 2.5536901950836182
128 8 1 2.5383870601654053
128 8 1 1.3744702339172363
128 8 1 2.9174132347106934
128 8 1 2.1013448238372803
128 8 1 2.9649207592010498
128 8 1 3.2198281288146973
128 8 1 3.7151238918304443
128 8 1 1.3034827709197998
128 8 1 1.1780095100402832
128 8 1 1.9975845813751221
128 8 1 5.2162785530090332
128 8 1 3.9922516345977783
128 8 1 4.8414487838745117
128 8 1 2.3258652687072754
128 8 1 2.1824648380279541
128 8 1 2.3356065750122070
128 8 1 2.2652595043182373
128 16 1 1.2852455377578735
128 16 1 2.8441231250762939
128 16 1 1.2460651397705078
128 16 1 1.3479766845703125
128 16 1 1.0543330907821655
128 16 1 1.4871331453323364
128 16 1 2.6489279270172119
128 16 1 1.1970245838165283
128 16 1 1.1381374597549438
128 16 1 1.5509252548217773
128 16 1 0.9846747517585754
128 16 1 1.5917587280273438
128 16 1 1.1945972442626953
128 16 1 1.1965126991271973
128 16 1 1.2158564329147339
128 16 1 1.1376490592956543
128 16 1 1.2979693412780762
128 16 1 2.0673882961273193
128 16 1 1.5176539421081543
128 16 1 1.8927232027053833
128 16 1 1.5734639167785645
128 16 1 2.8747198581695557
128 16 1 0.8892124295234680
128 16 1 1.3271178007125854
128 16 1 1.0219833850860596
128 16 1 1.0103883743286133
128 16 1 1.1311907768249512
128 16 1 1.6196087598800659
128 16 1 1.5052360296249390
128 16 1 1.1304528713226318
128 16 1 1.5370956659317017
128 16 1 1.8662495613098145
128 16 1 2.6335210800170898
128 16 1 1.5262024402618408
128 16 1 0.8577641248703003
128 16 1 1.7191383838653564
128 16 1 1.4996381998062134
128 16 1 1.1920402050018311
128 16 1 3.3741531372070312
128 16 1 1.0923701524734497
128 16 1 1.6327894926071167
128 16 1 1.2737474441528320
128 16 1 0.9375724792480469
128 16 1 1.6748967170715332
128 16 1 1.2488367557525635
128 16 1 0.8821972012519836
128 16 1 1.1089805364608765
128 16 1 1.7946902513504028
128 16 1 1.1673356294631958
128 16 1 2.5942466259002686
128 16 1 0.8863424658775330
128 16 1 1.5702676773071289
128 16 1 1.1590664386749268
128 16 1 1.1551853418350220
128 16 1 1.4148231744766235
128 16 1 2.9496843814849854
128 16 1 1.0659980773925781
128 16 1 1.3333156108856201
128 16 1 1.0780488252639771
128 16 1 2.2207541465759277
128 16 1 1.3033554553985596
128 16 1 1.0243713855743408
128 16 1 3.0266661643981934
128 16 1 1.4003520011901855
128 16 1 2.2539763450622559
128 16 1 1.2787665128707886
128 16 1 1.5568938255310059
128 16 1 1.9710649251937866
128 16 1 1.0041954517364502
128 16 1 1.2943371534347534
128 16 1 0.9156340956687927
128 16 1 3.0156638622283936
128 16 1 1.2146964073181152
128 16 1 1.5091305971145630
128 16 1 0.8685853481292725
128 16 1 1.2402391433715820
128 16 1 2.3994057178497314
128 16 1 1.1229566335678101
128 16 1 0.9081192612648010
128 16 1 1.2520132064819336
128 16 1 1.6652294397354126
128 16 1 1.0284149646759033
128 16 1 1.3633484840393066
128 16 1 1.7159755229949951
128 16 1 1.6625812053680420
128 16 1 1.1864987611770630
128 16 1 1.6008100509643555
128 16 1 1.0521068572998047
128 16 1 1.4163416624069214
128 16 1 0.8793352246284485
128 16 1 2.3100759983062744
128 16 1 1.2311822175979614
128 16 1 1.8262944221496582
128 16 1 0.9707140922546387
128 16 1 1.4393036365509033
128 16 1 2.1410744190216064
128 16 1 2.1370420455932617
128 16 1 1.4985802173614502
128 16 1 1.1638051271438599
128 16 1 1.6794967651367188
128 32 1 0.8922009468078613
128 32 1 1.2165017127990723
128 32 1 0.7296589016914368
128 32 1 1.1128786802291870
128 32 1 0.9161455631256104
128 32 1 1.0975085496902466
128 32 1 1.0208686590194702
128 32 1 0.6169720292091370
128 32 1 1.7851251363754272
128 32 1 1.0294190645217896
128 32 1 0.8300242424011230
128 32 1 1.1911168098449707
128 32 1 0.9409400820732117
128 32 1 1.1004185676574707
128 32 1 1.3247523307800293
128 32 1 0.8868751525878906
128 32 1 0.8709617853164673
128 32 1 0.7700886726379395
128 32 1 0.8560345172882080
128 32 1 0.6893896460533142
128 32 1 1.4062446355819702
128 32 1 1.1099036931991577
128 32 1 1.8364354372024536
128 32 1 1.0787891149520874
128 32 1 1.1699349880218506
128 32 1 0.7297201752662659
128 32 1 0.9005528092384338
128 32 1 1.2890399694442749
128 32 1 1.1305594444274902
128 32 1 1.0667327642440796
128 32 1 0.8212659358978271
128 32 1 1.0919101238250732
128 32 1 0.7843643426895142
128 32 1 0.9980553388595581
128 32 1 0.7217046618461609
128 32 1 0.6463040113449097
128 32 1 1.0076986551284790
128 32 1 0.9745867252349854
128 32 1 0.9693551063537598
128 32 1 0.8943475484848022
128 32 1 0.9462215900421143
128 32 1 0.8462843894958496
128 32 1 0.8506444692611694
128 32 1 0.9436019659042358
128 32 1 0.9716019630432129
128 32 1 0.8402713537216187
128 32 1 0.6714450716972351
128 32 1 0.7260349988937378
128 32 1 0.8558912873268127
128 32 1 0.9529029130935669
128 32 1 0.8262439966201782
128 32 1 0.9963368773460388
128 32 1 1.3490217924118042
128 32 1 1.0836777687072754
128 32 1 0.8900179862976074
128 32 1 0.8403216004371643
128 32 1 0.7661380171775818
128 32 1 0.7986862063407898
128 32 1 1.4787749052047729
128 32 1 0.8749320507049561
128 32 1 0.9514937400817871
128 32 1 0.6863918900489807
128 32 1 1.0380462408065796
128 32 1 0.9128714799880981
128 32 1 0.8205473423004150
128 32 1 0.8558897376060486
128 32 1 1.2092485427856445
128 32 1 0.8525630235671997
128 32 1 0.9276050329208374
128 32 1 0.7563697099685669
128 32 1 0.9806238412857056
128 32 1 0.7322146892547607
128 32 1 0.8620466589927673
128 32 1 0.9249695539474487
128 32 1 1.1433416604995728
128 32 1 0.8373293280601501
128 32 1 0.6516203880310059
128 32 1 0.8763403296470642
128 32 1 0.6992931962013245
128 32 1 0.6937361359596252
128 32 1 1.0548056364059448
128 32 1 0.7367668151855469
128 32 1 0.7016326785087585
128 32 1 0.8325250744819641
128 32 1 0.8415094017982483
128 32 1 1.0734264850616455
128 32 1 0.8703417778015137
128 32 1 0.6962904930114746
128 32 1 0.7196075320243835
128 32 1 1.0394581556320190
128 32 1 1.0962101221084595
128 32 1 0.7763348221778870
128 32 1 0.7415286898612976
128 32 1 0.8215141892433167
128 32 1 0.8517848849296570
128 32 1 1.0089826583862305
128 32 1 0.7553719878196716
128 32 1 0.6529201269149780
128 32 1 0.9016311168670654
128 32 1 0.9484103918075562
128 64 1 0.8532899618148804
128 64 1 0.6487495899200439
128 64 1 0.7256143093109131
128 64 1 0.6593964099884033
128 64 1 0.6417238712310791
128 64 1 0.7130942344665527
128 64 1 0.6347966790199280
128 64 1 0.5894483327865601
128 64 1 0.5921614766120911
128 64 1 0.5825603604316711
128 64 1 0.7898816466331482
128 64 1 0.6356926560401917
128 64 1 0.5019966363906860
128 64 1 0.5574033260345459
128 64 1 0.5934335589408875
128 64 1 0.8221288919448853
128 64 1 0.3988181054592133
128 64 1 0.6299226284027100
128 64 1 0.5849576592445374
128 64 1 0.8788098096847534
128 64 1 0.6415305137634277
128 64 1 0.6933351159095764
128 64 1 0.7738837599754333
128 64 1 0.7884388566017151
128 64 1 0.7393605709075928
128 64 1 0.5805237293243408
128 64 1 0.7699269056320190
128 64 1 0.7010689377784729
128 64 1 0.6416067481040955
128 64 1 0.5620160102844238
128 64 1 0.6493102908134460
128 64 1 0.8775348663330078
128 64 1 0.9526695013046265
128 64 1 0.5027773976325989
128 64 1 0.6115182042121887
128 64 1 0.6225864291191101
128 64 1 0.7190650701522827
128 64 1 0.8521137833595276
128 64 1 0.8141008615493774
128 64 1 0.6933224201202393
128 64 1 0.7618901133537292
128 64 1 0.6028782129287720
128 64 1 0.6084994673728943
128 64 1 0.6573830246925354
128 64 1 0.5614582300186157
128 64 1 0.9206700325012207
128 64 1 0.7623020410537720
128 64 1 0.7508801817893982
128 64 1 0.7636052966117859
128 64 1 0.6390904784202576
128 64 1 0.6410976648330688
128 64 1 0.6099006533622742
128 64 1 0.5083540678024292
128 64 1 1.1225315332412720
128 64 1 0.5319769382476807
128 64 1 0.7054965496063232
128 64 1 0.7219793200492859
128 64 1 0.7037942409515381
128 64 1 0.9564177989959717
128 64 1 1.0971332788467407
128 64 1 0.7890935540199280
128 64 1 0.6137239933013916
128 64 1 0.7305929064750671
128 64 1 0.6464198231697083
128 64 1 0.5912566184997559
128 64 1 0.7144423723220825
128 64 1 0.6934726834297180
128 64 1 0.5711865425109863
128 64 1 0.9120728969573975
128 64 1 0.8054104447364807
128 64 1 0.5662502050399780
128 64 1 0.6081508994102478
128 64 1 0.5853092670440674
128 64 1 0.5197843313217163
128 64 1 0.7109447717666626
128 64 1 0.5038164258003235
128 64 1 0.6642515063285828
128 64 1 0.6423333883285522
128 64 1 0.6976583600044250
128 64 1 0.6524516344070435
128 64 1 1.3290235996246338
128 64 1 0.5823611021041870
128 64 1 0.7660119533538818
128 64 1 0.7094770669937134
128 64 1 0.7817398905754089
128 64 1 0.5843719244003296
128 64 1 0.6080034375190735
128 64 1 0.6452877521514893
128 64 1 0.6492963433265686
128 64 1 0.6880639791488647
128 64 1 0.6803809404373169
128 64 1 0.5647417306900024
128 64 1 0.5215010643005371
128 64 1 0.6907988190650940
128 64 1 0.5597167015075684
128 64 1 0.5907518863677979
128 64 1 0.6234059929847717
128 64 1 0.6798901557922363
128 64 1 0.6765362620353699
128 64 1 0.6696088314056396
128 128 1 0.4839351177215576
128 128 1 0.4994829297065735
128 128 1 0.5465095043182373
128 128 1 0.5453009605407715
128 128 1 0.6757594347000122
128 128 1 0.7379569411277771
128 128 1 0.6961857676506042
128 128 1 0.5508940219879150
128 128 1 0.5472837686538696
128 128 1 0.6875401139259338
128 128 1 0.6625586748123169
128 128 1 0.4683118164539337
128 128 1 0.6623901128768921
128 128 1 0.4997114539146423
128 128 1 0.5885454416275024
128 128 1 0.5875154733657837
128 128 1 0.4881329238414764
128 128 1 0.6432871222496033
128 128 1 0.5565328598022461
128 128 1 0.6886097788810730
128 128 1 0.6140965819358826
128 128 1 0.4894511401653290
128 128 1 0.5324953794479370
128 128 1 0.6318255066871643
128 128 1 0.5636941790580750
128 128 1 0.6807235479354858
128 128 1 0.4600277245044708
128 128 1 0.5270420312881470
128 128 1 0.4618322849273682
128 128 1 0.6398155093193054
128 128 1 0.4800856709480286
128 128 1 0.5760073065757751
128 128 1 0.5013067126274109
128 128 1 0.5369139313697815
128 128 1 0.4734710454940796
128 128 1 0.5533850789070129
128 128 1 0.5036616921424866
128 128 1 0.5673551559448242
128 128 1 0.4771166741847992
128 128 1 0.6861621737480164
128 128 1 0.5415971875190735
128 128 1 0.5933533906936646
128 128 1 0.7203608751296997
128 128 1 0.5288605690002441
128 128 1 0.5820127725601196
128 128 1 0.5331007838249207
128 128 1 0.5754569768905640
128 128 1 0.5486966371536255
128 128 1 0.5211965441703796
128 128 1 0.5489460229873657
128 128 1 0.5554286837577820
128 128 1 0.6270132064819336
128 128 1 0.5726234316825867
128 128 1 0.7147258520126343
128 128 1 0.6205769777297974
128 128 1 0.6276323199272156
128 128 1 0.5326821804046631
128 128 1 0.4494877755641937
128 128 1 0.6321969628334045
128 128 1 0.5708429813385010
128 128 1 0.4338004589080811
128 128 1 0.5654017329216003
128 128 1 0.5457783341407776
128 128 1 0.6426576972007751
128 128 1 0.6106008291244507
128 128 1 0.5264449715614319
128 128 1 0.5631286501884460
128 128 1 0.5356448888778687
128 128 1 0.5594317913055420
128 128 1 0.6749193072319031
128 128 1 0.6386659145355225
128 128 1 0.5388001799583435
128 128 1 0.5621193051338196
128 128 1 0.6316054463386536
128 128 1 0.5615803003311157
128 128 1 0.4947193562984467
128 128 1 0.6316293478012085
128 128 1 0.5066800713539124
128 128 1 0.5909073948860168
128 128 1 0.6373195648193359
128 128 1 0.5082114338874817
128 128 1 0.7001022100448608
128 128 1 0.7596406340599060
128 128 1 0.6129602193832397
128 128 1 0.5513261556625366
128 128 1 0.5416379570960999
128 128 1 0.5314224362373352
128 128 1 0.5458983182907104
128 128 1 0.6564790606498718
128 128 1 0.5469262599945068
128 128 1 0.5038780570030212
128 128 1 0.6009135246276855
128 128 1 0.4994256198406219
128 128 1 0.6301907896995544
128 128 1 0.6143380999565125
128 128 1 0.5065723061561584
128 128 1 0.5151593685150146
128 128 1 0.5869958996772766
128 128 1 0.4925365447998047
128 128 1 0.5452002882957458
128 256 1 0.5058642625808716
128 256 1 0.5599068403244019
128 256 1 0.5153949856758118
128 256 1 0.4785630404949188
128 256 1 0.4060695767402649
128 256 1 0.4521781504154205
128 256 1 0.4487205445766449
128 256 1 0.4532392621040344
128 256 1 0.5670496225357056
128 256 1 0.4306005835533142
128 256 1 0.6045223474502563
128 256 1 0.5678929686546326
128 256 1 0.5372972488403320
128 256 1 0.5058847069740295
128 256 1 0.4149063825607300
128 256 1 0.6462584137916565
128 256 1 0.5082500576972961
128 256 1 0.5269487500190735
128 256 1 0.5150917172431946
128 256 1 0.5186204314231873
128 256 1 0.5958956480026245
128 256 1 0.4845427572727203
128 256 1 0.5172360539436340
128 256 1 0.4336160719394684
128 256 1 0.4801793992519379
128 256 1 0.5084064602851868
128 256 1 0.5055994391441345
128 256 1 0.5461924076080322
128 256 1 0.4335197508335114
128 256 1 0.5454866886138916
128 256 1 0.5989293456077576
128 256 1 0.5260518789291382
128 256 1 0.5082473158836365
128 256 1 0.5206605792045593
128 256 1 0.4605509638786316
128 256 1 0.4698576033115387
128 256 1 0.4990926384925842
128 256 1 0.6262204647064209
128 256 1 0.5588473677635193
128 256 1 0.5757657885551453
128 256 1 0.5001165270805359
128 256 1 0.4568724334239960
128 256 1 0.5490188598632812
128 256 1 0.4985103607177734
128 256 1 0.4869450628757477
128 256 1 0.4792033433914185
128 256 1 0.5060396790504456
128 256 1 0.4967947006225586
128 256 1 0.3975814580917358
128 256 1 0.5792873501777649
128 256 1 0.4673087298870087
128 256 1 0.5283787250518799
128 256 1 0.4939003884792328
128 256 1 0.4751524627208710
128 256 1 0.5355476140975952
128 256 1 0.4671257436275482
128 256 1 0.4000731706619263
128 256 1 0.4190719127655029
128 256 1 0.5046782493591309
128 256 1 0.5140643119812012
128 256 1 0.5027954578399658
128 256 1 0.5140759944915771
128 256 1 0.5401343703269958
128 256 1 0.5099005103111267
128 256 1 0.4178597629070282
128 256 1 0.4908083379268646
128 256 1 0.4988467097282410
128 256 1 0.4133149087429047
128 256 1 0.4278392791748047
128 256 1 0.5188143849372864
128 256 1 0.4815555512905121
128 256 1 0.5071207880973816
128 256 1 0.5411163568496704
128 256 1 0.4077432155609131
128 256 1 0.5605032444000244
128 256 1 0.5416354537010193
128 256 1 0.5362820625305176
128 256 1 0.4292618930339813
128 256 1 0.4304740130901337
128 256 1 0.5209289789199829
128 256 1 0.5673656463623047
128 256 1 0.4146350026130676
128 256 1 0.5095952749252319
128 256 1 0.4621671438217163
128 256 1 0.4753306210041046
128 256 1 0.3963975906372070
128 256 1 0.4486848711967468
128 256 1 0.5270143151283264
128 256 1 0.4132563769817352
128 256 1 0.6562578082084656
128 256 1 0.4121743440628052
128 256 1 0.4604989290237427
128 256 1 0.4947408437728882
128 256 1 0.4737208485603333
128 256 1 0.4567015171051025
128 256 1 0.4276548624038696
128 256 1 0.4666712284088135
128 256 1 0.4086308181285858
128 256 1 0.4809367358684540
128 256 1 0.4605925381183624
128 512 1 0.3817414939403534
128 512 1 0.4089378714561462
128 512 1 0.4142318069934845
128 512 1 0.3883849084377289
128 512 1 0.4075954556465149
128 512 1 0.4680202603340149
128 512 1 0.4087543487548828
128 512 1 0.4227502942085266
128 512 1 0.3897222280502319
128 512 1 0.4481478929519653
128 512 1 0.4126964807510376
128 512 1 0.4239327609539032
128 512 1 0.4258731603622437
128 512 1 0.4328415691852570
128 512 1 0.4191803038120270
128 512 1 0.4602447152137756
128 512 1 0.4114824235439301
128 512 1 0.4405675828456879
128 512 1 0.4495591223239899
128 512 1 0.4760036468505859
128 512 1 0.4762698411941528
128 512 1 0.4394865334033966
128 512 1 0.3669746816158295
128 512 1 0.4223810434341431
128 512 1 0.3596516847610474
128 512 1 0.4768837690353394
128 512 1 0.4096924662590027
128 512 1 0.3334328532218933
128 512 1 0.4120496809482574
128 512 1 0.4405948519706726
128 512 1 0.3854416906833649
128 512 1 0.3827758133411407
128 512 1 0.4419232904911041
128 512 1 0.4608760476112366
128 512 1 0.3674935996532440
128 512 1 0.5075263977050781
128 512 1 0.4689346253871918
128 512 1 0.4603224694728851
128 512 1 0.3709698915481567
128 512 1 0.5174874067306519
128 512 1 0.4948766231536865
128 512 1 0.4029645919799805
128 512 1 0.4256789088249207
128 512 1 0.4660937190055847
128 512 1 0.3878458142280579
128 512 1 0.4189877212047577
128 512 1 0.4909130036830902
128 512 1 0.4649864137172699
128 512 1 0.5106503367424011
128 512 1 0.4427204132080078
128 512 1 0.3886358141899109
128 512 1 0.4154834449291229
128 512 1 0.4961317777633667
128 512 1 0.4839200079441071
128 512 1 0.4821363389492035
128 512 1 0.4147836565971375
128 512 1 0.4276864528656006
128 512 1 0.5111510753631592
128 512 1 0.4291449785232544
128 512 1 0.4259054064750671
128 512 1 0.4215585589408875
128 512 1 0.3859057724475861
128 512 1 0.3664195239543915
128 512 1 0.4537695646286011
128 512 1 0.4357828199863434
128 512 1 0.4006530642509460
128 512 1 0.4297246932983398
128 512 1 0.5199629664421082
128 512 1 0.3969760537147522
128 512 1 0.4656085669994354
128 512 1 0.4709917902946472
128 512 1 0.3890357911586761
128 512 1 0.4093713760375977
128 512 1 0.4470357894897461
128 512 1 0.4193367362022400
128 512 1 0.5199276804924011
128 512 1 0.3867918848991394
128 512 1 0.3946221172809601
128 512 1 0.3261023759841919
128 512 1 0.4930220544338226
128 512 1 0.4602222442626953
128 512 1 0.5011850595474243
128 512 1 0.4017272889614105
128 512 1 0.4397278726100922
128 512 1 0.4544616937637329
128 512 1 0.4587452709674835
128 512 1 0.4119707345962524
128 512 1 0.4180211722850800
128 512 1 0.3744324743747711
128 512 1 0.4409620165824890
128 512 1 0.4258793890476227
128 512 1 0.3984181880950928
128 512 1 0.4060689210891724
128 512 1 0.4804801642894745
128 512 1 0.3993071317672729
128 512 1 0.4178095757961273
128 512 1 0.5320994853973389
128 512 1 0.4399582147598267
128 512 1 0.4404489994049072
128 512 1 0.4621093869209290
256 4 1 2.8269529342651367
256 4 1 3.4219994544982910
256 4 1 3.7021703720092773
256 4 1 3.0684149265289307
256 4 1 1.6157993078231812
256 4 1 5.0247526168823242
256 4 1 4.7161579132080078
256 4 1 3.1399822235107422
256 4 1 4.9806137084960938
256 4 1 2.3121495246887207
256 4 1 2.8758287429809570
256 4 1 1.7076230049133301
256 4 1 6.3571567535400391
256 4 1 3.2045071125030518
256 4 1 3.5256209373474121
256 4 1 4.6618838310241699
256 4 1 7.3382673263549805
256 4 1 4.1323304176330566
256 4 1 3.9765057563781738
256 4 1 2.9461236000061035
256 4 1 2.7623255252838135
256 4 1 1.9956142902374268
256 4 1 2.3636345863342285
256 4 1 4.9697618484497070
256 4 1 2.9170858860015869
256 4 1 2.7065923213958740
256 4 1 3.9912977218627930
256 4 1 7.9146337509155273
256 4 1 8.4125137329101562
256 4 1 2.6265997886657715
256 4 1 6.0535912513732910
256 4 1 6.0552372932434082
256 4 1 5.1529016494750977
256 4 1 5.6751384735107422
256 4 1 6.7840561866760254
256 4 1 2.7851760387420654
256 4 1 3.7343611717224121
256 4 1 5.2671937942504883
256 4 1 7.1762981414794922
256 4 1 3.2005214691162109
256 4 1 1.8760681152343750
256 4 1 2.2668974399566650
256 4 1 3.9225263595581055
256 4 1 3.9418342113494873
256 4 1 1.9182046651840210
256 4 1 2.7103717327117920
256 4 1 1.6689642667770386
256 4 1 5.2504343986511230
256 4 1 3.3600587844848633
256 4 1 3.0187253952026367
256 4 1 2.0536146163940430
256 4 1 2.5634894371032715
256 4 1 4.6527509689331055
256 4 1 7.1099028587341309
256 4 1 1.8238401412963867
256 4 1 2.2659957408905029
256 4 1 2.5172400474548340
256 4 1 3.6803047657012939
256 4 1 3.4732599258422852
256 4 1 3.7841196060180664
256 4 1 3.5937786102294922
256 4 1 3.7493927478790283
256 4 1 4.0875973701477051
256 4 1 7.0455794334411621
256 4 1 3.2142584323883057
256 4 1 3.3403615951538086
256 4 1 4.1724381446838379
256 4 1 3.1063566207885742
256 4 1 3.9631109237670898
256 4 1 2.9768395423889160
256 4 1 4.3922061920166016
256 4 1 3.3459486961364746
256 4 1 3.6543807983398438
256 4 1 2.6212110519409180
256 4 1 4.8648829460144043
256 4 1 2.7940840721130371
256 4 1 4.1986107826232910
256 4 1 4.9371242523193359
256 4 1 2.3501019477844238
256 4 1 3.8790664672851562
256 4 1 2.0697152614593506
256 4 1 3.3824269771575928
256 4 1 2.0286417007446289
256 4 1 6.1953263282775879
256 4 1 2.7295806407928467
256 4 1 4.9566740989685059
256 4 1 8.3935127258300781
256 4 1 1.0578355789184570
256 4 1 2.1773405075073242
256 4 1 4.8029713630676270
256 4 1 6.3126702308654785
256 4 1 4.3248491287231445
256 4 1 2.6080787181854248
256 4 1 2.3552045822143555
256 4 1 3.2477667331695557
256 4 1 2.0840239524841309
256 4 1 3.8961431980133057
256 4 1 3.3563780784606934
256 4 1 2.8763914108276367
256 4 1 3.5003876686096191
256 8 1 0.9531121253967285
256 8 1 1.6960151195526123
256 8 1 3.5437226295471191
256 8 1 1.3213195800781250
256 8 1 2.6995205879211426
256 8 1 1.7425285577774048
256 8 1 2.1760816574096680
256 8 1 1.3970446586608887
256 8 1 2.5543298721313477
256 8 1 1.4111171960830688
256 8 1 1.9324475526809692
256 8 1 3.3001077175140381
256 8 1 1.2248725891113281
256 8 1 3.6421341896057129
256 8 1 1.5750504732131958
256 8 1 1.7745776176452637
256 8 1 1.1101469993591309
256 8 1 1.4795340299606323
256 8 1 1.8297479152679443
256 8 1 1.8925257921218872
256 8 1 1.9848631620407104
256 8 1 1.1694535017013550
256 8 1 1.7353410720825195
256 8 1 1.7614309787750244
256 8 1 1.5812278985977173
256 8 1 0.8145142197608948
256 8 1 3.2019803524017334
256 8 1 2.0201973915100098
256 8 1 1.3025022745132446
256 8 1 1.6881881952285767
256 8 1 1.6382327079772949
256 8 1 2.9566707611083984
256 8 1 1.5320723056793213
256 8 1 4.0439090728759766
256 8 1 1.0818028450012207
256 8 1 1.6071395874023438
256 8 1 1.5784472227096558
256 8 1 1.3518162965774536
256 8 1 1.5778065919876099
256 8 1 2.3453519344329834
256 8 1 2.6483480930328369
256 8 1 1.4200123548507690
256 8 1 1.5234341621398926
256 8 1 1.7748450040817261
256 8 1 1.0773818492889404
256 8 1 3.1967682838439941
256 8 1 2.0305826663970947
256 8 1 1.2171036005020142
256 8 1 1.4349458217620850
256 8 1 1.8270229101181030
256 8 1 4.6177253723144531
256 8 1 1.2050250768661499
256 8 1 2.6045806407928467
256 8 1 1.3876390457153320
256 8 1 2.1020016670227051
256 8 1 1.1382580995559692
256 8 1 3.2757277488708496
256 8 1 1.5360424518585205
256 8 1 2.2166652679443359
256 8 1 2.2692015171051025
256 8 1 3.2870683670043945
256 8 1 1.7466330528259277
256 8 1 1.4283761978149414
256 8 1 1.2111437320709229
256 8 1 1.7199392318725586
256 8 1 1.5030796527862549
256 8 1 1.6770694255828857
256 8 1 1.1458079814910889
256 8 1 1.6552499532699585
256 8 1 2.2419147491455078
256 8 1 3.1693477630615234
256 8 1 1.2442494630813599
256 8 1 0.9707390069961548
256 8 1 3.5101263523101807
256 8 1 1.0342605113983154
256 8 1 1.4765778779983521
256 8 1 4.5232572555541992
256 8 1 1.3260526657104492
256 8 1 1.5130188465118408
256 8 1 3.2478907108306885
256 8 1 1.8593791723251343
256 8 1 2.3910148143768311
256 8 1 1.3190439939498901
256 8 1 1.1758226156234741
256 8 1 1.6907658576965332
256 8 1 3.0478649139404297
256 8 1 2.1311445236206055
256 8 1 2.5056231021881104
256 8 1 1.3313031196594238
256 8 1 1.0451147556304932
256 8 1 2.2540295124053955
256 8 1 1.8316804170608521
256 8 1 1.6861670017242432
256 8 1 3.4334404468536377
256 8 1 2.5128016471862793
256 8 1 1.9996114969253540
256 8 1 1.6530313491821289
256 8 1 2.6338109970092773
256 8 1 0.8915641903877258
256 8 1 2.0856313705444336
256 16 1 0.8161827921867371
256 16 1 0.9301834106445312
256 16 1 1.1738675832748413
256 16 1 0.9204742312431335
256 16 1 0.9618068933486938
256 16 1 1.1932622194290161
256 16 1 1.5629965066909790
256 16 1 0.8343089818954468
256 16 1 1.0779767036437988
256 16 1 0.7866647839546204
256 16 1 0.8203772902488708
256 16 1 0.8936930894851685
256 16 1 1.0569972991943359
256 16 1 0.9161638617515564
256 16 1 1.1304254531860352
256 16 1 0.7714601755142212
256 16 1 1.2077850103378296
256 16 1 0.8856733441352844
256 16 1 1.1027441024780273
256 16 1 1.0240560770034790
256 16 1 1.2236527204513550
256 16 1 0.7032049298286438
256 16 1 0.8847092390060425
256 16 1 1.1858025789260864
256 16 1 0.9193865060806274
256 16 1 0.9050976037979126
256 16 1 0.9837229847908020
256 16 1 0.7711911201477051
256 16 1 0.8280274271965027
256 16 1 0.9328206777572632
256 16 1 0.6967098712921143
256 16 1 0.7160831689834595
256 16 1 0.8826676011085510
256 16 1 1.4377942085266113
256 16 1 1.1306424140930176
256 16 1 1.2607456445693970
256 16 1 1.0300470590591431
256 16 1 1.9732437133789062
256 16 1 0.9494677186012268
256 16 1 1.0473494529724121
256 16 1 1.3230487108230591
256 16 1 1.2433990240097046
256 16 1 0.9779314994812012
256 16 1 1.0414911508560181
256 16 1 0.7258720993995667
256 16 1 1.2789604663848877
256 16 1 1.2600029706954956
256 16 1 1.6688189506530762
256 16 1 2.3023338317871094
256 16 1 1.3048794269561768
256 16 1 0.9853025674819946
256 16 1 1.0457231998443604
256 16 1 0.9434566497802734
256 16 1 0.7396849989891052
256 16 1 1.2303375005722046
256 16 1 1.0785709619522095
256 16 1 0.8413529992103577
256 16 1 0.7130927443504333
256 16 1 1.5962599515914917
256 16 1 1.2203816175460815
256 16 1 1.2490273714065552
256 16 1 1.1173152923583984
256 16 1 0.8370189666748047
256 16 1 0.8877068161964417
256 16 1 1.5744000673294067
256 16 1 1.3176131248474121
256 16 1 0.9019687771797180
256 16 1 0.9551581740379333
256 16 1 1.1485662460327148
256 16 1 0.7802181839942932
256 16 1 1.1385512351989746
256 16 1 1.2404656410217285
256 16 1 0.7785669565200806
256 16 1 1.2959703207015991
256 16 1 0.9235243201255798
256 16 1 0.9294019341468811
256 16 1 1.1286319494247437
256 16 1 1.0892425775527954
256 16 1 1.1474123001098633
256 16 1 1.3420326709747314
256 16 1 1.0591636896133423
256 16 1 1.6004847288131714
256 16 1 1.9071853160858154
256 16 1 1.0859826803207397
256 16 1 0.9120568037033081
256 16 1 0.9610984921455383
256 16 1 1.3925428390502930
256 16 1 0.9870796799659729
256 16 1 1.2559262514114380
256 16 1 1.3857951164245605
256 16 1 1.2074719667434692
256 16 1 1.5005067586898804
256 16 1 1.1336597204208374
256 16 1 0.7791693806648254
256 16 1 0.9554503560066223
256 16 1 1.1107448339462280
256 16 1 0.7810221910476685
256 16 1 0.8721289634704590
256 16 1 1.1868995428085327
256 16 1 0.9630987644195557
256 32 1 0.7243705987930298
256 32 1 0.7716558575630188
256 32 1 0.7725897431373596
256 32 1 1.0325781106948853
256 32 1 0.5638988018035889
256 32 1 0.8797532916069031
256 32 1 0.7640541791915894
256 32 1 0.5398251414299011
256 32 1 0.5831117033958435
256 32 1 1.1779907941818237
256 32 1 0.7372564673423767
256 32 1 0.6341068148612976
256 32 1 0.8529673814773560
256 32 1 0.6880438923835754
256 32 1 0.5670812726020813
256 32 1 0.9980446696281433
256 32 1 0.7067360877990723
256 32 1 0.8278888463973999
256 32 1 0.9869110584259033
256 32 1 0.6304057240486145
256 32 1 0.8063270449638367
256 32 1 0.5308609604835510
256 32 1 0.9064382910728455
256 32 1 0.7184178233146667
256 32 1 0.7929557561874390
256 32 1 0.6930738091468811
256 32 1 0.6451181173324585
256 32 1 0.8289512395858765
256 32 1 0.9093480110168457
256 32 1 0.7803764939308167
256 32 1 0.5001373887062073
256 32 1 0.7723116278648376
256 32 1 0.7536723613739014
256 32 1 0.9105549454689026
256 32 1 0.8087642788887024
256 32 1 0.5516325235366821
256 32 1 0.7110554575920105
256 32 1 0.7576420307159424
256 32 1 0.8032081127166748
256 32 1 0.7202428579330444
256 32 1 0.8033570647239685
256 32 1 0.8031578660011292
256 32 1 0.7330495715141296
256 32 1 0.7913677096366882
256 32 1 0.7760400176048279
256 32 1 0.5474728941917419
256 32 1 0.6964515447616577
256 32 1 0.7784206271171570
256 32 1 0.6263640522956848
256 32 1 0.5845301151275635
256 32 1 0.6115571856498718
256 32 1 0.6952252984046936
256 32 1 0.5271578431129456
256 32 1 0.8333377242088318
256 32 1 0.7537174224853516
256 32 1 0.5811803340911865
256 32 1 1.0184690952301025
256 32 1 0.7348172664642334
256 32 1 0.9873671531677246
256 32 1 0.6975539922714233
256 32 1 0.6531860828399658
256 32 1 0.9194877743721008
256 32 1 0.7693771123886108
256 32 1 0.9725503325462341
256 32 1 0.5720542073249817
256 32 1 0.5569425225257874
256 32 1 1.0527491569519043
256 32 1 1.1442717313766479
256 32 1 0.6796398758888245
256 32 1 0.7861153483390808
256 32 1 0.6266348361968994
256 32 1 0.7054036855697632
256 32 1 0.5907325744628906
256 32 1 0.7116337418556213
256 32 1 0.6344970464706421
256 32 1 0.6515579223632812
256 32 1 0.9059025049209595
256 32 1 0.6493166089057922
256 32 1 0.7584078907966614
256 32 1 0.7215405106544495
256 32 1 0.9371994733810425
256 32 1 0.6885067820549011
256 32 1 0.6428149938583374
256 32 1 0.5935721993446350
256 32 1 1.5030965805053711
256 32 1 0.7188616991043091
256 32 1 0.8177664875984192
256 32 1 0.9429814815521240
256 32 1 1.0718420743942261
256 32 1 0.8441390991210938
256 32 1 0.5854337811470032
256 32 1 0.5609384775161743
256 32 1 0.7791243791580200
256 32 1 0.5583565831184387
256 32 1 0.6486966609954834
256 32 1 0.7453358173370361
256 32 1 0.6602537631988525
256 32 1 0.7698175311088562
256 32 1 0.7876661419868469
256 32 1 0.8670550584793091
256 64 1 0.4683290123939514
256 64 1 0.5609947443008423
256 64 1 0.6068337559700012
256 64 1 0.6652156710624695
256 64 1 0.5061319470405579
256 64 1 0.5639345049858093
256 64 1 0.7447421550750732
256 64 1 0.5645316243171692
256 64 1 0.6038813591003418
256 64 1 0.6178203821182251
256 64 1 0.6985923051834106
256 64 1 0.5868301987648010
256 64 1 0.5237008929252625
256 64 1 0.5607419013977051
256 64 1 0.5760558843612671
256 64 1 0.5720099806785583
256 64 1 0.6672056317329407
256 64 1 0.5082606673240662
256 64 1 0.5528744459152222
256 64 1 0.5582918524742126
256 64 1 0.5339932441711426
256 64 1 0.4275307059288025
256 64 1 0.5784600973129272
256 64 1 0.6174817085266113
256 64 1 0.8047900199890137
256 64 1 0.6169070601463318
256 64 1 0.5792567133903503
256 64 1 0.5235260725021362
256 64 1 0.6363663673400879
256 64 1 0.6793631911277771
256 64 1 0.5110394358634949
256 64 1 0.6381205916404724
256 64 1 0.5714302659034729
256 64 1 0.5313444733619690
256 64 1 0.5762462019920349
256 64 1 0.6872360110282898
256 64 1 0.5696914196014404
256 64 1 0.5268509387969971
256 64 1 0.5677912235260010
256 64 1 0.6375927925109863
256 64 1 0.5478710532188416
256 64 1 0.4938945472240448
256 64 1 0.5475850701332092
256 64 1 0.5768219232559204
256 64 1 0.5088207721710205
256 64 1 0.6663702130317688
256 64 1 0.4922741949558258
256 64 1 0.6490551829338074
256 64 1 0.6117138266563416
256 64 1 0.5336744785308838
256 64 1 0.5706674456596375
256 64 1 0.5781979560852051
256 64 1 0.4978054165840149
256 64 1 0.4688226282596588
256 64 1 0.4710194766521454
256 64 1 0.5477439165115356
256 64 1 0.6698573827743530
256 64 1 0.5758498311042786
256 64 1 0.5355694293975830
256 64 1 0.7388156652450562
256 64 1 0.4970138072967529
256 64 1 0.5437440872192383
256 64 1 0.4514602720737457
256 64 1 0.5309182405471802
256 64 1 0.5844119191169739
256 64 1 0.5572444200515747
256 64 1 0.6198841333389282
256 64 1 0.6332523226737976
256 64 1 0.6367514133453369
256 64 1 0.5402466058731079
256 64 1 0.6743404865264893
256 64 1 0.4717876911163330
256 64 1 0.5541064739227295
256 64 1 0.5829660296440125
256 64 1 0.5597814917564392
256 64 1 0.5453542470932007
256 64 1 0.6260619163513184
256 64 1 0.5494516491889954
256 64 1 0.5111474394798279
256 64 1 0.6472268104553223
256 64 1 0.6457040309906006
256 64 1 0.4904359579086304
256 64 1 0.5129144787788391
256 64 1 0.6009433269500732
256 64 1 0.5625439882278442
256 64 1 0.5409262180328369
256 64 1 0.6478404402732849
256 64 1 0.4552091360092163
256 64 1 0.5460218191146851
256 64 1 0.5013772845268250
256 64 1 0.5708265900611877
256 64 1 0.6185063719749451
256 64 1 0.5648266077041626
256 64 1 0.6958782076835632
256 64 1 0.5465275049209595
256 64 1 0.4252127408981323
256 64 1 0.6975330114364624
256 64 1 0.5992749929428101
256 64 1 0.5548770427703857
256 64 1 0.8528616428375244
256 128 1 0.5301027894020081
256 128 1 0.5028650164604187
256 128 1 0.5201049447059631
256 128 1 0.4846250116825104
256 128 1 0.4726489186286926
256 128 1 0.5189658999443054
256 128 1 0.5450478196144104
256 128 1 0.5944240093231201
256 128 1 0.4812066256999969
256 128 1 0.4599657356739044
256 128 1 0.4873346090316772
256 128 1 0.4763155281543732
256 128 1 0.5326310992240906
256 128 1 0.5718120336532593
256 128 1 0.4559788405895233
256 128 1 0.5611751079559326
256 128 1 0.4686892628669739
256 128 1 0.5516599416732788
256 128 1 0.5709125995635986
256 128 1 0.4971770048141479
256 128 1 0.6965153217315674
256 128 1 0.5373860597610474
256 128 1 0.6113592386245728
256 128 1 0.5068349838256836
256 128 1 0.4913235008716583
256 128 1 0.4000962078571320
256 128 1 0.5953084826469421
256 128 1 0.5102518200874329
256 128 1 0.4350235462188721
256 128 1 0.3954245746135712
256 128 1 0.4569845497608185
256 128 1 0.4810813665390015
256 128 1 0.5226641893386841
256 128 1 0.5162422657012939
256 128 1 0.4946306347846985
256 128 1 0.4741004705429077
256 128 1 0.4754972457885742
256 128 1 0.4652450978755951
256 128 1 0.4416017830371857
256 128 1 0.6344527006149292
256 128 1 0.4446657896041870
256 128 1 0.4207230508327484
256 128 1 0.3831459283828735
256 128 1 0.5687873959541321
256 128 1 0.5013108253479004
256 128 1 0.4875830709934235
256 128 1 0.3775295019149780
256 128 1 0.4400781393051147
256 128 1 0.5096085071563721
256 128 1 0.6470999717712402
256 128 1 0.5014321804046631
256 128 1 0.5152592658996582
256 128 1 0.4938517510890961
256 128 1 0.5730212926864624
256 128 1 0.5053386092185974
256 128 1 0.6313539743423462
256 128 1 0.5385363101959229
256 128 1 0.5261376500129700
256 128 1 0.4528858661651611
256 128 1 0.6588714122772217
256 128 1 0.5226333141326904
256 128 1 0.4094847440719604
256 128 1 0.4181593060493469
256 128 1 0.5368521213531494
256 128 1 0.4532639980316162
256 128 1 0.4850642085075378
256 128 1 0.4029611647129059
256 128 1 0.5062236189842224
256 128 1 0.4707174599170685
256 128 1 0.4648452401161194
256 128 1 0.5232763886451721
256 128 1 0.4928117394447327
256 128 1 0.6570206284523010
256 128 1 0.5133606195449829
256 128 1 0.4918847382068634
256 128 1 0.5431342124938965
256 128 1 0.4243015944957733
256 128 1 0.5435055494308472
256 128 1 0.4987922012805939
256 128 1 0.6060795783996582
256 128 1 0.5340387225151062
256 128 1 0.3830193579196930
256 128 1 0.4970072805881500
256 128 1 0.4582636952400208
256 128 1 0.4180861413478851
256 128 1 0.5275405645370483
256 128 1 0.4972641766071320
256 128 1 0.4296911656856537
256 128 1 0.4541077315807343
256 128 1 0.5817053318023682
256 128 1 0.4501900076866150
256 128 1 0.6164238452911377
256 128 1 0.4368558228015900
256 128 1 0.5360007882118225
256 128 1 0.5665312409400940
256 128 1 0.4279203116893768
256 128 1 0.4439735412597656
256 128 1 0.4977178871631622
256 128 1 0.4342384040355682
256 128 1 0.5333047509193420
256 256 1 0.4211055338382721
256 256 1 0.4487318098545074
256 256 1 0.4062949717044830
256 256 1 0.4362577497959137
256 256 1 0.4327223598957062
256 256 1 0.3761334717273712
256 256 1 0.4203876554965973
256 256 1 0.5045758485794067
256 256 1 0.4404186010360718
256 256 1 0.4965430498123169
256 256 1 0.4064677059650421
256 256 1 0.4668745398521423
256 256 1 0.4242599010467529
256 256 1 0.4251216650009155
256 256 1 0.4250637292861938
256 256 1 0.4275017678737640
256 256 1 0.4639197587966919
256 256 1 0.4195041358470917
256 256 1 0.4244861900806427
256 256 1 0.4261714816093445
256 256 1 0.4347546100616455
256 256 1 0.4199968576431274
256 256 1 0.4641947448253632
256 256 1 0.4842157363891602
256 256 1 0.4488157927989960
256 256 1 0.4369972646236420
256 256 1 0.4023416638374329
256 256 1 0.4453817009925842
256 256 1 0.4223297238349915
256 256 1 0.4027370512485504
256 256 1 0.3875376880168915
256 256 1 0.4794382750988007
256 256 1 0.4040536880493164
256 256 1 0.5048882365226746
256 256 1 0.4130044579505920
256 256 1 0.3494578599929810
256 256 1 0.4062844216823578
256 256 1 0.3956449925899506
256 256 1 0.4868897497653961
256 256 1 0.4068502187728882
256 256 1 0.4614385962486267
256 256 1 0.4064530432224274
256 256 1 0.3909205198287964
256 256 1 0.4500374197959900
256 256 1 0.4044003188610077
256 256 1 0.4275143444538116
256 256 1 0.4424155056476593
256 256 1 0.4942932128906250
256 256 1 0.4686668813228607
256 256 1 0.4272675812244415
256 256 1 0.4491549432277679
256 256 1 0.4333343505859375
256 256 1 0.4967012107372284
256 256 1 0.4343121051788330
256 256 1 0.3869584202766418
256 256 1 0.4195525646209717
256 256 1 0.4572732150554657
256 256 1 0.4735073447227478
256 256 1 0.4349945485591888
256 256 1 0.4196032583713531
256 256 1 0.4815758466720581
256 256 1 0.4660394191741943
256 256 1 0.4541276693344116
256 256 1 0.4403986036777496
256 256 1 0.3846760690212250
256 256 1 0.4486309289932251
256 256 1 0.3829151988029480
256 256 1 0.4250473082065582
256 256 1 0.4311229586601257
256 256 1 0.4439201653003693
256 256 1 0.4198155105113983
256 256 1 0.4213615059852600
256 256 1 0.5094872117042542
256 256 1 0.4526441991329193
256 256 1 0.3795633316040039
256 256 1 0.4019487798213959
256 256 1 0.4123416841030121
256 256 1 0.4486135840415955
256 256 1 0.4656369388103485
256 256 1 0.3845603168010712
256 256 1 0.5183914899826050
256 256 1 0.4616426825523376
256 256 1 0.5019358992576599
256 256 1 0.4432976543903351
256 256 1 0.4039698541164398
256 256 1 0.5342140197753906
256 256 1 0.4650444686412811
256 256 1 0.4777137339115143
256 256 1 0.4178159236907959
256 256 1 0.5147109031677246
256 256 1 0.4348263144493103
256 256 1 0.4185160398483276
256 256 1 0.5067942142486572
256 256 1 0.5622289776802063
256 256 1 0.3653072714805603
256 256 1 0.4244447648525238
256 256 1 0.4122197031974792
256 256 1 0.4869229793548584
256 256 1 0.4675678908824921
256 256 1 0.4375348985195160
256 512 1 0.4395649433135986
256 512 1 0.4152529537677765
256 512 1 0.3713476657867432
256 512 1 0.3715333044528961
256 512 1 0.3843913674354553
256 512 1 0.3737317025661469
256 512 1 0.4113436937332153
256 512 1 0.4471110403537750
256 512 1 0.3401167988777161
256 512 1 0.4079191088676453
256 512 1 0.3713688254356384
256 512 1 0.3710412085056305
256 512 1 0.3318788111209869
256 512 1 0.3868196904659271
256 512 1 0.3921154141426086
256 512 1 0.4069682359695435
256 512 1 0.3732480704784393
256 512 1 0.4198867678642273
256 512 1 0.3397661149501801
256 512 1 0.3762023448944092
256 512 1 0.4508751332759857
256 512 1 0.3566052913665771
256 512 1 0.4273779392242432
256 512 1 0.4456605911254883
256 512 1 0.4200969040393829
256 512 1 0.3055785894393921
256 512 1 0.4102255702018738
256 512 1 0.3120431005954742
256 512 1 0.4017297327518463
256 512 1 0.3744050562381744
256 512 1 0.4072486162185669
256 512 1 0.3800658881664276
256 512 1 0.3059296607971191
256 512 1 0.3151619136333466
256 512 1 0.3338908255100250
256 512 1 0.3231887519359589
256 512 1 0.3695456683635712
256 512 1 0.4010309576988220
256 512 1 0.3276783823966980
256 512 1 0.3379605114459991
256 512 1 0.3995203077793121
256 512 1 0.3884356319904327
256 512 1 0.4083370566368103
256 512 1 0.3699858188629150
256 512 1 0.4216623604297638
256 512 1 0.3536573350429535
256 512 1 0.3551513254642487
256 512 1 0.4211041927337646
256 512 1 0.3149291276931763
256 512 1 0.4150829613208771
256 512 1 0.3748801946640015
256 512 1 0.4887192547321320
256 512 1 0.3817598223686218
256 512 1 0.3934544324874878
256 512 1 0.3522092401981354
256 512 1 0.4077025651931763
256 512 1 0.4024691283702850
256 512 1 0.4553735852241516
256 512 1 0.3559847772121429
256 512 1 0.4458111822605133
256 512 1 0.3529691696166992
256 512 1 0.3606613278388977
256 512 1 0.4194442033767700
256 512 1 0.3887303471565247
256 512 1 0.3893405199050903
256 512 1 0.4482458531856537
256 512 1 0.3960198462009430
256 512 1 0.4302459955215454
256 512 1 0.3318454027175903
256 512 1 0.3905942440032959
256 512 1 0.4349563717842102
256 512 1 0.3367251157760620
256 512 1 0.4384554922580719
256 512 1 0.3788038492202759
256 512 1 0.3677262067794800
256 512 1 0.4291109740734100
256 512 1 0.3663017153739929
256 512 1 0.4083921313285828
256 512 1 0.3556554317474365
256 512 1 0.4005339741706848
256 512 1 0.3108736574649811
256 512 1 0.3609633147716522
256 512 1 0.3260383307933807
256 512 1 0.3832168877124786
256 512 1 0.3447706103324890
256 512 1 0.3528859317302704
256 512 1 0.3742189109325409
256 512 1 0.3450583219528198
256 512 1 0.3621170520782471
256 512 1 0.3586485683917999
256 512 1 0.3486643731594086
256 512 1 0.3710036873817444
256 512 1 0.4020925164222717
256 512 1 0.3804430067539215
256 512 1 0.4335255920886993
256 512 1 0.3352339565753937
256 512 1 0.4068938791751862
256 512 1 0.3393830358982086
256 512 1 0.3694272935390472
256 512 1 0.4248149394989014
512 4 1 2.3451821804046631
512 4 1 2.4974007606506348
512 4 1 3.7319524288177490
512 4 1 1.7988748550415039
512 4 1 4.0533580780029297
512 4 1 1.5861386060714722
512 4 1 2.3505802154541016
512 4 1 4.4290556907653809
512 4 1 2.2612016201019287
512 4 1 2.9318411350250244
512 4 1 1.8827148675918579
512 4 1 4.8790364265441895
512 4 1 4.8088259696960449
512 4 1 1.8039731979370117
512 4 1 2.3738968372344971
512 4 1 2.4040219783782959
512 4 1 2.5644028186798096
512 4 1 3.2763419151306152
512 4 1 3.7112946510314941
512 4 1 2.1536602973937988
512 4 1 3.3941996097564697
512 4 1 1.7452301979064941
512 4 1 1.5168602466583252
512 4 1 1.3242417573928833
512 4 1 1.8118188381195068
512 4 1 2.6805288791656494
512 4 1 4.2959923744201660
512 4 1 1.5209052562713623
512 4 1 3.4486691951751709
512 4 1 2.7680993080139160
512 4 1 4.3016562461853027
512 4 1 2.5008180141448975
512 4 1 3.0713453292846680
512 4 1 3.3710644245147705
512 4 1 2.0350835323333740
512 4 1 2.8684608936309814
512 4 1 2.8365762233734131
512 4 1 2.4311616420745850
512 4 1 5.6345324516296387
512 4 1 3.2110021114349365
512 4 1 1.5514737367630005
512 4 1 3.9663522243499756
512 4 1 2.6452007293701172
512 4 1 3.3352270126342773
512 4 1 2.8849430084228516
512 4 1 3.3737654685974121
512 4 1 2.9891557693481445
512 4 1 2.2815086841583252
512 4 1 0.9820302724838257
512 4 1 4.6825294494628906
512 4 1 2.6023612022399902
512 4 1 2.5396564006805420
512 4 1 3.4500668048858643
512 4 1 2.7648668289184570
512 4 1 4.0601468086242676
512 4 1 2.8204836845397949
512 4 1 3.0017948150634766
512 4 1 3.0995569229125977
512 4 1 3.2838995456695557
512 4 1 1.6928628683090210
512 4 1 4.2112951278686523
512 4 1 2.0545070171356201
512 4 1 3.7293438911437988
512 4 1 2.4380869865417480
512 4 1 3.9704601764678955
512 4 1 2.2389872074127197
512 4 1 2.8541393280029297
512 4 1 1.8075273036956787
512 4 1 3.7513208389282227
512 4 1 3.0993206501007080
512 4 1 1.6274342536926270
512 4 1 2.3286046981811523
512 4 1 4.0227513313293457
512 4 1 4.1808066368103027
512 4 1 3.0623345375061035
512 4 1 4.4597187042236328
512 4 1 3.4149107933044434
512 4 1 2.5605545043945312
512 4 1 3.6028335094451904
512 4 1 2.4110765457153320
512 4 1 2.1324541568756104
512 4 1 1.7308994531631470
512 4 1 3.7225570678710938
512 4 1 5.1485252380371094
512 4 1 4.3275628089904785
512 4 1 1.9532561302185059
512 4 1 2.3065814971923828
512 4 1 2.0505721569061279
512 4 1 2.2058675289154053
512 4 1 3.5000054836273193
512 4 1 1.9923602342605591
512 4 1 2.7075510025024414
512 4 1 4.9844198226928711
512 4 1 3.6330122947692871
512 4 1 1.2524226903915405
512 4 1 2.5684456825256348
512 4 1 3.3286678791046143
512 4 1 4.0926856994628906
512 4 1 3.5331909656524658
512 4 1 2.7804534435272217
512 8 1 1.8244801759719849
512 8 1 1.1762571334838867
512 8 1 1.7786108255386353
512 8 1 1.0259989500045776
512 8 1 1.2210520505905151
512 8 1 1.6446943283081055
512 8 1 1.1359951496124268
512 8 1 1.2644878625869751
512 8 1 1.0260621309280396
512 8 1 1.9563239812850952
512 8 1 1.0152056217193604
512 8 1 1.1656098365783691
512 8 1 1.2411550283432007
512 8 1 2.2736289501190186
512 8 1 1.6053934097290039
512 8 1 1.7496908903121948
512 8 1 2.0153582096099854
512 8 1 0.9687848687171936
512 8 1 1.3736617565155029
512 8 1 2.3055765628814697
512 8 1 1.6942707300186157
512 8 1 1.0057030916213989
512 8 1 0.9318678975105286
512 8 1 1.7658740282058716
512 8 1 0.9786685705184937
512 8 1 0.9069304466247559
512 8 1 1.3158510923385620
512 8 1 1.2841084003448486
512 8 1 1.5380574464797974
512 8 1 1.0704283714294434
512 8 1 1.7726451158523560
512 8 1 1.3542938232421875
512 8 1 1.1138769388198853
512 8 1 1.3954757452011108
512 8 1 1.2963492870330811
512 8 1 1.8634116649627686
512 8 1 0.9211005568504333
512 8 1 1.6619399785995483
512 8 1 1.3789048194885254
512 8 1 1.1094825267791748
512 8 1 0.8199478387832642
512 8 1 1.5410364866256714
512 8 1 1.5054131746292114
512 8 1 1.4642788171768188
512 8 1 1.0955533981323242
512 8 1 1.6513017416000366
512 8 1 0.8787958621978760
512 8 1 1.3239864110946655
512 8 1 2.3144919872283936
512 8 1 2.0731613636016846
512 8 1 1.6772053241729736
512 8 1 1.3406811952590942
512 8 1 0.9403174519538879
512 8 1 1.2952640056610107
512 8 1 1.5337311029434204
512 8 1 2.2697670459747314
512 8 1 2.2109975814819336
512 8 1 1.3301953077316284
512 8 1 1.5521174669265747
512 8 1 2.1604027748107910
512 8 1 1.3640598058700562
512 8 1 1.1918120384216309
512 8 1 2.0109624862670898
512 8 1 2.1168959140777588
512 8 1 1.0931656360626221
512 8 1 1.0548133850097656
512 8 1 1.0629639625549316
512 8 1 1.0807799100875854
512 8 1 1.5808924436569214
512 8 1 1.4628245830535889
512 8 1 0.8837071061134338
512 8 1 4.1168289184570312
512 8 1 0.9295890927314758
512 8 1 1.2877992391586304
512 8 1 1.2603632211685181
512 8 1 2.0945632457733154
512 8 1 0.8197948336601257
512 8 1 2.2117345333099365
512 8 1 1.1066503524780273
512 8 1 1.2732545137405396
512 8 1 1.3972119092941284
512 8 1 1.3789498805999756
512 8 1 2.1256437301635742
512 8 1 1.5433331727981567
512 8 1 1.2805448770523071
512 8 1 2.0712778568267822
512 8 1 1.7028573751449585
512 8 1 2.1780960559844971
512 8 1 1.5809575319290161
512 8 1 1.5990291833877563
512 8 1 2.6094145774841309
512 8 1 1.1573029756546021
512 8 1 1.4517849683761597
512 8 1 1.2135986089706421
512 8 1 1.5692211389541626
512 8 1 1.6457605361938477
512 8 1 1.8419996500015259
512 8 1 1.8287186622619629
512 8 1 1.8939362764358521
512 8 1 1.9155235290527344
512 16 1 0.8548915386199951
512 16 1 1.0265334844589233
512 16 1 1.0072153806686401
512 16 1 0.6788795590400696
512 16 1 1.3231011629104614
512 16 1 0.8637236952781677
512 16 1 0.6483013629913330
512 16 1 0.7576765418052673
512 16 1 0.7596672177314758
512 16 1 0.8943175673484802
512 16 1 0.6755761504173279
512 16 1 0.7636097073554993
512 16 1 0.6858768463134766
512 16 1 1.0376566648483276
512 16 1 0.7982705831527710
512 16 1 1.1201748847961426
512 16 1 0.9258888959884644
512 16 1 1.1598993539810181
512 16 1 0.9946085214614868
512 16 1 0.8537760376930237
512 16 1 1.0736355781555176
512 16 1 1.2607426643371582
512 16 1 0.5649714469909668
512 16 1 0.9146504402160645
512 16 1 0.5733659863471985
512 16 1 0.7415441870689392
512 16 1 0.8577110767364502
512 16 1 0.7287411689758301
512 16 1 0.8544341325759888
512 16 1 0.9610337018966675
512 16 1 1.0154098272323608
512 16 1 0.6258244514465332
512 16 1 0.5432724356651306
512 16 1 1.0303788185119629
512 16 1 0.9705455303192139
512 16 1 0.6784534454345703
512 16 1 0.8796778917312622
512 16 1 0.6438260078430176
512 16 1 0.9402179121971130
512 16 1 0.8976822495460510
512 16 1 0.8556469678878784
512 16 1 1.0365262031555176
512 16 1 1.0626862049102783
512 16 1 0.6875548362731934
512 16 1 0.7933186292648315
512 16 1 0.8980495333671570
512 16 1 0.8953053951263428
512 16 1 0.6264373660087585
512 16 1 0.6440525054931641
512 16 1 0.6866763830184937
512 16 1 0.8429243564605713
512 16 1 0.7662119269371033
512 16 1 0.7940193414688110
512 16 1 0.9577320218086243
512 16 1 1.0167856216430664
512 16 1 0.6483202576637268
512 16 1 0.6445811390876770
512 16 1 0.7714226245880127
512 16 1 0.8921257257461548
512 16 1 0.5638092160224915
512 16 1 0.6141003966331482
512 16 1 0.8591474294662476
512 16 1 0.6318883299827576
512 16 1 0.6189234852790833
512 16 1 1.5910829305648804
512 16 1 0.8531240820884705
512 16 1 0.7502154707908630
512 16 1 0.6987423896789551
512 16 1 0.6017389297485352
512 16 1 0.9498121738433838
512 16 1 0.6120240092277527
512 16 1 1.0266536474227905
512 16 1 0.7202339172363281
512 16 1 1.0405097007751465
512 16 1 0.7959592938423157
512 16 1 0.5895312428474426
512 16 1 1.5509197711944580
512 16 1 0.8620447516441345
512 16 1 0.6478064060211182
512 16 1 0.5470975041389465
512 16 1 0.7454478740692139
512 16 1 1.0621252059936523
512 16 1 0.8675765991210938
512 16 1 0.7075998187065125
512 16 1 0.5973612666130066
512 16 1 0.7516610622406006
512 16 1 0.7866710424423218
512 16 1 0.7328703403472900
512 16 1 1.1650841236114502
512 16 1 0.9323970079421997
512 16 1 0.6090363264083862
512 16 1 0.9635138511657715
512 16 1 0.8521522283554077
512 16 1 0.6581262350082397
512 16 1 0.6786649227142334
512 16 1 0.7865716814994812
512 16 1 0.6545811295509338
512 16 1 0.9725465178489685
512 16 1 0.8782637715339661
512 16 1 1.3137017488479614
512 32 1 0.7945395112037659
512 32 1 0.7081273794174194
512 32 1 0.4632016718387604
512 32 1 0.5788401365280151
512 32 1 0.6625661253929138
512 32 1 0.5996691584587097
512 32 1 0.6465020775794983
512 32 1 0.5947028398513794
512 32 1 0.6870291233062744
512 32 1 0.5359084606170654
512 32 1 0.5633547306060791
512 32 1 0.7326706051826477
512 32 1 0.8605671525001526
512 32 1 0.6782354116439819
512 32 1 0.6630355715751648
512 32 1 0.5053921341896057
512 32 1 0.6355624198913574
512 32 1 0.7194235324859619
512 32 1 0.6569548845291138
512 32 1 0.5773879885673523
512 32 1 0.5499444007873535
512 32 1 0.5053906440734863
512 32 1 0.6463645696640015
512 32 1 0.7296469807624817
512 32 1 0.5929166674613953
512 32 1 0.6404864788055420
512 32 1 0.5946895480155945
512 32 1 0.4326260387897491
512 32 1 0.5759041905403137
512 32 1 0.4831847250461578
512 32 1 0.6473014950752258
512 32 1 0.4642232060432434
512 32 1 0.4845257699489594
512 32 1 0.6123251318931580
512 32 1 0.7273227572441101
512 32 1 0.5996444225311279
512 32 1 0.6908453106880188
512 32 1 0.6100828051567078
512 32 1 0.7670783400535583
512 32 1 0.5657569766044617
512 32 1 0.5410167574882507
512 32 1 0.7127128839492798
512 32 1 0.5993626117706299
512 32 1 0.5778776407241821
512 32 1 0.4710039198398590
512 32 1 0.5594111084938049
512 32 1 0.6091043353080750
512 32 1 0.8274863362312317
512 32 1 0.4850034415721893
512 32 1 0.5473455190658569
512 32 1 0.6516616344451904
512 32 1 0.5071990489959717
512 32 1 0.6671224236488342
512 32 1 0.6165738701820374
512 32 1 0.9590837359428406
512 32 1 0.6061931848526001
512 32 1 0.5936908125877380
512 32 1 0.4777484238147736
512 32 1 0.5087718367576599
512 32 1 0.6055831313133240
512 32 1 0.5063852667808533
512 32 1 0.6656194329261780
512 32 1 0.4588862359523773
512 32 1 0.6326482892036438
512 32 1 0.6130713820457458
512 32 1 0.5004382729530334
512 32 1 0.6985262036323547
512 32 1 0.5060698986053467
512 32 1 0.6290116906166077
512 32 1 0.5793390274047852
512 32 1 0.6986007690429688
512 32 1 0.5007548332214355
512 32 1 0.5832306146621704
512 32 1 0.6537578105926514
512 32 1 0.4898475408554077
512 32 1 0.6656109094619751
512 32 1 0.7715842723846436
512 32 1 0.5952866077423096
512 32 1 0.6003997325897217
512 32 1 0.5735246539115906
512 32 1 0.5693481564521790
512 32 1 0.5978885889053345
512 32 1 0.5573770999908447
512 32 1 0.6652431488037109
512 32 1 0.6031114459037781
512 32 1 0.9114210009574890
512 32 1 0.6549804806709290
512 32 1 0.6342191696166992
512 32 1 0.6106761693954468
512 32 1 0.7321517467498779
512 32 1 0.4813440740108490
512 32 1 0.5132020711898804
512 32 1 0.5781108140945435
512 32 1 0.4758196175098419
512 32 1 0.6978446245193481
512 32 1 0.6077805161476135
512 32 1 0.5955563187599182
512 32 1 0.5091755986213684
512 32 1 0.5490610003471375
512 32 1 0.7841396927833557
512 64 1 0.3669686019420624
512 64 1 0.5530050396919250
512 64 1 0.6043417453765869
512 64 1 0.5391255021095276
512 64 1 0.4869633615016937
512 64 1 0.5855952501296997
512 64 1 0.4758684635162354
512 64 1 0.4939916133880615
512 64 1 0.6018679738044739
512 64 1 0.4703560769557953
512 64 1 0.6423133015632629
512 64 1 0.5583662390708923
512 64 1 0.5275712609291077
512 64 1 0.4662543237209320
512 64 1 0.4090656340122223
512 64 1 0.4956447184085846
512 64 1 0.5489255189895630
512 64 1 0.4777196645736694
512 64 1 0.4948705434799194
512 64 1 0.4449662268161774
512 64 1 0.4986515939235687
512 64 1 0.4202352166175842
512 64 1 0.5056822299957275
512 64 1 0.4185347259044647
512 64 1 0.5143673419952393
512 64 1 0.4263328611850739
512 64 1 0.4466506242752075
512 64 1 0.5321505069732666
512 64 1 0.4339471459388733
512 64 1 0.5074307918548584
512 64 1 0.4866317808628082
512 64 1 0.5265710353851318
512 64 1 0.4712045192718506
512 64 1 0.4854278862476349
512 64 1 0.4871455132961273
512 64 1 0.4851109981536865
512 64 1 0.5242780447006226
512 64 1 0.7324494719505310
512 64 1 0.4800567328929901
512 64 1 0.5726320743560791
512 64 1 0.5534690022468567
512 64 1 0.4993537068367004
512 64 1 0.5004892945289612
512 64 1 0.4503837823867798
512 64 1 0.4674928784370422
512 64 1 0.5336243510246277
512 64 1 0.4771953523159027
512 64 1 0.5899998545646667
512 64 1 0.5357284545898438
512 64 1 0.5573921203613281
512 64 1 0.5098645687103271
512 64 1 0.4596301317214966
512 64 1 0.5665084123611450
512 64 1 0.5236817002296448
512 64 1 0.5139617323875427
512 64 1 0.4397439658641815
512 64 1 0.4642757177352905
512 64 1 0.4711201190948486
512 64 1 0.4573572576045990
512 64 1 0.5054416060447693
512 64 1 0.4861173629760742
512 64 1 0.5675557255744934
512 64 1 0.5759676694869995
512 64 1 0.5468500852584839
512 64 1 0.6335076689720154
512 64 1 0.5335562825202942
512 64 1 0.4695918262004852
512 64 1 0.4810980558395386
512 64 1 0.4037502408027649
512 64 1 0.4727305471897125
512 64 1 0.4182071685791016
512 64 1 0.4556936621665955
512 64 1 0.4477096498012543
512 64 1 0.6202397942543030
512 64 1 0.4864715635776520
512 64 1 0.3331130743026733
512 64 1 0.5666188001632690
512 64 1 0.5140341520309448
512 64 1 0.5270615220069885
512 64 1 0.5811145305633545
512 64 1 0.4805159866809845
512 64 1 0.5478784441947937
512 64 1 0.5481092333793640
512 64 1 0.4400998353958130
512 64 1 0.5994981527328491
512 64 1 0.4386561512947083
512 64 1 0.5207635760307312
512 64 1 0.4623219370841980
512 64 1 0.4679846167564392
512 64 1 0.5365470051765442
512 64 1 0.5219645500183105
512 64 1 0.5119215846061707
512 64 1 0.5069696903228760
512 64 1 0.4843668043613434
512 64 1 0.5049308538436890
512 64 1 0.4824884533882141
512 64 1 0.5457201004028320
512 64 1 0.4362851977348328
512 64 1 0.5085511207580566
512 64 1 0.5217267274856567
512 128 1 0.3852586746215820
512 128 1 0.4136694073677063
512 128 1 0.4116569757461548
512 128 1 0.4423946440219879
512 128 1 0.4798571467399597
512 128 1 0.4175956249237061
512 128 1 0.4201383888721466
512 128 1 0.4121893048286438
512 128 1 0.4008043408393860
512 128 1 0.3363253474235535
512 128 1 0.3962114751338959
512 128 1 0.4851384460926056
512 128 1 0.3667846620082855
512 128 1 0.4380320012569427
512 128 1 0.4816947877407074
512 128 1 0.4412632882595062
512 128 1 0.3855698704719543
512 128 1 0.4221799969673157
512 128 1 0.3775476217269897
512 128 1 0.4328247010707855
512 128 1 0.4739402532577515
512 128 1 0.4498527050018311
512 128 1 0.4596385955810547
512 128 1 0.4302913248538971
512 128 1 0.4084036946296692
512 128 1 0.4650933146476746
512 128 1 0.4190828800201416
512 128 1 0.3893927335739136
512 128 1 0.4136829078197479
512 128 1 0.4271882176399231
512 128 1 0.3887659311294556
512 128 1 0.4664627313613892
512 128 1 0.4589626789093018
512 128 1 0.3891666531562805
512 128 1 0.5244977474212646
512 128 1 0.4053556919097900
512 128 1 0.4245888590812683
512 128 1 0.4775836467742920
512 128 1 0.4117447733879089
512 128 1 0.4791665375232697
512 128 1 0.3991810977458954
512 128 1 0.4930494427680969
512 128 1 0.4071982204914093
512 128 1 0.3856666088104248
512 128 1 0.3586659729480743
512 128 1 0.4856548011302948
512 128 1 0.4111711978912354
512 128 1 0.4380476772785187
512 128 1 0.5361975431442261
512 128 1 0.4885203540325165
512 128 1 0.4704715311527252
512 128 1 0.3483315408229828
512 128 1 0.5311094522476196
512 128 1 0.4745719432830811
512 128 1 0.4874782860279083
512 128 1 0.4492705464363098
512 128 1 0.4062103927135468
512 128 1 0.4003724753856659
512 128 1 0.5035676956176758
512 128 1 0.3944690823554993
512 128 1 0.4409586191177368
512 128 1 0.5032715201377869
512 128 1 0.3933307528495789
512 128 1 0.4305240511894226
512 128 1 0.4245870709419250
512 128 1 0.3948418796062469
512 128 1 0.5275439023971558
512 128 1 0.3427481949329376
512 128 1 0.3886097371578217
512 128 1 0.4140349924564362
512 128 1 0.4608985185623169
512 128 1 0.4103662967681885
512 128 1 0.4734165966510773
512 128 1 0.5114174485206604
512 128 1 0.4332956075668335
512 128 1 0.4961691200733185
512 128 1 0.4525792598724365
512 128 1 0.4510251879692078
512 128 1 0.4359937310218811
512 128 1 0.4735406041145325
512 128 1 0.4489872455596924
512 128 1 0.4639567434787750
512 128 1 0.4875691235065460
512 128 1 0.4727257788181305
512 128 1 0.4995527267456055
512 128 1 0.4563992619514465
512 128 1 0.4211243391036987
512 128 1 0.4213168621063232
512 128 1 0.4467040002346039
512 128 1 0.3678822219371796
512 128 1 0.4533503651618958
512 128 1 0.4094316065311432
512 128 1 0.4660625159740448
512 128 1 0.3961776494979858
512 128 1 0.4460250437259674
512 128 1 0.4828203320503235
512 128 1 0.4222549200057983
512 128 1 0.4275861084461212
512 128 1 0.4205013215541840
512 128 1 0.4310558736324310
512 256 1 0.3441220819950104
512 256 1 0.4195195138454437
512 256 1 0.3316921889781952
512 256 1 0.3987111747264862
512 256 1 0.3577605783939362
512 256 1 0.3617436587810516
512 256 1 0.3891056478023529
512 256 1 0.3839235007762909
512 256 1 0.3483750224113464
512 256 1 0.3821625411510468
512 256 1 0.3372656702995300
512 256 1 0.3758248090744019
512 256 1 0.3557212352752686
512 256 1 0.3936433792114258
512 256 1 0.3329398036003113
512 256 1 0.3521918058395386
512 256 1 0.3850603103637695
512 256 1 0.4463125169277191
512 256 1 0.4315585792064667
512 256 1 0.3409468531608582
512 256 1 0.3830664157867432
512 256 1 0.3886523842811584
512 256 1 0.3815202713012695
512 256 1 0.3839523196220398
512 256 1 0.3810485899448395
512 256 1 0.4122571945190430
512 256 1 0.3965591192245483
512 256 1 0.4017805159091949
512 256 1 0.3599478900432587
512 256 1 0.3364666700363159
512 256 1 0.3951848745346069
512 256 1 0.3477565050125122
512 256 1 0.4004169404506683
512 256 1 0.3677670657634735
512 256 1 0.3722401559352875
512 256 1 0.3868845105171204
512 256 1 0.4110052883625031
512 256 1 0.4343362152576447
512 256 1 0.4192562103271484
512 256 1 0.4125161767005920
512 256 1 0.3708852827548981
512 256 1 0.3946197628974915
512 256 1 0.3714508414268494
512 256 1 0.3646364510059357
512 256 1 0.4069920778274536
512 256 1 0.3858089745044708
512 256 1 0.4163240790367126
512 256 1 0.3944841623306274
512 256 1 0.4061547815799713
512 256 1 0.4394667744636536
512 256 1 0.3576048612594604
512 256 1 0.3788811862468719
512 256 1 0.3333154916763306
512 256 1 0.4033436477184296
512 256 1 0.4025256335735321
512 256 1 0.3847582638263702
512 256 1 0.4050790667533875
512 256 1 0.4279663562774658
512 256 1 0.3383501768112183
512 256 1 0.3611009120941162
512 256 1 0.4130791425704956
512 256 1 0.3826838731765747
512 256 1 0.3477428555488586
512 256 1 0.3853221535682678
512 256 1 0.4189256727695465
512 256 1 0.4347227215766907
512 256 1 0.3884066641330719
512 256 1 0.3745915293693542
512 256 1 0.3144501149654388
512 256 1 0.3964413702487946
512 256 1 0.3707184493541718
512 256 1 0.4191374182701111
512 256 1 0.3662538826465607
512 256 1 0.3187204599380493
512 256 1 0.4094980955123901
512 256 1 0.3401541411876678
512 256 1 0.3769724667072296
512 256 1 0.3794323801994324
512 256 1 0.3664598464965820
512 256 1 0.3930265307426453
512 256 1 0.3640704751014709
512 256 1 0.3682954311370850
512 256 1 0.3896361291408539
512 256 1 0.3927613198757172
512 256 1 0.3784556984901428
512 256 1 0.3758749365806580
512 256 1 0.3714804947376251
512 256 1 0.3782686591148376
512 256 1 0.4086783230304718
512 256 1 0.3754529058933258
512 256 1 0.4037818014621735
512 256 1 0.3381173312664032
512 256 1 0.4163225591182709
512 256 1 0.3988399505615234
512 256 1 0.3550527691841125
512 256 1 0.3693050146102905
512 256 1 0.4397672414779663
512 256 1 0.3367490768432617
512 256 1 0.3442285954952240
512 256 1 0.3968051075935364
512 512 1 0.3648364543914795
512 512 1 0.3386053442955017
512 512 1 0.3552822470664978
512 512 1 0.3269289135932922
512 512 1 0.3204713761806488
512 512 1 0.3349956572055817
512 512 1 0.3963389992713928
512 512 1 0.3406627774238586
512 512 1 0.2802506387233734
512 512 1 0.3377958238124847
512 512 1 0.3383446037769318
512 512 1 0.3233457207679749
512 512 1 0.3364236950874329
512 512 1 0.3337276875972748
512 512 1 0.3237370252609253
512 512 1 0.3280217647552490
512 512 1 0.2780085504055023
512 512 1 0.3747133016586304
512 512 1 0.3057060837745667
512 512 1 0.3619382977485657
512 512 1 0.3312368392944336
512 512 1 0.3807004094123840
512 512 1 0.3542146682739258
512 512 1 0.3770189285278320
512 512 1 0.3249768316745758
512 512 1 0.3710240423679352
512 512 1 0.3111646771430969
512 512 1 0.3629904091358185
512 512 1 0.3869007527828217
512 512 1 0.3541570901870728
512 512 1 0.3366737067699432
512 512 1 0.3384386897087097
512 512 1 0.3811916410923004
512 512 1 0.3067874610424042
512 512 1 0.3370203673839569
512 512 1 0.3676516711711884
512 512 1 0.3342200517654419
512 512 1 0.4268954098224640
512 512 1 0.3519860804080963
512 512 1 0.3013956248760223
512 512 1 0.3724914789199829
512 512 1 0.3487385809421539
512 512 1 0.3357263207435608
512 512 1 0.3603136539459229
512 512 1 0.3218363821506500
512 512 1 0.2958336770534515
512 512 1 0.3282463848590851
512 512 1 0.3540833294391632
512 512 1 0.3428174257278442
512 512 1 0.3217512369155884
512 512 1 0.3302511572837830
512 512 1 0.3826973736286163
512 512 1 0.3755693435668945
512 512 1 0.3602627217769623
512 512 1 0.3480767309665680
512 512 1 0.3476571738719940
512 512 1 0.3121173381805420
512 512 1 0.3569689691066742
512 512 1 0.3523902893066406
512 512 1 0.3591462075710297
512 512 1 0.3374497592449188
512 512 1 0.3085694611072540
512 512 1 0.3573138415813446
512 512 1 0.3125678598880768
512 512 1 0.3371545672416687
512 512 1 0.3708550631999969
512 512 1 0.3416913747787476
512 512 1 0.3384861648082733
512 512 1 0.2675153315067291
512 512 1 0.3701591193675995
512 512 1 0.3555999100208282
512 512 1 0.3411422967910767
512 512 1 0.3565985560417175
512 512 1 0.3580951392650604
512 512 1 0.3652850687503815
512 512 1 0.2824169397354126
512 512 1 0.3708658516407013
512 512 1 0.3931753635406494
512 512 1 0.3460761010646820
512 512 1 0.3313217461109161
512 512 1 0.3269886672496796
512 512 1 0.3553089201450348
512 512 1 0.3984835147857666
512 512 1 0.3151236176490784
512 512 1 0.3962590098381042
512 512 1 0.3725918233394623
512 512 1 0.3153996467590332
512 512 1 0.3188884556293488
512 512 1 0.3338399231433868
512 512 1 0.3216336071491241
512 512 1 0.3206458687782288
512 512 1 0.3826807439327240
512 512 1 0.3470272123813629
512 512 1 0.3543769419193268
512 512 1 0.3435716629028320
512 512 1 0.3474721610546112
512 512 1 0.2840503752231598
512 512 1 0.4060905575752258
512 512 1 0.3094906508922577
512 512 1 0.3564162552356720
1024 4 1 2.9119219779968262
1024 4 1 2.1696105003356934
1024 4 1 1.9146623611450195
1024 4 1 2.5278747081756592
1024 4 1 1.6466860771179199
1024 4 1 3.4082686901092529
1024 4 1 1.3885158300399780
1024 4 1 2.1317424774169922
1024 4 1 1.2617160081863403
1024 4 1 1.7934443950653076
1024 4 1 1.8868682384490967
1024 4 1 0.9578470587730408
1024 4 1 1.7831797599792480
1024 4 1 2.6235375404357910
1024 4 1 4.1640324592590332
1024 4 1 1.3226408958435059
1024 4 1 1.2538595199584961
1024 4 1 2.4488430023193359
1024 4 1 3.3023598194122314
1024 4 1 1.6123667955398560
1024 4 1 3.5165441036224365
1024 4 1 1.4568476676940918
1024 4 1 0.9491103291511536
1024 4 1 4.0128726959228516
1024 4 1 2.0087451934814453
1024 4 1 1.9056046009063721
1024 4 1 1.7701007127761841
1024 4 1 2.4207806587219238
1024 4 1 1.9083944559097290
1024 4 1 2.9998912811279297
1024 4 1 1.8403128385543823
1024 4 1 2.2704648971557617
1024 4 1 1.1647682189941406
1024 4 1 2.5351817607879639
1024 4 1 1.8529465198516846
1024 4 1 2.7722737789154053
1024 4 1 2.2415626049041748
1024 4 1 1.7356986999511719
1024 4 1 2.1192810535430908
1024 4 1 2.2543468475341797
1024 4 1 1.2165751457214355
1024 4 1 1.9330201148986816
1024 4 1 3.3267407417297363
1024 4 1 3.0161876678466797
1024 4 1 2.6619727611541748
1024 4 1 2.0806031227111816
1024 4 1 2.0156621932983398
1024 4 1 2.8783318996429443
1024 4 1 1.3760635852813721
1024 4 1 1.9200013875961304
1024 4 1 1.7537460327148438
1024 4 1 3.3910050392150879
1024 4 1 3.6274840831756592
1024 4 1 2.0710129737854004
1024 4 1 2.8173336982727051
1024 4 1 2.4730293750762939
1024 4 1 1.1404099464416504
1024 4 1 2.4147884845733643
1024 4 1 2.9830787181854248
1024 4 1 1.9949041604995728
1024 4 1 2.0155231952667236
1024 4 1 1.8031666278839111
1024 4 1 2.2690269947052002
1024 4 1 2.2083921432495117
1024 4 1 1.2684303522109985
1024 4 1 1.6867001056671143
1024 4 1 1.6582428216934204
1024 4 1 2.2996094226837158
1024 4 1 2.1676566600799561
1024 4 1 3.2884867191314697
1024 4 1 1.6130726337432861
1024 4 1 1.6149299144744873
1024 4 1 1.1510818004608154
1024 4 1 1.3405827283859253
1024 4 1 3.0188910961151123
1024 4 1 1.3633737564086914
1024 4 1 3.4789981842041016
1024 4 1 1.0795270204544067
1024 4 1 2.6491501331329346
1024 4 1 2.2218511104583740
1024 4 1 1.8273015022277832
1024 4 1 1.9512176513671875
1024 4 1 3.1883771419525146
1024 4 1 1.8863818645477295
1024 4 1 1.9610804319381714
1024 4 1 2.1812074184417725
1024 4 1 2.5450670719146729
1024 4 1 2.8119628429412842
1024 4 1 1.3827742338180542
1024 4 1 1.3348937034606934
1024 4 1 2.5794570446014404
1024 4 1 1.3265918493270874
1024 4 1 1.0762709379196167
1024 4 1 1.8320906162261963
1024 4 1 1.6259033679962158
1024 4 1 2.8064672946929932
1024 4 1 1.7022470235824585
1024 4 1 3.0174722671508789
1024 4 1 1.8007478713989258
1024 4 1 1.8458945751190186
1024 8 1 1.1171303987503052
1024 8 1 0.6705068945884705
1024 8 1 1.2802389860153198
1024 8 1 1.5026577711105347
1024 8 1 1.0665529966354370
1024 8 1 1.6467934846878052
1024 8 1 0.8813408017158508
1024 8 1 1.1240326166152954
1024 8 1 0.8103154897689819
1024 8 1 0.9405102729797363
1024 8 1 1.2252122163772583
1024 8 1 0.7410182356834412
1024 8 1 0.7253196835517883
1024 8 1 0.8995892405509949
1024 8 1 1.1823244094848633
1024 8 1 1.6706318855285645
1024 8 1 1.8776555061340332
1024 8 1 1.1507893800735474
1024 8 1 1.5226085186004639
1024 8 1 1.1628435850143433
1024 8 1 1.1030032634735107
1024 8 1 1.7695695161819458
1024 8 1 1.4772802591323853
1024 8 1 1.4443551301956177
1024 8 1 1.2059161663055420
1024 8 1 0.7408699989318848
1024 8 1 1.1123574972152710
1024 8 1 1.3986591100692749
1024 8 1 0.7746523022651672
1024 8 1 1.5201747417449951
1024 8 1 2.0527091026306152
1024 8 1 1.5130412578582764
1024 8 1 1.0796650648117065
1024 8 1 0.8836973309516907
1024 8 1 1.1742066144943237
1024 8 1 1.6839720010757446
1024 8 1 1.4389865398406982
1024 8 1 0.6892331838607788
1024 8 1 1.5784863233566284
1024 8 1 0.8031444549560547
1024 8 1 1.8251407146453857
1024 8 1 0.8049117326736450
1024 8 1 1.1409071683883667
1024 8 1 1.0385073423385620
1024 8 1 1.4849702119827271
1024 8 1 1.0002311468124390
1024 8 1 1.5567231178283691
1024 8 1 1.0817542076110840
1024 8 1 0.8759558796882629
1024 8 1 1.0871723890304565
1024 8 1 0.9032214283943176
1024 8 1 0.7391839623451233
1024 8 1 0.9207204580307007
1024 8 1 1.6559510231018066
1024 8 1 0.7637442946434021
1024 8 1 1.0519074201583862
1024 8 1 1.3054265975952148
1024 8 1 1.1368788480758667
1024 8 1 0.6847078800201416
1024 8 1 2.1423981189727783
1024 8 1 0.8639134764671326
1024 8 1 1.2358341217041016
1024 8 1 1.5683344602584839
1024 8 1 0.9415738582611084
1024 8 1 0.6530768871307373
1024 8 1 1.1995456218719482
1024 8 1 1.3418130874633789
1024 8 1 1.0729682445526123
1024 8 1 0.8087849617004395
1024 8 1 1.4292614459991455
1024 8 1 1.2249140739440918
1024 8 1 0.5735255479812622
1024 8 1 0.9920253753662109
1024 8 1 1.3325128555297852
1024 8 1 1.5920197963714600
1024 8 1 1.2581436634063721
1024 8 1 0.7918418049812317
1024 8 1 1.0375419855117798
1024 8 1 0.8049345612525940
1024 8 1 0.6833379268646240
1024 8 1 1.0537686347961426
1024 8 1 0.7998693585395813
1024 8 1 0.8060687184333801
1024 8 1 0.9767832159996033
1024 8 1 1.1972693204879761
1024 8 1 0.9756764769554138
1024 8 1 0.8904033899307251
1024 8 1 1.3298044204711914
1024 8 1 1.0182559490203857
1024 8 1 0.9933105707168579
1024 8 1 0.8923388719558716
1024 8 1 1.5322767496109009
1024 8 1 0.9773894548416138
1024 8 1 1.5562596321105957
1024 8 1 0.9801716804504395
1024 8 1 0.8684864044189453
1024 8 1 0.8078070878982544
1024 8 1 0.9825673699378967
1024 8 1 0.5844682455062866
1024 8 1 0.7368512153625488
1024 16 1 0.8455681800842285
1024 16 1 0.7286704182624817
1024 16 1 0.5810222029685974
1024 16 1 0.7484292387962341
1024 16 1 0.6434339880943298
1024 16 1 0.8222714066505432
1024 16 1 0.6902011036872864
1024 16 1 0.5989456772804260
1024 16 1 1.3619401454925537
1024 16 1 0.4875748455524445
1024 16 1 0.8555573821067810
1024 16 1 0.6703431010246277
1024 16 1 0.7685426473617554
1024 16 1 1.1170194149017334
1024 16 1 0.5628902316093445
1024 16 1 0.5391435027122498
1024 16 1 0.7605694532394409
1024 16 1 0.6946323513984680
1024 16 1 0.6116232275962830
1024 16 1 0.8208658099174500
1024 16 1 1.0052404403686523
1024 16 1 0.7372046113014221
1024 16 1 0.6887573003768921
1024 16 1 0.5604410767555237
1024 16 1 0.7419648170471191
1024 16 1 0.7866472005844116
1024 16 1 0.6291534304618835
1024 16 1 0.5852864980697632
1024 16 1 0.5041998624801636
1024 16 1 0.6271139383316040
1024 16 1 0.6922255754470825
1024 16 1 0.6652685403823853
1024 16 1 0.6202677488327026
1024 16 1 0.6369877457618713
1024 16 1 0.6001060605049133
1024 16 1 0.6363955736160278
1024 16 1 0.6029423475265503
1024 16 1 1.0424952507019043
1024 16 1 0.5692067146301270
1024 16 1 0.6202324628829956
1024 16 1 0.5678591728210449
1024 16 1 0.7630655765533447
1024 16 1 0.5424727201461792
1024 16 1 0.7450503706932068
1024 16 1 0.6090544462203979
1024 16 1 0.6865441799163818
1024 16 1 0.6365490555763245
1024 16 1 0.5371907949447632
1024 16 1 0.7433212995529175
1024 16 1 0.7909299731254578
1024 16 1 0.8322222232818604
1024 16 1 0.7769159674644470
1024 16 1 1.1367501020431519
1024 16 1 0.6433269381523132
1024 16 1 0.7246520519256592
1024 16 1 0.8796114921569824
1024 16 1 0.6902266144752502
1024 16 1 0.5384159088134766
1024 16 1 0.5453444123268127
1024 16 1 1.0258342027664185
1024 16 1 0.6387279033660889
1024 16 1 1.0278134346008301
1024 16 1 0.8212347626686096
1024 16 1 0.6974585056304932
1024 16 1 0.6393690705299377
1024 16 1 0.7095969319343567
1024 16 1 0.8008580803871155
1024 16 1 0.7290251255035400
1024 16 1 0.7052562832832336
1024 16 1 0.4485634565353394
1024 16 1 0.6997072100639343
1024 16 1 0.6783782839775085
1024 16 1 0.6823199987411499
1024 16 1 0.7978098988533020
1024 16 1 0.6583052873611450
1024 16 1 0.6818264722824097
1024 16 1 0.8270218372344971
1024 16 1 0.7039796710014343
1024 16 1 0.6583948731422424
1024 16 1 0.5758388042449951
1024 16 1 0.5833929181098938
1024 16 1 0.5133141875267029
1024 16 1 0.7219121456146240
1024 16 1 0.8239460587501526
1024 16 1 0.8841787576675415
1024 16 1 0.8817170858383179
1024 16 1 0.5481504201889038
1024 16 1 0.5732583999633789
1024 16 1 0.5750302672386169
1024 16 1 0.7960297465324402
1024 16 1 0.6284713149070740
1024 16 1 0.7026458978652954
1024 16 1 0.5986812710762024
1024 16 1 0.7402688860893250
1024 16 1 0.6268241405487061
1024 16 1 0.6868534684181213
1024 16 1 0.6648250818252563
1024 16 1 0.6388643383979797
1024 16 1 0.5677258968353271
1024 16 1 0.6340558528900146
1024 32 1 0.5123165249824524
1024 32 1 0.4891262352466583
1024 32 1 0.6967102885246277
1024 32 1 0.4751018881797791
1024 32 1 0.4766343832015991
1024 32 1 0.4489083886146545
1024 32 1 0.5956171751022339
1024 32 1 0.5624247193336487
1024 32 1 0.4487974643707275
1024 32 1 0.4558991193771362
1024 32 1 0.5906922817230225
1024 32 1 0.4608869552612305
1024 32 1 0.5146640539169312
1024 32 1 0.6297657489776611
1024 32 1 0.4317889809608459
1024 32 1 0.6570017337799072
1024 32 1 0.5317664742469788
1024 32 1 0.5457689762115479
1024 32 1 0.3844765424728394
1024 32 1 0.4810296595096588
1024 32 1 0.4529385268688202
1024 32 1 0.4835387468338013
1024 32 1 0.5655441284179688
1024 32 1 0.4343797564506531
1024 32 1 0.4825690388679504
1024 32 1 0.5242801308631897
1024 32 1 0.4923917651176453
1024 32 1 0.4746902585029602
1024 32 1 0.5860660672187805
1024 32 1 0.5770098567008972
1024 32 1 0.5425487756729126
1024 32 1 0.3775287866592407
1024 32 1 0.5314803123474121
1024 32 1 0.4236835241317749
1024 32 1 0.5757325887680054
1024 32 1 0.5094563961029053
1024 32 1 0.6035330295562744
1024 32 1 0.5463775396347046
1024 32 1 0.4387227594852448
1024 32 1 0.4784263372421265
1024 32 1 0.4836360216140747
1024 32 1 0.4978657066822052
1024 32 1 0.4893899261951447
1024 32 1 0.6360210180282593
1024 32 1 0.6010423898696899
1024 32 1 0.5331438779830933
1024 32 1 0.5297461748123169
1024 32 1 0.4494289159774780
1024 32 1 0.5008494257926941
1024 32 1 0.5194029808044434
1024 32 1 0.5246319174766541
1024 32 1 0.4747951030731201
1024 32 1 0.5320065617561340
1024 32 1 0.6554529070854187
1024 32 1 0.4772772192955017
1024 32 1 0.5195510387420654
1024 32 1 0.5632084012031555
1024 32 1 0.5488836765289307
1024 32 1 0.6039351820945740
1024 32 1 0.4627881348133087
1024 32 1 0.5643064975738525
1024 32 1 0.4952523708343506
1024 32 1 0.4375110864639282
1024 32 1 0.4733281731605530
1024 32 1 0.5333167910575867
1024 32 1 0.5458222627639771
1024 32 1 0.4761803746223450
1024 32 1 0.4390339553356171
1024 32 1 0.7110391855239868
1024 32 1 0.5106683969497681
1024 32 1 0.4421693086624146
1024 32 1 0.5120768547058105
1024 32 1 0.4681380987167358
1024 32 1 0.5282353758811951
1024 32 1 0.4349555075168610
1024 32 1 0.4798069000244141
1024 32 1 0.4872668981552124
1024 32 1 0.5581554770469666
1024 32 1 0.5069078207015991
1024 32 1 0.6403720974922180
1024 32 1 0.5866709351539612
1024 32 1 0.4670996963977814
1024 32 1 0.5399449467658997
1024 32 1 0.4991488158702850
1024 32 1 0.4714130461215973
1024 32 1 0.5453230738639832
1024 32 1 0.5594675540924072
1024 32 1 0.5437855720520020
1024 32 1 0.5481628179550171
1024 32 1 0.5304770469665527
1024 32 1 0.4657322764396667
1024 32 1 0.5916699767112732
1024 32 1 0.4748447537422180
1024 32 1 0.4813178181648254
1024 32 1 0.5370650291442871
1024 32 1 0.4315528571605682
1024 32 1 0.4691788852214813
1024 32 1 0.5025098323822021
1024 32 1 0.5494942665100098
1024 32 1 0.5262597799301147
1024 64 1 0.4213562309741974
1024 64 1 0.4501547515392303
1024 64 1 0.4777919650077820
1024 64 1 0.4467893838882446
1024 64 1 0.4157041907310486
1024 64 1 0.5005668997764587
1024 64 1 0.3990589380264282
1024 64 1 0.4398092627525330
1024 64 1 0.3351677656173706
1024 64 1 0.3725874423980713
1024 64 1 0.4618985056877136
1024 64 1 0.4152556359767914
1024 64 1 0.4862628281116486
1024 64 1 0.4381492137908936
1024 64 1 0.3897644877433777
1024 64 1 0.5056133270263672
1024 64 1 0.4488318562507629
1024 64 1 0.4236809611320496
1024 64 1 0.4253173768520355
1024 64 1 0.4174386560916901
1024 64 1 0.3992486894130707
1024 64 1 0.3937452733516693
1024 64 1 0.4509434998035431
1024 64 1 0.4580197930335999
1024 64 1 0.5259528160095215
1024 64 1 0.4183019399642944
1024 64 1 0.4073903560638428
1024 64 1 0.4417584538459778
1024 64 1 0.4516969025135040
1024 64 1 0.4385466873645782
1024 64 1 0.3994414806365967
1024 64 1 0.3679641485214233
1024 64 1 0.4531773328781128
1024 64 1 0.4392508566379547
1024 64 1 0.5431424975395203
1024 64 1 0.5414220690727234
1024 64 1 0.4532980024814606
1024 64 1 0.3926879167556763
1024 64 1 0.4106673896312714
1024 64 1 0.4571508467197418
1024 64 1 0.3917984366416931
1024 64 1 0.4305582940578461
1024 64 1 0.4469289481639862
1024 64 1 0.5140581727027893
1024 64 1 0.4300917685031891
1024 64 1 0.4113389849662781
1024 64 1 0.4832431375980377
1024 64 1 0.4154663383960724
1024 64 1 0.4833232164382935
1024 64 1 0.4586253762245178
1024 64 1 0.3919300734996796
1024 64 1 0.4407857656478882
1024 64 1 0.4123769998550415
1024 64 1 0.5125391483306885
1024 64 1 0.3898060917854309
1024 64 1 0.4437678456306458
1024 64 1 0.4586832821369171
1024 64 1 0.4825569987297058
1024 64 1 0.4204140901565552
1024 64 1 0.5134696960449219
1024 64 1 0.4584276676177979
1024 64 1 0.4266581833362579
1024 64 1 0.4460002183914185
1024 64 1 0.4112943410873413
1024 64 1 0.3987783193588257
1024 64 1 0.4794711768627167
1024 64 1 0.4107766747474670
1024 64 1 0.5264782905578613
1024 64 1 0.4414305984973907
1024 64 1 0.4209534525871277
1024 64 1 0.4424876272678375
1024 64 1 0.4373017251491547
1024 64 1 0.4929972589015961
1024 64 1 0.4543486535549164
1024 64 1 0.4110519886016846
1024 64 1 0.4212696552276611
1024 64 1 0.3830538690090179
1024 64 1 0.4392195641994476
1024 64 1 0.3908929824829102
1024 64 1 0.4899283349514008
1024 64 1 0.4387119412422180
1024 64 1 0.4457971155643463
1024 64 1 0.4325810670852661
1024 64 1 0.4644418954849243
1024 64 1 0.3970133066177368
1024 64 1 0.4248161315917969
1024 64 1 0.4309548437595367
1024 64 1 0.4824899435043335
1024 64 1 0.4260364174842834
1024 64 1 0.5150156617164612
1024 64 1 0.5231416821479797
1024 64 1 0.4251080453395844
1024 64 1 0.4321364164352417
1024 64 1 0.4356230199337006
1024 64 1 0.4319173693656921
1024 64 1 0.4249488115310669
1024 64 1 0.3986865282058716
1024 64 1 0.4484401345252991
1024 64 1 0.4102299511432648
1024 64 1 0.3724058866500854
1024 128 1 0.3884595632553101
1024 128 1 0.4455510377883911
1024 128 1 0.3659852743148804
1024 128 1 0.4312401115894318
1024 128 1 0.4079037904739380
1024 128 1 0.4707113206386566
1024 128 1 0.3673932552337646
1024 128 1 0.4253434836864471
1024 128 1 0.4000732302665710
1024 128 1 0.4049741625785828
1024 128 1 0.3567976057529449
1024 128 1 0.3838924467563629
1024 128 1 0.3677736520767212
1024 128 1 0.3880822360515594
1024 128 1 0.3869086205959320
1024 128 1 0.4252576828002930
1024 128 1 0.3544667065143585
1024 128 1 0.4034420847892761
1024 128 1 0.4711370170116425
1024 128 1 0.3594962358474731
1024 128 1 0.4002701640129089
1024 128 1 0.3578630387783051
1024 128 1 0.4598046839237213
1024 128 1 0.4486000835895538
1024 128 1 0.4309479892253876
1024 128 1 0.3927284479141235
1024 128 1 0.3855541348457336
1024 128 1 0.4084566831588745
1024 128 1 0.3858231306076050
1024 128 1 0.4129318296909332
1024 128 1 0.3695678710937500
1024 128 1 0.3958243429660797
1024 128 1 0.4016455411911011
1024 128 1 0.3356242477893829
1024 128 1 0.4856731891632080
1024 128 1 0.3698941469192505
1024 128 1 0.4033909142017365
1024 128 1 0.3215371072292328
1024 128 1 0.4132554531097412
1024 128 1 0.4282171726226807
1024 128 1 0.3135941624641418
1024 128 1 0.4600727558135986
1024 128 1 0.4158213436603546
1024 128 1 0.3999910354614258
1024 128 1 0.4053552150726318
1024 128 1 0.3318037092685699
1024 128 1 0.4109823703765869
1024 128 1 0.3442021906375885
1024 128 1 0.4772044718265533
1024 128 1 0.3880774974822998
1024 128 1 0.3909111917018890
1024 128 1 0.3668536841869354
1024 128 1 0.3928871452808380
1024 128 1 0.3950403332710266
1024 128 1 0.3838267624378204
1024 128 1 0.3159558773040771
1024 128 1 0.3941067755222321
1024 128 1 0.4334171414375305
1024 128 1 0.3947309553623199
1024 128 1 0.3772724270820618
1024 128 1 0.3416031599044800
1024 128 1 0.4234274625778198
1024 128 1 0.4341094195842743
1024 128 1 0.4394540488719940
1024 128 1 0.3966167569160461
1024 128 1 0.4658014774322510
1024 128 1 0.4364926815032959
1024 128 1 0.3962786793708801
1024 128 1 0.4195859432220459
1024 128 1 0.3400314450263977
1024 128 1 0.3962772786617279
1024 128 1 0.4017570912837982
1024 128 1 0.3745347857475281
1024 128 1 0.3588752746582031
1024 128 1 0.4168176651000977
1024 128 1 0.4087739884853363
1024 128 1 0.3925077319145203
1024 128 1 0.3686339557170868
1024 128 1 0.3920544087886810
1024 128 1 0.4079997539520264
1024 128 1 0.4830718636512756
1024 128 1 0.3217467963695526
1024 128 1 0.3856523633003235
1024 128 1 0.4163750708103180
1024 128 1 0.4508311450481415
1024 128 1 0.4091351032257080
1024 128 1 0.4826765954494476
1024 128 1 0.3932879567146301
1024 128 1 0.3690760135650635
1024 128 1 0.3025701045989990
1024 128 1 0.4169622659683228
1024 128 1 0.3704172074794769
1024 128 1 0.4008249044418335
1024 128 1 0.3974142968654633
1024 128 1 0.4141027331352234
1024 128 1 0.4618479609489441
1024 128 1 0.4282894432544708
1024 128 1 0.3725726008415222
1024 128 1 0.3626388311386108
1024 128 1 0.3787094056606293
1024 256 1 0.3279787003993988
1024 256 1 0.3924814164638519
1024 256 1 0.3765136599540710
1024 256 1 0.3874932527542114
1024 256 1 0.3615466356277466
1024 256 1 0.3526694476604462
1024 256 1 0.3911619484424591
1024 256 1 0.3818719983100891
1024 256 1 0.3495215475559235
1024 256 1 0.3514489829540253
1024 256 1 0.3198479413986206
1024 256 1 0.3647917509078979
1024 256 1 0.3377952575683594
1024 256 1 0.3846265375614166
1024 256 1 0.3364543020725250
1024 256 1 0.3480892479419708
1024 256 1 0.3453327119350433
1024 256 1 0.3394383192062378
1024 256 1 0.3295246362686157
1024 256 1 0.3368466496467590
1024 256 1 0.3369338214397430
1024 256 1 0.3286640942096710
1024 256 1 0.3259512186050415
1024 256 1 0.3381960988044739
1024 256 1 0.3817916810512543
1024 256 1 0.3563958704471588
1024 256 1 0.4036489129066467
1024 256 1 0.3085076510906219
1024 256 1 0.3885018229484558
1024 256 1 0.2948529124259949
1024 256 1 0.3109680116176605
1024 256 1 0.3342671990394592
1024 256 1 0.3451392054557800
1024 256 1 0.3216332495212555
1024 256 1 0.3641820847988129
1024 256 1 0.3977420032024384
1024 256 1 0.3645842671394348
1024 256 1 0.3729561269283295
1024 256 1 0.3382690846920013
1024 256 1 0.3429007232189178
1024 256 1 0.2873722612857819
1024 256 1 0.3602437973022461
1024 256 1 0.3400629460811615
1024 256 1 0.3225583732128143
1024 256 1 0.3341935276985168
1024 256 1 0.3625725209712982
1024 256 1 0.3542789518833160
1024 256 1 0.3530045747756958
1024 256 1 0.3077243566513062
1024 256 1 0.3481344878673553
1024 256 1 0.3670455217361450
1024 256 1 0.3017534911632538
1024 256 1 0.4031427502632141
1024 256 1 0.3989253640174866
1024 256 1 0.4147217869758606
1024 256 1 0.3345883190631866
1024 256 1 0.3509937226772308
1024 256 1 0.3664441406726837
1024 256 1 0.3330049812793732
1024 256 1 0.3237330615520477
1024 256 1 0.3264590203762054
1024 256 1 0.3782399892807007
1024 256 1 0.3576281666755676
1024 256 1 0.4224562942981720
1024 256 1 0.3346036672592163
1024 256 1 0.3212237060070038
1024 256 1 0.3620086312294006
1024 256 1 0.3335063159465790
1024 256 1 0.3622737228870392
1024 256 1 0.3133661150932312
1024 256 1 0.3293888568878174
1024 256 1 0.3996053338050842
1024 256 1 0.3139041960239410
1024 256 1 0.3550211191177368
1024 256 1 0.3701685070991516
1024 256 1 0.3511906862258911
1024 256 1 0.3256570696830750
1024 256 1 0.3002850711345673
1024 256 1 0.3483252227306366
1024 256 1 0.3742020428180695
1024 256 1 0.4044018983840942
1024 256 1 0.3513692915439606
1024 256 1 0.3792347609996796
1024 256 1 0.3555937111377716
1024 256 1 0.4119125306606293
1024 256 1 0.3672634959220886
1024 256 1 0.3406785130500793
1024 256 1 0.4094862341880798
1024 256 1 0.3878255188465118
1024 256 1 0.3614183366298676
1024 256 1 0.3217115700244904
1024 256 1 0.4129575788974762
1024 256 1 0.3784333765506744
1024 256 1 0.2936436533927917
1024 256 1 0.3771304786205292
1024 256 1 0.3871740996837616
1024 256 1 0.3709196150302887
1024 256 1 0.3528161644935608
1024 256 1 0.3539462685585022
1024 256 1 0.3983370661735535
1024 512 1 0.3117599189281464
1024 512 1 0.3113160729408264
1024 512 1 0.2724814116954803
1024 512 1 0.3507716655731201
1024 512 1 0.3222856223583221
1024 512 1 0.2807012796401978
1024 512 1 0.3274410367012024
1024 512 1 0.3216583728790283
1024 512 1 0.2788697183132172
1024 512 1 0.3112461268901825
1024 512 1 0.3250672817230225
1024 512 1 0.2880990505218506
1024 512 1 0.3232368528842926
1024 512 1 0.3018803894519806
1024 512 1 0.2952412366867065
1024 512 1 0.3010204136371613
1024 512 1 0.3254677057266235
1024 512 1 0.3441890478134155
1024 512 1 0.3268351852893829
1024 512 1 0.3074877858161926
1024 512 1 0.3105325996875763
1024 512 1 0.2985614538192749
1024 512 1 0.2824714183807373
1024 512 1 0.3306342661380768
1024 512 1 0.2858222723007202
1024 512 1 0.3157376945018768
1024 512 1 0.2838232219219208
1024 512 1 0.3745607435703278
1024 512 1 0.3188579380512238
1024 512 1 0.2798416316509247
1024 512 1 0.2962137162685394
1024 512 1 0.2911997139453888
1024 512 1 0.3236314058303833
1024 512 1 0.3592697381973267
1024 512 1 0.3618959486484528
1024 512 1 0.3796445727348328
1024 512 1 0.3369067907333374
1024 512 1 0.3120263516902924
1024 512 1 0.3235473632812500
1024 512 1 0.3003517389297485
1024 512 1 0.2823617756366730
1024 512 1 0.3114198744297028
1024 512 1 0.2949365973472595
1024 512 1 0.3204213976860046
1024 512 1 0.3308969736099243
1024 512 1 0.3104449510574341
1024 512 1 0.3153884708881378
1024 512 1 0.2916501462459564
1024 512 1 0.3682818114757538
1024 512 1 0.3267274498939514
1024 512 1 0.3147226274013519
1024 512 1 0.3326902389526367
1024 512 1 0.3041602373123169
1024 512 1 0.3184646666049957
1024 512 1 0.3698913455009460
1024 512 1 0.2763315439224243
1024 512 1 0.3387357294559479
1024 512 1 0.2536174654960632
1024 512 1 0.3194221556186676
1024 512 1 0.3134586215019226
1024 512 1 0.2991435229778290
1024 512 1 0.3678784072399139
1024 512 1 0.3145515024662018
1024 512 1 0.3316020071506500
1024 512 1 0.3212663531303406
1024 512 1 0.3117290735244751
1024 512 1 0.3072490990161896
1024 512 1 0.2810092866420746
1024 512 1 0.2748548984527588
1024 512 1 0.2941332161426544
1024 512 1 0.2975096702575684
1024 512 1 0.2635650336742401
1024 512 1 0.2917151749134064
1024 512 1 0.3562320470809937
1024 512 1 0.2962189018726349
1024 512 1 0.3194672763347626
1024 512 1 0.3321142196655273
1024 512 1 0.3167384266853333
1024 512 1 0.3055267333984375
1024 512 1 0.3300698399543762
1024 512 1 0.3256847262382507
1024 512 1 0.2543814778327942
1024 512 1 0.3243999481201172
1024 512 1 0.3185841143131256
1024 512 1 0.3069365024566650
1024 512 1 0.2933574616909027
1024 512 1 0.3094082176685333
1024 512 1 0.3137239813804626
1024 512 1 0.2967604398727417
1024 512 1 0.2957598567008972
1024 512 1 0.3467401564121246
1024 512 1 0.3255476653575897
1024 512 1 0.3053892552852631
1024 512 1 0.3191893398761749
1024 512 1 0.3073348701000214
1024 512 1 0.2940259873867035
1024 512 1 0.3727297186851501
1024 512 1 0.3161542415618896
1024 512 1 0.3093436360359192
1024 512 1 0.3038254082202911
2048 4 1 1.1934626102447510
2048 4 1 1.3263822793960571
2048 4 1 2.2306258678436279
2048 4 1 1.6165908575057983
2048 4 1 1.1558413505554199
2048 4 1 1.4784178733825684
2048 4 1 1.7090482711791992
2048 4 1 1.2741898298263550
2048 4 1 1.1698555946350098
2048 4 1 1.1924124956130981
2048 4 1 1.3341116905212402
2048 4 1 1.2425405979156494
2048 4 1 1.3121424913406372
2048 4 1 1.3119593858718872
2048 4 1 2.4419736862182617
2048 4 1 1.1907538175582886
2048 4 1 1.6359094381332397
2048 4 1 1.6423509120941162
2048 4 1 1.9568141698837280
2048 4 1 1.6868330240249634
2048 4 1 1.3315675258636475
2048 4 1 1.5831899642944336
2048 4 1 1.2112251520156860
2048 4 1 1.0546798706054688
2048 4 1 1.3919594287872314
2048 4 1 1.7765671014785767
2048 4 1 1.5531296730041504
2048 4 1 0.9185163974761963
2048 4 1 0.7424588799476624
2048 4 1 2.1911630630493164
2048 4 1 2.1016564369201660
2048 4 1 1.9582179784774780
2048 4 1 1.2499104738235474
2048 4 1 1.7375503778457642
2048 4 1 1.0919851064682007
2048 4 1 1.2761483192443848
2048 4 1 0.6345741748809814
2048 4 1 1.9158732891082764
2048 4 1 2.7410907745361328
2048 4 1 1.8722201585769653
2048 4 1 2.0869193077087402
2048 4 1 3.5101113319396973
2048 4 1 0.8945572376251221
2048 4 1 0.8513237833976746
2048 4 1 1.2195762395858765
2048 4 1 1.7733093500137329
2048 4 1 1.0984522104263306
2048 4 1 1.3076448440551758
2048 4 1 0.7874407768249512
2048 4 1 0.8684837818145752
2048 4 1 2.4969551563262939
2048 4 1 1.8569487333297729
2048 4 1 1.0078577995300293
2048 4 1 2.0618140697479248
2048 4 1 1.1273828744888306
2048 4 1 1.6475912332534790
2048 4 1 1.2639330625534058
2048 4 1 1.5023245811462402
2048 4 1 3.0956969261169434
2048 4 1 1.9246923923492432
2048 4 1 1.6338647603988647
2048 4 1 1.8618489503860474
2048 4 1 1.0389184951782227
2048 4 1 3.5777640342712402
2048 4 1 1.3495833873748779
2048 4 1 0.8529937863349915
2048 4 1 1.1152558326721191
2048 4 1 1.3417850732803345
2048 4 1 2.0661203861236572
2048 4 1 1.4179770946502686
2048 4 1 1.1386265754699707
2048 4 1 1.5232443809509277
2048 4 1 1.0220177173614502
2048 4 1 1.4074276685714722
2048 4 1 2.1591942310333252
2048 4 1 3.2719364166259766
2048 4 1 1.8877763748168945
2048 4 1 1.7246317863464355
2048 4 1 1.9043290615081787
2048 4 1 1.7732131481170654
2048 4 1 2.2379326820373535
2048 4 1 1.3621563911437988
2048 4 1 1.0095732212066650
2048 4 1 1.8546154499053955
2048 4 1 1.6685577630996704
2048 4 1 1.5146602392196655
2048 4 1 1.1448893547058105
2048 4 1 1.7083642482757568
2048 4 1 1.6056644916534424
2048 4 1 1.5770437717437744
2048 4 1 1.7485040426254272
2048 4 1 2.3736035823822021
2048 4 1 1.3476939201354980
2048 4 1 2.1682641506195068
2048 4 1 1.5107272863388062
2048 4 1 1.2603309154510498
2048 4 1 2.2604451179504395
2048 4 1 1.9248590469360352
2048 4 1 1.5783964395523071
2048 4 1 1.3619685173034668
2048 8 1 0.7036818861961365
2048 8 1 1.0834147930145264
2048 8 1 0.6120273470878601
2048 8 1 0.6335660815238953
2048 8 1 0.7029335498809814
2048 8 1 0.9973834753036499
2048 8 1 1.0683910846710205
2048 8 1 0.9265082478523254
2048 8 1 0.6976456642150879
2048 8 1 0.5138905644416809
2048 8 1 0.9634156823158264
2048 8 1 0.7562196850776672
2048 8 1 0.7319575548171997
2048 8 1 1.2557823657989502
2048 8 1 1.0325235128402710
2048 8 1 1.0065565109252930
2048 8 1 0.7865704894065857
2048 8 1 0.8366144299507141
2048 8 1 0.5579112768173218
2048 8 1 0.9771295189857483
2048 8 1 1.6225800514221191
2048 8 1 1.0451644659042358
2048 8 1 0.7775802612304688
2048 8 1 0.9862802028656006
2048 8 1 0.7711426019668579
2048 8 1 0.6382972002029419
2048 8 1 0.6412031650543213
2048 8 1 0.7194355130195618
2048 8 1 0.6759679317474365
2048 8 1 0.7604896426200867
2048 8 1 1.3005044460296631
2048 8 1 0.7318412065505981
2048 8 1 1.0355978012084961
2048 8 1 0.9062986969947815
2048 8 1 0.5245216488838196
2048 8 1 0.7131172418594360
2048 8 1 0.7701154351234436
2048 8 1 0.6129704117774963
2048 8 1 1.3739999532699585
2048 8 1 0.7230200767517090
2048 8 1 0.8389295339584351
2048 8 1 0.7321115136146545
2048 8 1 0.6626564264297485
2048 8 1 0.7477887868881226
2048 8 1 0.5460418462753296
2048 8 1 1.3081756830215454
2048 8 1 0.7817288041114807
2048 8 1 0.9085578918457031
2048 8 1 0.7644415497779846
2048 8 1 0.6979501843452454
2048 8 1 0.8895582556724548
2048 8 1 0.6939768791198730
2048 8 1 0.8755800724029541
2048 8 1 0.7838519215583801
2048 8 1 1.1996797323226929
2048 8 1 0.7948077917098999
2048 8 1 0.7273278236389160
2048 8 1 0.7158950567245483
2048 8 1 0.7868189215660095
2048 8 1 0.7084621191024780
2048 8 1 0.6525510549545288
2048 8 1 0.6107006669044495
2048 8 1 1.0801649093627930
2048 8 1 0.8003076910972595
2048 8 1 0.6262543797492981
2048 8 1 1.1513813734054565
2048 8 1 0.6873924136161804
2048 8 1 1.0338009595870972
2048 8 1 0.8656886816024780
2048 8 1 0.6922212243080139
2048 8 1 0.7591326832771301
2048 8 1 0.8848016262054443
2048 8 1 0.6578861474990845
2048 8 1 1.0384250879287720
2048 8 1 1.0309233665466309
2048 8 1 0.6921195387840271
2048 8 1 0.8850266933441162
2048 8 1 0.7231753468513489
2048 8 1 1.1111724376678467
2048 8 1 0.6979970335960388
2048 8 1 0.6377589702606201
2048 8 1 0.9388340115547180
2048 8 1 0.6539160013198853
2048 8 1 0.8771312832832336
2048 8 1 0.6528723835945129
2048 8 1 0.7265824079513550
2048 8 1 1.2331577539443970
2048 8 1 0.7228671908378601
2048 8 1 0.7131783366203308
2048 8 1 0.9421569705009460
2048 8 1 0.7899351716041565
2048 8 1 0.8107961416244507
2048 8 1 0.8772499561309814
2048 8 1 0.8143975734710693
2048 8 1 0.8355423212051392
2048 8 1 0.5981740951538086
2048 8 1 1.2497271299362183
2048 8 1 0.7236087322235107
2048 8 1 0.7415251731872559
2048 8 1 0.8530104756355286
2048 16 1 0.6048868298530579
2048 16 1 0.7823401093482971
2048 16 1 0.5441700220108032
2048 16 1 0.7285718321800232
2048 16 1 0.6676073670387268
2048 16 1 0.7066566348075867
2048 16 1 0.5335064530372620
2048 16 1 0.7895042896270752
2048 16 1 0.5351533293724060
2048 16 1 0.5792820453643799
2048 16 1 0.5304361581802368
2048 16 1 0.5585684776306152
2048 16 1 0.5439459681510925
2048 16 1 0.5648242235183716
2048 16 1 0.5643668174743652
2048 16 1 0.6367008686065674
2048 16 1 0.4660357534885406
2048 16 1 0.6024810671806335
2048 16 1 0.6358096599578857
2048 16 1 0.6207023859024048
2048 16 1 0.6639559268951416
2048 16 1 0.5841720104217529
2048 16 1 0.5265777707099915
2048 16 1 0.5534245371818542
2048 16 1 0.5825891494750977
2048 16 1 0.6963328719139099
2048 16 1 0.7661197781562805
2048 16 1 0.5670377612113953
2048 16 1 0.5369096994400024
2048 16 1 0.5317709445953369
2048 16 1 0.6248393058776855
2048 16 1 0.5389302968978882
2048 16 1 0.5291434526443481
2048 16 1 0.4615123867988586
2048 16 1 0.4960798919200897
2048 16 1 0.5919120311737061
2048 16 1 0.5072865486145020
2048 16 1 0.6173583865165710
2048 16 1 0.6515395641326904
2048 16 1 0.7593569159507751
2048 16 1 0.5922008752822876
2048 16 1 0.4496276378631592
2048 16 1 0.5547065138816833
2048 16 1 0.5479956269264221
2048 16 1 0.5220962166786194
2048 16 1 0.5100110769271851
2048 16 1 0.5219440460205078
2048 16 1 0.7898178696632385
2048 16 1 0.5705479979515076
2048 16 1 0.6331104636192322
2048 16 1 0.5383136272430420
2048 16 1 0.6402772665023804
2048 16 1 0.6223135590553284
2048 16 1 0.5170854330062866
2048 16 1 0.4874773025512695
2048 16 1 0.4338605999946594
2048 16 1 0.5450255870819092
2048 16 1 0.6080610752105713
2048 16 1 0.4615126848220825
2048 16 1 0.6242655515670776
2048 16 1 0.5512287020683289
2048 16 1 0.5274307131767273
2048 16 1 0.4684306681156158
2048 16 1 0.4270326495170593
2048 16 1 0.5734282135963440
2048 16 1 0.6104044318199158
2048 16 1 0.4850872755050659
2048 16 1 0.4621919393539429
2048 16 1 0.5765677690505981
2048 16 1 0.6300467252731323
2048 16 1 0.8170650005340576
2048 16 1 0.4250190854072571
2048 16 1 0.5129221081733704
2048 16 1 0.5479319095611572
2048 16 1 0.5805255770683289
2048 16 1 0.6399823427200317
2048 16 1 0.5902521014213562
2048 16 1 0.5108326077461243
2048 16 1 0.5692782402038574
2048 16 1 0.4771033823490143
2048 16 1 0.6276391744613647
2048 16 1 0.6474194526672363
2048 16 1 0.5102066993713379
2048 16 1 0.5320155620574951
2048 16 1 0.4538282454013824
2048 16 1 0.7241917252540588
2048 16 1 0.6036709547042847
2048 16 1 0.5782484412193298
2048 16 1 0.5349639654159546
2048 16 1 0.5507193207740784
2048 16 1 0.5356732010841370
2048 16 1 0.7827045917510986
2048 16 1 0.5782535076141357
2048 16 1 0.5714550614356995
2048 16 1 0.5990726351737976
2048 16 1 0.4659143686294556
2048 16 1 0.5486667156219482
2048 16 1 0.4911023974418640
2048 16 1 0.5511082410812378
2048 16 1 0.5443471670150757
2048 32 1 0.3996910452842712
2048 32 1 0.5021038055419922
2048 32 1 0.4120313227176666
2048 32 1 0.5610166788101196
2048 32 1 0.4992027580738068
2048 32 1 0.4851633310317993
2048 32 1 0.4228803217411041
2048 32 1 0.3820111155509949
2048 32 1 0.4841667413711548
2048 32 1 0.5395956635475159
2048 32 1 0.5075379610061646
2048 32 1 0.4447273612022400
2048 32 1 0.4959026575088501
2048 32 1 0.3878096640110016
2048 32 1 0.4225187301635742
2048 32 1 0.4955402314662933
2048 32 1 0.5434745550155640
2048 32 1 0.4480384588241577
2048 32 1 0.4381325542926788
2048 32 1 0.5084267854690552
2048 32 1 0.3667991161346436
2048 32 1 0.4820663928985596
2048 32 1 0.3958196938037872
2048 32 1 0.4110922217369080
2048 32 1 0.4166362285614014
2048 32 1 0.4655484855175018
2048 32 1 0.4543576836585999
2048 32 1 0.3728306591510773
2048 32 1 0.4897964000701904
2048 32 1 0.3616954088211060
2048 32 1 0.4141921699047089
2048 32 1 0.4169916808605194
2048 32 1 0.4748149216175079
2048 32 1 0.4483599066734314
2048 32 1 0.4801532030105591
2048 32 1 0.3905594646930695
2048 32 1 0.4162048697471619
2048 32 1 0.4609690606594086
2048 32 1 0.4449750185012817
2048 32 1 0.4195579886436462
2048 32 1 0.4528955519199371
2048 32 1 0.4277464747428894
2048 32 1 0.4189938306808472
2048 32 1 0.4985280632972717
2048 32 1 0.4242426753044128
2048 32 1 0.4646353423595428
2048 32 1 0.4557959437370300
2048 32 1 0.4827272891998291
2048 32 1 0.4884160757064819
2048 32 1 0.3848986923694611
2048 32 1 0.4369593858718872
2048 32 1 0.4152262210845947
2048 32 1 0.3379992246627808
2048 32 1 0.3952252566814423
2048 32 1 0.4693695008754730
2048 32 1 0.4396432638168335
2048 32 1 0.5183222293853760
2048 32 1 0.4875616431236267
2048 32 1 0.4813716411590576
2048 32 1 0.4476365149021149
2048 32 1 0.4255354702472687
2048 32 1 0.4856492280960083
2048 32 1 0.4658324718475342
2048 32 1 0.4436211884021759
2048 32 1 0.5255414843559265
2048 32 1 0.3949947357177734
2048 32 1 0.4422419369220734
2048 32 1 0.3744637966156006
2048 32 1 0.3938875496387482
2048 32 1 0.4450808763504028
2048 32 1 0.5369575619697571
2048 32 1 0.4280648529529572
2048 32 1 0.4562815427780151
2048 32 1 0.4446799457073212
2048 32 1 0.5275688767433167
2048 32 1 0.4831360578536987
2048 32 1 0.4017633199691772
2048 32 1 0.4203103780746460
2048 32 1 0.5026176571846008
2048 32 1 0.4971385896205902
2048 32 1 0.4932159483432770
2048 32 1 0.5162221789360046
2048 32 1 0.4037942886352539
2048 32 1 0.4701522886753082
2048 32 1 0.5312819480895996
2048 32 1 0.4777910709381104
2048 32 1 0.4615134894847870
2048 32 1 0.4220752716064453
2048 32 1 0.4720715582370758
2048 32 1 0.4148052930831909
2048 32 1 0.4728481769561768
2048 32 1 0.3632758259773254
2048 32 1 0.3776966035366058
2048 32 1 0.5153403282165527
2048 32 1 0.4455711245536804
2048 32 1 0.4408506453037262
2048 32 1 0.5757896304130554
2048 32 1 0.5112793445587158
2048 32 1 0.4740774035453796
2048 32 1 0.4812825322151184
2048 64 1 0.4035353064537048
2048 64 1 0.3871191442012787
2048 64 1 0.4051780998706818
2048 64 1 0.3982828855514526
2048 64 1 0.4217050671577454
2048 64 1 0.3354688882827759
2048 64 1 0.4439352154731750
2048 64 1 0.4462952315807343
2048 64 1 0.4027194678783417
2048 64 1 0.3542676866054535
2048 64 1 0.3570417761802673
2048 64 1 0.3837614357471466
2048 64 1 0.4259371459484100
2048 64 1 0.3571920096874237
2048 64 1 0.4359160661697388
2048 64 1 0.3772951364517212
2048 64 1 0.4311582446098328
2048 64 1 0.4667804837226868
2048 64 1 0.3413743972778320
2048 64 1 0.3413096964359283
2048 64 1 0.4135101735591888
2048 64 1 0.3713384866714478
2048 64 1 0.3599991202354431
2048 64 1 0.4095326960086823
2048 64 1 0.4081501364707947
2048 64 1 0.4268969595432281
2048 64 1 0.3946285247802734
2048 64 1 0.3490415811538696
2048 64 1 0.3690313100814819
2048 64 1 0.4165524542331696
2048 64 1 0.3816252052783966
2048 64 1 0.3916256427764893
2048 64 1 0.3580826818943024
2048 64 1 0.4343762993812561
2048 64 1 0.3837115168571472
2048 64 1 0.3694633245468140
2048 64 1 0.3959696590900421
2048 64 1 0.3968466222286224
2048 64 1 0.4232001900672913
2048 64 1 0.4511132836341858
2048 64 1 0.3756307363510132
2048 64 1 0.4322924315929413
2048 64 1 0.4433503746986389
2048 64 1 0.3105267286300659
2048 64 1 0.3899759054183960
2048 64 1 0.3795275390148163
2048 64 1 0.4163782596588135
2048 64 1 0.3508187234401703
2048 64 1 0.3798099756240845
2048 64 1 0.3667539954185486
2048 64 1 0.3550120890140533
2048 64 1 0.3763128221035004
2048 64 1 0.4824912250041962
2048 64 1 0.3985872268676758
2048 64 1 0.3523232638835907
2048 64 1 0.4122224748134613
2048 64 1 0.3836389482021332
2048 64 1 0.4504878222942352
2048 64 1 0.3808568716049194
2048 64 1 0.4740962684154510
2048 64 1 0.3790168762207031
2048 64 1 0.3394561707973480
2048 64 1 0.3907495141029358
2048 64 1 0.4015978276729584
2048 64 1 0.4115588665008545
2048 64 1 0.3920129537582397
2048 64 1 0.4030287265777588
2048 64 1 0.4449905455112457
2048 64 1 0.3865565955638885
2048 64 1 0.4387174546718597
2048 64 1 0.3897606134414673
2048 64 1 0.4298464059829712
2048 64 1 0.3628343641757965
2048 64 1 0.3511087894439697
2048 64 1 0.3563838601112366
2048 64 1 0.3929713070392609
2048 64 1 0.4251637160778046
2048 64 1 0.3923919796943665
2048 64 1 0.4101398885250092
2048 64 1 0.4046258032321930
2048 64 1 0.3938739001750946
2048 64 1 0.4684897959232330
2048 64 1 0.4285085797309875
2048 64 1 0.4231653511524200
2048 64 1 0.3747225999832153
2048 64 1 0.3813222050666809
2048 64 1 0.3722991645336151
2048 64 1 0.4645510911941528
2048 64 1 0.3688458204269409
2048 64 1 0.3839458823204041
2048 64 1 0.4157542288303375
2048 64 1 0.3777981996536255
2048 64 1 0.3993874490261078
2048 64 1 0.4220207929611206
2048 64 1 0.4391511976718903
2048 64 1 0.3882158994674683
2048 64 1 0.3784286081790924
2048 64 1 0.4096175730228424
2048 64 1 0.4142000675201416
2048 64 1 0.4065759181976318
2048 128 1 0.3337184190750122
2048 128 1 0.3206117749214172
2048 128 1 0.3588573932647705
2048 128 1 0.3863482177257538
2048 128 1 0.3350076377391815
2048 128 1 0.4251657128334045
2048 128 1 0.3779727220535278
2048 128 1 0.3312152028083801
2048 128 1 0.3580448627471924
2048 128 1 0.3821196854114532
2048 128 1 0.3446775376796722
2048 128 1 0.3852252960205078
2048 128 1 0.3272816836833954
2048 128 1 0.3679906129837036
2048 128 1 0.3410643041133881
2048 128 1 0.3372522592544556
2048 128 1 0.3836786746978760
2048 128 1 0.3429207503795624
2048 128 1 0.3658764958381653
2048 128 1 0.3721178472042084
2048 128 1 0.3703345954418182
2048 128 1 0.3554261326789856
2048 128 1 0.2728436589241028
2048 128 1 0.3602698147296906
2048 128 1 0.3538413941860199
2048 128 1 0.3721884489059448
2048 128 1 0.3710741102695465
2048 128 1 0.3153293430805206
2048 128 1 0.3362928628921509
2048 128 1 0.3340710401535034
2048 128 1 0.3261443674564362
2048 128 1 0.3712717890739441
2048 128 1 0.3734138607978821
2048 128 1 0.3435904979705811
2048 128 1 0.3837805688381195
2048 128 1 0.3492225706577301
2048 128 1 0.4007188081741333
2048 128 1 0.3506786823272705
2048 128 1 0.4488988816738129
2048 128 1 0.3585563302040100
2048 128 1 0.3795129358768463
2048 128 1 0.3232977986335754
2048 128 1 0.3229883611202240
2048 128 1 0.3565533161163330
2048 128 1 0.3274852037429810
2048 128 1 0.3267979919910431
2048 128 1 0.3147088885307312
2048 128 1 0.3416435718536377
2048 128 1 0.3502601683139801
2048 128 1 0.3031080961227417
2048 128 1 0.3877697288990021
2048 128 1 0.3253858089447021
2048 128 1 0.3021832704544067
2048 128 1 0.3259605169296265
2048 128 1 0.3891914486885071
2048 128 1 0.3565619289875031
2048 128 1 0.3707276284694672
2048 128 1 0.3836387693881989
2048 128 1 0.3942207098007202
2048 128 1 0.3733093738555908
2048 128 1 0.3716916143894196
2048 128 1 0.3235409259796143
2048 128 1 0.3048475980758667
2048 128 1 0.3710245490074158
2048 128 1 0.3731521368026733
2048 128 1 0.3430822789669037
2048 128 1 0.3130249977111816
2048 128 1 0.3312883377075195
2048 128 1 0.3419573307037354
2048 128 1 0.3726190626621246
2048 128 1 0.4277608990669250
2048 128 1 0.3490623235702515
2048 128 1 0.2983154952526093
2048 128 1 0.3701264262199402
2048 128 1 0.3604354858398438
2048 128 1 0.3814602792263031
2048 128 1 0.3618397414684296
2048 128 1 0.3735873401165009
2048 128 1 0.3675650060176849
2048 128 1 0.3949308097362518
2048 128 1 0.3627412915229797
2048 128 1 0.3728163540363312
2048 128 1 0.3804848790168762
2048 128 1 0.3959530591964722
2048 128 1 0.3650281429290771
2048 128 1 0.3802444934844971
2048 128 1 0.3867869079113007
2048 128 1 0.3938732445240021
2048 128 1 0.3412344753742218
2048 128 1 0.3239378631114960
2048 128 1 0.4009900987148285
2048 128 1 0.3771962821483612
2048 128 1 0.3361264765262604
2048 128 1 0.2711243033409119
2048 128 1 0.3331275880336761
2048 128 1 0.3767155110836029
2048 128 1 0.3696117401123047
2048 128 1 0.3258122205734253
2048 128 1 0.3552372455596924
2048 128 1 0.3814246356487274
2048 256 1 0.3365325629711151
2048 256 1 0.3141491711139679
2048 256 1 0.3507159352302551
2048 256 1 0.3072131276130676
2048 256 1 0.3361766934394836
2048 256 1 0.3266844153404236
2048 256 1 0.2703277766704559
2048 256 1 0.3294729888439178
2048 256 1 0.3213730156421661
2048 256 1 0.3159565925598145
2048 256 1 0.3573711812496185
2048 256 1 0.3362247347831726
2048 256 1 0.2956860661506653
2048 256 1 0.3078005313873291
2048 256 1 0.3497996032238007
2048 256 1 0.2953966557979584
2048 256 1 0.2742946147918701
2048 256 1 0.3662817478179932
2048 256 1 0.3491410911083221
2048 256 1 0.3143216073513031
2048 256 1 0.2765268087387085
2048 256 1 0.3040555417537689
2048 256 1 0.3438243865966797
2048 256 1 0.3553035259246826
2048 256 1 0.2987889349460602
2048 256 1 0.3065541088581085
2048 256 1 0.3634500205516815
2048 256 1 0.3560943305492401
2048 256 1 0.3038566112518311
2048 256 1 0.3692011535167694
2048 256 1 0.3311967551708221
2048 256 1 0.2998470366001129
2048 256 1 0.3345946371555328
2048 256 1 0.2927612960338593
2048 256 1 0.3272090256214142
2048 256 1 0.3392390906810760
2048 256 1 0.2929788231849670
2048 256 1 0.3051841259002686
2048 256 1 0.3405852615833282
2048 256 1 0.3619603216648102
2048 256 1 0.3178001642227173
2048 256 1 0.3309611082077026
2048 256 1 0.3622078597545624
2048 256 1 0.3450987339019775
2048 256 1 0.3093508183956146
2048 256 1 0.2945273518562317
2048 256 1 0.3199294209480286
2048 256 1 0.3340393304824829
2048 256 1 0.3284235000610352
2048 256 1 0.3215104639530182
2048 256 1 0.3133766055107117
2048 256 1 0.3064213693141937
2048 256 1 0.3348518610000610
2048 256 1 0.3528400361537933
2048 256 1 0.3256783187389374
2048 256 1 0.3361625969409943
2048 256 1 0.3588001132011414
2048 256 1 0.3292118012905121
2048 256 1 0.3061397671699524
2048 256 1 0.2895566225051880
2048 256 1 0.3107403814792633
2048 256 1 0.3179624676704407
2048 256 1 0.3421707451343536
2048 256 1 0.3512928783893585
2048 256 1 0.2978620827198029
2048 256 1 0.3623049557209015
2048 256 1 0.3434234857559204
2048 256 1 0.3977823257446289
2048 256 1 0.3036737143993378
2048 256 1 0.3080370426177979
2048 256 1 0.3215343058109283
2048 256 1 0.2653011977672577
2048 256 1 0.3316767215728760
2048 256 1 0.3516151905059814
2048 256 1 0.3308215439319611
2048 256 1 0.3943060934543610
2048 256 1 0.3128648102283478
2048 256 1 0.3051839470863342
2048 256 1 0.3601784110069275
2048 256 1 0.3179967105388641
2048 256 1 0.3428109884262085
2048 256 1 0.3331154882907867
2048 256 1 0.2958512306213379
2048 256 1 0.3155298829078674
2048 256 1 0.3405105471611023
2048 256 1 0.2941981256008148
2048 256 1 0.3483085930347443
2048 256 1 0.3356435298919678
2048 256 1 0.3468307852745056
2048 256 1 0.3033724129199982
2048 256 1 0.3011372685432434
2048 256 1 0.3225659430027008
2048 256 1 0.3423272371292114
2048 256 1 0.3300507068634033
2048 256 1 0.3224599957466125
2048 256 1 0.3060351014137268
2048 256 1 0.2974150180816650
2048 256 1 0.2999980151653290
2048 256 1 0.3127423524856567
2048 256 1 0.2770845592021942
2048 512 1 0.2888574898242950
2048 512 1 0.3106113970279694
2048 512 1 0.3041024208068848
2048 512 1 0.2963273823261261
2048 512 1 0.3175553381443024
2048 512 1 0.2541115283966064
2048 512 1 0.3118078708648682
2048 512 1 0.3149312436580658
2048 512 1 0.2853992581367493
2048 512 1 0.2780306935310364
2048 512 1 0.2527609765529633
2048 512 1 0.3016321957111359
2048 512 1 0.3015881776809692
2048 512 1 0.3063704967498779
2048 512 1 0.2570608258247375
2048 512 1 0.2982270717620850
2048 512 1 0.2843946516513824
2048 512 1 0.2992896735668182
2048 512 1 0.2597446441650391
2048 512 1 0.2951767742633820
2048 512 1 0.3400945961475372
2048 512 1 0.2759975492954254
2048 512 1 0.2827884256839752
2048 512 1 0.2827336490154266
2048 512 1 0.3073686063289642
2048 512 1 0.3023185133934021
2048 512 1 0.3024856448173523
2048 512 1 0.3029111623764038
2048 512 1 0.2610460221767426
2048 512 1 0.2892087399959564
2048 512 1 0.2888647317886353
2048 512 1 0.2962005436420441
2048 512 1 0.2707480490207672
2048 512 1 0.2894153296947479
2048 512 1 0.2802582681179047
2048 512 1 0.2627927660942078
2048 512 1 0.2785255908966064
2048 512 1 0.2626469135284424
2048 512 1 0.3123826682567596
2048 512 1 0.2638664245605469
2048 512 1 0.2924978435039520
2048 512 1 0.3411180377006531
2048 512 1 0.2650132477283478
2048 512 1 0.3065865337848663
2048 512 1 0.3161484003067017
2048 512 1 0.2987423837184906
2048 512 1 0.3129433691501617
2048 512 1 0.3122600615024567
2048 512 1 0.2876085042953491
2048 512 1 0.2833768129348755
2048 512 1 0.3642729520797729
2048 512 1 0.2375486195087433
2048 512 1 0.2735637724399567
2048 512 1 0.2776411771774292
2048 512 1 0.3115788698196411
2048 512 1 0.3095563352108002
2048 512 1 0.2484028041362762
2048 512 1 0.3059004843235016
2048 512 1 0.2870583832263947
2048 512 1 0.2950107753276825
2048 512 1 0.2979505956172943
2048 512 1 0.2978032231330872
2048 512 1 0.3088264167308807
2048 512 1 0.2804029881954193
2048 512 1 0.3105214834213257
2048 512 1 0.2805627882480621
2048 512 1 0.2592220008373260
2048 512 1 0.2648423910140991
2048 512 1 0.2893410921096802
2048 512 1 0.3195320367813110
2048 512 1 0.3144041001796722
2048 512 1 0.2572225332260132
2048 512 1 0.3228059709072113
2048 512 1 0.2543761134147644
2048 512 1 0.2755293548107147
2048 512 1 0.2764616906642914
2048 512 1 0.2874670326709747
2048 512 1 0.2604488432407379
2048 512 1 0.3321684002876282
2048 512 1 0.3061283230781555
2048 512 1 0.2750989198684692
2048 512 1 0.2942911386489868
2048 512 1 0.2860782146453857
2048 512 1 0.2619691193103790
2048 512 1 0.2993827164173126
2048 512 1 0.3095017373561859
2048 512 1 0.2552875280380249
2048 512 1 0.3162324130535126
2048 512 1 0.2779829800128937
2048 512 1 0.3069397509098053
2048 512 1 0.2800025641918182
2048 512 1 0.3128002882003784
2048 512 1 0.2705844342708588
2048 512 1 0.2717022597789764
2048 512 1 0.3192312121391296
2048 512 1 0.2906900644302368
2048 512 1 0.3259247541427612
2048 512 1 0.2955625653266907
2048 512 1 0.2811196446418762
2048 512 1 0.2943620681762695
