bx by ew ee ax ay gx gy p1 p2 p3 p4
7.577229 -0.129129 0.000000 43.371712 14.142136 0.000000 7.451233 0.055944 0.000000 45.282261 14.142136 0.000000
7.794702 -0.508479 0.000000 40.725880 14.141399 0.083299 8.089099 0.001349 0.000000 38.041504 14.141399 0.083299
7.836823 -0.587514 0.000000 40.603001 14.139192 0.166570 8.595502 -0.224018 0.000001 34.514324 14.139192 0.166570
8.033188 -0.744312 0.000000 39.361977 14.135513 0.249782 9.402125 -0.191120 0.000140 26.810316 14.135513 0.249782
8.530839 -1.038942 0.000000 34.376995 14.130367 0.332908 10.084343 -0.239643 0.002213 20.726917 14.130367 0.332908
8.752165 -0.970744 0.000000 31.335686 14.123755 0.415919 10.647688 0.025850 0.010570 15.394409 14.123755 0.415919
8.666501 -1.136161 0.000000 33.016266 14.115679 0.498785 11.271430 -0.128249 0.037036 10.865771 14.115679 0.498785
8.789090 -1.212350 0.000000 32.544460 14.106146 0.581480 11.718102 0.030262 0.102732 7.423908 14.106146 0.581480
8.952881 -1.321002 0.000000 31.504629 14.095159 0.663973 12.264812 0.125772 0.199097 4.780735 14.095159 0.663973
8.942339 -1.156229 0.000000 31.848078 14.082725 0.746237 12.758339 0.042913 0.438097 2.824801 14.082725 0.746237
8.970828 -1.344927 0.000000 33.277145 14.068849 0.828244 13.297600 -0.051004 0.697567 1.632955 14.068849 0.828244
9.259971 -1.513014 0.000092 32.728596 14.053538 0.909967 13.669203 0.404329 0.871534 0.524203 14.053538 0.909967
9.136930 -1.474482 0.000075 33.319626 14.036802 0.991377 13.993229 0.329159 0.947502 0.458820 14.036802 0.991377
9.347273 -1.648329 0.000135 32.307537 14.018648 1.072448 14.080064 0.506064 0.978938 0.333340 14.018648 1.072448
9.709269 -1.668960 0.000353 29.240124 13.999085 1.153152 14.061438 0.645894 0.978088 0.280605 13.999085 1.153152
9.785416 -1.522634 0.000436 27.934702 13.978124 1.233463 14.206280 0.473606 0.979581 0.646802 13.978124 1.233463
9.920521 -1.570715 0.003576 28.208263 13.955774 1.313354 13.827889 0.184351 0.977434 1.311668 13.955774 1.313354
10.292098 -1.304351 0.002225 24.518324 13.932049 1.392801 14.291018 0.661229 0.981828 0.675408 13.932049 1.392801
10.778734 -1.339900 0.020662 21.421511 13.906958 1.471776 13.955388 0.892676 0.982404 0.350960 13.906958 1.471776
10.850101 -1.781476 0.027518 23.376600 13.880515 1.550256 14.046663 1.066330 0.984171 0.274417 13.880515 1.550256
10.990858 -1.949925 0.032317 22.780130 13.852733 1.628214 14.041872 0.994728 0.982563 0.452301 13.852733 1.628214
10.715059 -1.867864 0.008309 25.156574 13.823625 1.705628 13.880334 1.005934 0.984174 0.505058 13.823625 1.705628
11.088952 -1.489354 0.025039 20.168497 13.793206 1.782472 13.881156 0.627259 0.979795 1.358727 13.793206 1.782472
11.499927 -1.643631 0.075746 19.845177 13.761491 1.858725 13.841769 0.892304 0.980769 0.956816 13.761491 1.858725
11.405103 -1.736571 0.110060 20.462807 13.728495 1.934362 13.601259 1.845927 0.973221 0.038823 13.728495 1.934362
11.411221 -1.737316 0.099280 21.074656 13.694234 2.009362 13.849255 1.724483 0.983042 0.122067 13.694234 2.009362
11.295306 -1.650433 0.077879 20.948732 13.658724 2.083702 13.575292 1.882713 0.983903 0.063428 13.658724 2.083702
11.301408 -1.369130 0.090389 18.948582 13.621983 2.157361 13.819684 1.517509 0.982103 0.463830 13.621983 2.157361
11.538342 -1.895942 0.091745 22.709389 13.584027 2.230319 13.527307 2.459237 0.968810 0.086313 13.584027 2.230319
11.542060 -1.896884 0.204330 22.876446 13.544875 2.302554 13.537537 2.130512 0.986667 0.037540 13.544875 2.302554
11.726968 -1.804633 0.217099 21.621750 13.504545 2.374049 13.278150 2.027687 0.967520 0.202716 13.504545 2.374049
11.714644 -1.468429 0.201973 19.372917 13.463056 2.444782 13.461767 1.979560 0.996034 0.220244 13.463056 2.444782
11.681320 -1.369195 0.145867 19.304321 13.420424 2.514737 13.414446 2.058172 0.980117 0.222083 13.420424 2.514737
11.490327 -1.479963 0.060787 21.444912 13.376673 2.583894 13.531423 1.731241 0.981883 0.766316 13.376673 2.583894
11.307039 -1.398650 0.077477 21.284500 13.331820 2.652237 13.465029 1.601943 0.983687 1.132113 13.331820 2.652237
11.776012 -1.296571 0.147003 19.770275 13.285886 2.719748 13.608261 1.576966 0.973745 1.431009 13.285886 2.719748
11.933958 -1.185755 0.168126 18.275673 13.238890 2.786412 13.561736 1.886682 0.975379 0.927491 13.238890 2.786412
11.804287 -1.547349 0.223483 22.363504 13.190853 2.852214 13.502921 2.256238 0.977168 0.472713 13.190853 2.852214
11.688537 -1.431613 0.151755 21.947023 13.141798 2.917137 13.121485 2.210017 0.981173 0.515188 13.141798 2.917137
11.919310 -1.789294 0.278618 25.362461 13.091743 2.981168 13.304110 2.209843 0.979615 0.659877 13.091743 2.981168
11.844369 -1.728451 0.304013 25.355904 13.040711 3.044294 13.257759 2.254835 0.980502 0.685248 13.040711 3.044294
12.038605 -2.052306 0.159530 28.727480 12.988724 3.106500 13.250693 2.350297 0.974089 0.650697 12.988724 3.106500
11.970490 -1.920227 0.344373 27.719425 12.935802 3.167775 13.316943 2.531104 0.987191 0.559411 12.935802 3.167775
12.330248 -1.843615 0.259762 26.908688 12.881967 3.228108 12.938507 2.531746 0.986427 0.495195 12.881967 3.228108
12.324026 -1.479829 0.423786 23.697664 12.827242 3.287486 12.873491 2.531073 0.979901 0.593987 12.827242 3.287486
12.306650 -1.821389 0.269112 28.112654 12.771648 3.345899 13.040311 3.076776 0.977446 0.156136 12.771648 3.345899
12.140901 -2.014364 0.217913 30.835068 12.715209 3.403338 12.844709 2.620654 0.988442 0.638881 12.715209 3.403338
12.086101 -2.094239 0.115304 32.637356 12.657945 3.459792 12.968259 2.146341 0.982357 1.836061 12.657945 3.459792
11.883076 -2.333138 0.265338 36.013889 12.599879 3.515254 12.913562 2.288832 0.986933 1.613446 12.599879 3.515254
11.934577 -2.318211 0.230543 36.356384 12.541033 3.569715 12.669384 3.230001 0.974590 0.148128 12.541033 3.569715
11.928886 -2.228293 0.169821 36.028011 12.481430 3.623168 12.635118 3.154237 0.981555 0.257766 12.481430 3.623168
11.624456 -2.056475 0.330339 34.577694 12.421091 3.675605 12.612962 2.770512 0.981550 0.862402 12.421091 3.675605
11.511505 -1.906432 0.084230 33.587517 12.360040 3.727021 12.548307 2.739584 0.980794 1.029217 12.360040 3.727021
11.744697 -1.833608 0.227476 32.611378 12.298298 3.777410 12.513477 2.918894 0.971663 0.802392 12.298298 3.777410
11.790936 -1.747900 0.192764 32.013023 12.235887 3.826766 12.323198 3.289822 0.985623 0.306149 12.235887 3.826766
11.723969 -1.513955 0.324266 30.183121 12.172829 3.875085 12.256304 2.791823 0.977908 1.199758 12.172829 3.875085
11.823028 -1.509551 0.481858 30.259991 12.109146 3.922363 12.543997 2.680618 0.974842 1.755136 12.109146 3.922363
11.567715 -1.839866 0.344737 34.778973 12.044860 3.968597 12.338572 3.506279 0.980927 0.316987 12.044860 3.968597
11.659717 -1.120142 0.327227 27.170456 11.979993 4.013783 12.108027 3.904188 0.981615 0.045907 11.979993 4.013783
11.374979 -0.839027 0.318620 24.715858 11.914567 4.057919 11.945013 3.509064 0.979665 0.317221 11.914567 4.057919
11.471438 -0.666002 0.428266 23.363049 11.848602 4.101003 11.971249 3.584915 0.978259 0.295877 11.848602 4.101003
11.632968 -0.193419 0.310084 19.662491 11.782120 4.143034 12.219039 3.700033 0.978655 0.408480 11.782120 4.143034
11.553114 -0.403812 0.570299 21.539392 11.715142 4.184011 11.914366 3.322367 0.982269 0.799864 11.715142 4.184011
11.316297 -0.346810 0.333945 22.002626 11.647690 4.223934 12.014581 3.213443 0.970254 1.185092 11.647690 4.223934
11.140149 -0.544012 0.175862 24.159307 11.579782 4.262803 11.758326 3.772722 0.974682 0.289739 11.579782 4.262803
11.265804 -0.703651 0.202382 25.992178 11.511442 4.300617 12.017027 3.566371 0.976122 0.816272 11.511442 4.300617
11.351630 -0.739502 0.404651 26.605097 11.442688 4.337379 11.727915 3.456515 0.980646 0.865858 11.442688 4.337379
11.667219 -0.859844 0.268797 28.548363 11.373540 4.373089 11.746736 3.390608 0.979961 1.123379 11.373540 4.373089
11.569154 -0.399017 0.110091 24.069212 11.304018 4.407750 11.672058 4.062859 0.980196 0.260839 11.304018 4.407750
11.745490 -0.403849 0.283357 24.605133 11.234142 4.441363 11.773582 3.234238 0.972488 1.768362 11.234142 4.441363
11.687261 -0.553434 0.400142 26.131760 11.163931 4.473932 11.651569 3.105719 0.972146 2.132612 11.163931 4.473932
11.692749 -0.256522 0.048961 24.212883 11.093404 4.505460 11.537495 3.191855 0.973211 1.944338 11.093404 4.505460
11.731900 -0.583252 0.153569 28.217299 11.022580 4.535950 11.337741 3.598881 0.981736 0.994590 11.022580 4.535950
11.816875 -0.370407 0.287656 26.336523 10.951477 4.565406 10.965706 3.936136 0.971945 0.413559 10.951477 4.565406
11.925346 -0.650206 0.045308 29.648535 10.880114 4.593832 11.114635 4.078281 0.980975 0.338998 10.880114 4.593832
12.164761 -1.044189 0.115411 35.134678 10.808508 4.621233 10.974602 3.848754 0.972082 0.643716 10.808508 4.621233
11.608549 -0.534819 0.231457 28.702429 10.736676 4.647613 11.023707 4.136421 0.984736 0.353489 10.736676 4.647613
11.914645 -0.027161 0.203122 24.873924 10.664638 4.672978 10.456431 5.233542 0.972160 0.384976 10.664638 4.672978
11.469672 0.123553 0.233267 22.876060 10.592407 4.697333 11.112132 4.019698 0.972151 0.748289 10.592407 4.697333
11.738805 0.311481 0.115465 22.477280 10.520002 4.720685 10.570356 4.148566 0.985419 0.344078 10.520002 4.720685
11.818122 0.315387 0.082645 23.051186 10.447440 4.743039 10.880999 3.697595 0.978287 1.297168 10.447440 4.743039
11.691838 -0.000331 0.328412 25.507172 10.374737 4.764401 10.646954 4.630171 0.979294 0.112213 10.374737 4.764401
11.791105 0.140678 0.292076 24.731165 10.301907 4.784779 10.628663 4.662060 0.981464 0.135760 10.301907 4.784779
12.079821 0.320322 0.456216 24.054634 10.228965 4.804179 10.549376 5.169185 0.976335 0.251465 10.228965 4.804179
11.808473 0.070887 0.546786 25.749790 10.155929 4.822608 10.358260 5.462655 0.971820 0.471309 10.155929 4.822608
11.684032 0.032749 0.516188 26.108110 10.082810 4.840073 10.410660 4.321473 0.988984 0.379753 10.082810 4.840073
11.411160 -0.004975 0.492352 26.007996 10.009626 4.856583 10.519011 4.168705 0.982043 0.750062 10.009626 4.856583
11.183125 -0.026758 0.331260 25.998714 9.936390 4.872144 10.240682 4.715952 0.983495 0.121775 9.936390 4.872144
10.803196 0.694512 0.427804 18.762733 9.863114 4.886765 9.972896 4.467936 0.981711 0.196322 9.863114 4.886765
11.179098 0.692648 0.718590 19.853008 9.789814 4.900455 10.026841 4.036599 0.977135 0.820752 9.789814 4.900455
11.023011 0.816134 0.681317 18.688763 9.716500 4.913220 10.233226 4.324133 0.980497 0.627922 9.716500 4.913220
11.349848 0.675013 0.621174 21.415792 9.643188 4.925070 9.947698 4.034865 0.987490 0.896237 9.643188 4.925070
11.046277 0.674905 0.492288 20.738110 9.569889 4.936014 9.507304 5.102839 0.988409 0.039435 9.569889 4.936014
10.992431 0.562853 0.476553 23.094814 9.496614 4.946059 9.943841 4.470497 0.978576 0.438144 9.496614 4.946059
10.895488 0.707337 0.330737 21.893915 9.423378 4.955216 9.684238 4.492321 0.975371 0.304376 9.423378 4.955216
11.160789 0.747125 0.495429 22.073820 9.350189 4.963492 9.443339 4.703563 0.981414 0.091219 9.350189 4.963492
10.980834 0.658938 0.400285 22.053093 9.277061 4.970897 9.496273 4.812951 0.982785 0.082155 9.277061 4.970897
11.248775 0.762732 0.426483 22.355330 9.204001 4.977441 9.435153 4.553607 0.988831 0.242663 9.204001 4.977441
10.870311 0.542547 0.505950 22.939917 9.131024 4.983132 9.219210 4.505651 0.984307 0.239684 9.131024 4.983132
10.880003 0.575674 0.205658 23.221128 9.058138 4.987980 9.187710 4.714949 0.980618 0.094879 9.058138 4.987980
11.101328 0.487718 0.390146 25.059601 8.985353 4.991994 9.118291 4.616624 0.983754 0.166630 8.985353 4.991994
11.155027 0.764575 0.468372 23.164396 8.912678 4.995185 9.165424 5.265918 0.988171 0.147706 8.912678 4.995185
11.058206 0.520296 0.670255 25.289993 8.840124 4.997561 9.146617 4.668337 0.989236 0.211303 8.840124 4.997561
11.080117 0.739894 0.460036 27.386089 8.767698 4.999131 8.973685 4.658368 0.979084 0.179034 8.767698 4.999131
10.790149 0.745069 0.489087 25.807224 8.695412 4.999907 8.528595 5.442049 0.989072 0.231677 8.695412 4.999907
11.127232 0.879616 0.369985 28.916313 8.623270 4.999897 8.938116 4.837986 0.978921 0.130845 8.623270 4.999897
11.339849 0.773125 0.321732 29.526163 8.551284 4.999112 8.604666 4.231891 0.979079 0.611518 8.551284 4.999112
10.544291 1.392695 0.371678 25.778461 8.479459 4.997561 8.871364 4.300484 0.972461 0.663706 8.479459 4.997561
10.509842 0.932969 0.584624 24.808622 8.407804 4.995254 8.570168 4.919191 0.994062 0.038087 8.407804 4.995254
9.548424 1.112468 0.529819 28.231623 8.336327 4.992200 8.395359 5.141905 0.991720 0.029147 8.336327 4.992200
9.469149 0.849604 0.670963 22.337645 8.265033 4.988410 8.706153 4.236763 0.980471 0.777858 8.265033 4.988410
10.250610 0.776501 0.605170 29.091021 8.193930 4.983892 8.459702 4.996059 0.986845 0.082965 8.193930 4.983892
10.142301 1.341667 0.355190 30.128408 8.123024 4.978659 8.566294 4.992827 0.983304 0.212596 8.123024 4.978659
10.018858 1.758643 0.129815 30.593060 8.052322 4.972718 8.318157 4.976807 0.989065 0.079119 8.052322 4.972718
9.646901 1.386264 0.137912 29.242842 7.981830 4.966080 8.269345 5.203289 0.985973 0.147439 7.981830 4.966080
10.195070 1.880227 0.398983 28.493170 7.911552 4.958754 8.117112 4.518719 0.987383 0.247929 7.911552 4.958754
10.048059 1.824204 0.169429 28.054800 7.841496 4.950750 8.211828 5.109582 0.983514 0.178396 7.841496 4.950750
9.464474 2.030143 0.439712 25.640764 7.771665 4.942079 7.906120 4.759450 0.990270 0.060505 7.771665 4.942079
10.059188 2.353262 0.394013 26.250011 7.702065 4.932748 7.479358 5.485634 0.987790 0.366554 7.702065 4.932748
9.138516 1.734498 0.643492 24.226742 7.632701 4.922769 7.823481 5.016336 0.987392 0.056116 7.632701 4.922769
9.251092 1.880478 0.160194 24.213955 7.563578 4.912151 7.705925 4.659860 0.997102 0.085453 7.563578 4.912151
9.184815 2.487248 0.789392 8.840199 7.494698 4.900902 7.796080 5.192836 0.978196 0.191432 7.494698 4.900902
8.726790 2.508384 0.859270 7.479129 7.426067 4.889034 7.392290 5.019084 0.989797 0.020384 7.426067 4.889034
8.842250 2.629190 0.758227 7.451839 7.357689 4.876554 7.319924 4.874765 0.994816 0.005686 7.357689 4.876554
8.714771 2.262991 0.763436 9.025314 7.289567 4.863473 7.456365 4.885352 0.989233 0.035688 7.289567 4.863473
8.500429 2.332613 0.736380 8.100553 7.221704 4.849800 7.082871 4.465951 0.972468 0.190599 7.221704 4.849800
8.550149 2.497462 0.822988 7.520694 7.154105 4.835544 7.185972 4.722383 0.983725 0.020514 7.154105 4.835544
8.694737 2.545521 0.794817 7.952506 7.086771 4.820714 7.443281 4.617300 0.986324 0.176784 7.086771 4.820714
8.324708 2.461575 0.861323 7.308240 7.019706 4.805319 7.175205 5.086836 0.985937 0.111565 7.019706 4.805319
7.828425 2.565675 0.877558 5.841691 6.952912 4.789369 7.050338 4.309964 0.991025 0.247502 6.952912 4.789369
8.129861 2.601872 0.817368 6.383714 6.886393 4.772871 7.213449 4.273764 0.982015 0.370324 6.886393 4.772871
8.180896 2.820694 0.889792 5.704947 6.820149 4.755836 7.058715 4.506675 0.988504 0.121579 6.820149 4.755836
8.426589 2.691163 0.824970 7.168615 6.754184 4.738272 7.080731 4.404069 0.986189 0.227769 6.754184 4.738272
7.766504 2.782283 0.837823 5.055933 6.688499 4.720188 6.938501 4.702221 0.984121 0.071573 6.688499 4.720188
7.725328 2.938906 0.787388 4.439592 6.623096 4.701591 6.895265 4.201018 0.989461 0.331903 6.623096 4.701591
7.729441 2.910913 0.864920 4.629982 6.557978 4.682492 6.465284 4.911464 0.980902 0.079517 6.557978 4.682492
7.697136 3.074477 0.897514 4.056128 6.493144 4.662898 6.646901 4.518501 0.988321 0.049256 6.493144 4.662898
7.582939 2.811299 0.819570 4.884024 6.428597 4.642817 6.331013 4.720879 0.988474 0.024739 6.428597 4.642817
7.397234 2.775106 0.769264 4.736725 6.364338 4.622258 6.536263 4.703710 0.985986 0.046313 6.364338 4.622258
7.284607 3.866375 0.888404 1.587335 6.300367 4.601230 6.592573 4.420837 0.990633 0.123536 6.300367 4.601230
7.126665 3.630463 0.917806 1.763267 6.236687 4.579739 6.407086 4.601241 0.990932 0.037463 6.236687 4.579739
7.211227 3.472445 0.890622 2.361645 6.173296 4.557796 5.926260 4.974604 0.986819 0.245319 6.173296 4.557796
7.338836 3.569516 0.871976 2.541050 6.110197 4.535406 5.798557 4.925686 0.981169 0.261199 6.110197 4.535406
7.040932 4.034622 0.819507 1.368094 6.047390 4.512578 5.921083 4.533901 0.990262 0.025743 6.047390 4.512578
7.083123 3.100171 0.891262 3.232504 5.984874 4.489320 5.951355 4.637349 0.983827 0.034655 5.984874 4.489320
6.892135 3.039823 0.882652 3.073965 5.922650 4.465640 6.241321 4.201363 0.984045 0.183851 5.922650 4.465640
7.124295 3.035925 0.822691 3.679729 5.860719 4.441544 6.198288 4.133153 0.985361 0.222439 5.860719 4.441544
6.795656 3.039474 0.797548 3.079420 5.799079 4.417041 5.726593 4.496359 0.991137 0.015024 5.799079 4.417041
6.737584 2.902663 0.818582 3.382767 5.737732 4.392138 5.765241 4.329196 0.985507 0.018385 5.737732 4.392138
6.896283 3.484372 0.840943 2.434087 5.676677 4.366842 5.702218 4.146966 0.993268 0.052930 5.676677 4.366842
6.827214 3.699569 0.849189 2.019322 5.615914 4.341160 5.775939 4.027817 0.985792 0.136898 5.615914 4.341160
6.608266 3.698658 0.842966 1.640764 5.555441 4.315100 5.425950 4.277305 0.993299 0.022751 5.555441 4.315100
7.057448 3.336457 0.829635 3.477901 5.495260 4.288668 5.545697 4.235968 0.985808 0.014360 5.495260 4.288668
6.283218 3.937884 0.849733 0.864697 5.435368 4.261871 5.405661 4.049755 0.981222 0.062420 5.435368 4.261871
6.259736 4.046884 0.907937 0.880137 5.375765 4.234716 5.138734 4.340348 0.986995 0.073214 5.375765 4.234716
6.275263 3.749417 0.790348 1.349520 5.316452 4.207211 5.141691 4.385720 0.985679 0.071403 5.316452 4.207211
6.254277 3.787432 0.896231 1.247629 5.257425 4.179360 5.394882 3.908015 0.985888 0.099381 5.257425 4.179360
6.118204 3.744652 0.826228 1.080646 5.198685 4.151172 5.295622 4.129848 0.992426 0.010094 5.198685 4.151172
6.510262 3.675342 0.835911 2.233369 5.140231 4.122652 5.188195 4.026179 0.994193 0.016640 5.140231 4.122652
6.232424 3.843796 0.902378 1.460772 5.082061 4.093807 4.965540 4.002779 0.976121 0.035932 5.082061 4.093807
5.994977 3.541801 0.867133 1.278689 5.024174 4.064642 5.035244 3.873045 0.981738 0.052745 5.024174 4.064642
5.867252 3.451305 0.912131 1.181670 4.966569 4.035165 5.252099 3.782258 0.993529 0.151638 4.966569 4.035165
5.642811 3.728267 0.859195 0.686478 4.909245 4.005381 4.783850 3.905080 0.989325 0.032019 4.909245 4.005381
5.685641 3.181555 0.904495 1.398002 4.852199 3.975296 4.943966 3.888873 0.995446 0.018757 4.852199 3.975296
5.545112 4.057472 0.877688 0.697387 4.795431 3.944916 4.578757 3.971635 0.989053 0.052800 4.795431 3.944916
5.764349 3.469526 0.879182 1.330952 4.738939 3.914247 4.760209 4.050015 0.977895 0.034092 4.738939 3.914247
5.272042 3.028443 0.833264 1.213785 4.682722 3.883294 4.596757 4.063084 0.982484 0.043277 4.682722 3.883294
5.344559 3.877085 0.861251 0.615154 4.626776 3.852064 4.586257 3.838906 0.984552 0.015260 4.626776 3.852064
5.213941 3.613931 0.897159 0.544874 4.571102 3.820561 4.550356 3.776971 0.980866 0.006356 4.571102 3.820561
4.877717 4.035936 0.966731 0.225660 4.515697 3.788791 4.693028 3.600240 0.981865 0.079903 4.515697 3.788791
4.803414 3.650019 0.917024 0.198132 4.460559 3.756760 3.971926 4.046009 0.984371 0.337631 4.460559 3.756760
4.727706 3.547507 0.812305 0.177654 4.405687 3.724473 4.248974 3.696361 0.983404 0.040976 4.405687 3.724473
4.565022 3.646392 0.783468 0.194406 4.351078 3.691934 4.338707 3.851804 0.991956 0.033569 4.351078 3.691934
4.584835 3.114114 0.888678 0.453234 4.296730 3.659149 4.281425 3.544853 0.982557 0.030474 4.296730 3.659149
4.634107 3.106621 0.873836 0.554629 4.242641 3.626124 3.982139 3.858024 0.984948 0.130810 4.242641 3.626124
4.665550 3.141440 0.912139 0.482219 4.188810 3.592862 4.121254 3.750348 0.990092 0.032464 4.188810 3.592862
4.618032 3.428360 0.862886 0.335147 4.135234 3.559370 3.975106 3.625623 0.984036 0.041139 4.135234 3.559370
4.652747 2.957861 0.877309 0.757567 4.081911 3.525651 3.795336 3.690540 0.983972 0.121523 4.081911 3.525651
4.704344 2.808491 0.945711 0.969148 4.028838 3.491710 3.916978 3.357487 0.980903 0.047499 4.028838 3.491710
4.656864 3.105665 0.849895 0.727939 3.976014 3.457552 3.676339 3.929654 0.981267 0.322419 3.976014 3.457552
4.031975 3.179525 0.948132 0.107163 3.923435 3.423182 4.080359 3.267889 0.982718 0.061250 3.923435 3.423182
4.137326 2.961236 0.944283 0.293205 3.871101 3.388603 3.961801 3.340140 0.984540 0.020507 3.871101 3.388603
3.893045 3.114035 0.945461 0.098521 3.819008 3.353822 4.075780 3.473758 0.988077 0.092059 3.819008 3.353822
3.835260 3.458469 0.962331 0.039237 3.767154 3.318841 3.840634 3.195811 0.983333 0.035797 3.767154 3.318841
3.859131 3.662675 0.920071 0.234674 3.715537 3.283664 3.331832 3.664541 0.977503 0.313357 3.715537 3.283664
4.109269 3.252457 0.916762 0.220311 3.664154 3.248297 3.815789 2.906577 0.979444 0.160411 3.664154 3.248297
3.820711 3.177694 0.907216 0.108827 3.613003 3.212743 3.587245 3.148118 0.982533 0.020401 3.613003 3.212743
4.015061 2.878639 0.927131 0.334831 3.562081 3.177007 3.174471 3.296118 0.982889 0.173121 3.562081 3.177007
4.301758 3.348385 0.873942 0.782291 3.511386 3.141091 3.436053 3.160619 0.983655 0.017506 3.511386 3.141091
4.031849 3.009471 0.937580 0.378533 3.460915 3.105001 3.331478 3.279867 0.988069 0.050169 3.460915 3.105001
3.959682 3.060236 0.873008 0.436236 3.410665 3.068740 3.689697 3.083400 0.983502 0.094401 3.410665 3.068740
4.149741 2.183172 0.835912 1.486141 3.360635 3.032312 3.367452 2.909539 0.985546 0.025889 3.360635 3.032312
3.971218 2.020830 0.824809 1.504399 3.310820 2.995720 3.200119 3.173615 0.986164 0.057628 3.310820 2.995720
3.636129 2.062310 0.865928 1.044794 3.261220 2.958968 3.345931 3.073557 0.979261 0.023256 3.261220 2.958968
3.473641 2.783663 0.884269 0.128710 3.211830 2.922060 2.915841 3.130433 0.988463 0.137496 3.211830 2.922060
3.592969 2.938507 0.891503 0.279914 3.162649 2.884999 3.276474 2.840504 0.972291 0.027197 3.162649 2.884999
3.486436 2.636792 0.871682 0.261878 3.113674 2.847789 3.314506 2.897417 0.982801 0.047125 3.113674 2.847789
3.593768 2.565914 0.945610 0.357000 3.064902 2.810432 3.116000 2.771927 0.990609 0.011209 3.064902 2.810432
3.492907 2.762014 0.917629 0.261937 3.016330 2.772934 2.958929 2.841445 0.984052 0.022917 3.016330 2.772934
3.431077 2.939866 0.915506 0.307980 2.967956 2.735296 2.931519 3.038104 0.989600 0.102891 2.967956 2.735296
3.437466 2.868773 0.850531 0.388068 2.919776 2.697521 2.819006 2.823035 0.982871 0.038022 2.919776 2.697521
3.280856 2.832148 0.867227 0.253378 2.871789 2.659614 2.887598 2.919376 0.984362 0.081587 2.871789 2.659614
2.816123 2.583154 0.944746 0.048806 2.823991 2.621578 3.000768 2.893386 0.987350 0.115344 2.823991 2.621578
2.705939 2.572880 0.869842 0.065168 2.776379 2.583414 2.806429 2.602655 0.991470 0.004239 2.776379 2.583414
3.116904 2.832658 0.951044 0.267295 2.728951 2.545126 2.382520 2.844373 0.983731 0.225408 2.728951 2.545126
2.796524 2.288657 0.932571 0.099875 2.681705 2.506718 2.682423 2.592288 0.987062 0.018998 2.681705 2.506718
2.883713 1.853929 0.910534 0.500835 2.634636 2.468192 2.379194 2.490032 0.988079 0.077448 2.634636 2.468192
3.604732 2.506631 0.686675 1.320374 2.587742 2.429551 2.651599 2.391843 0.990288 0.009662 2.587742 2.429551
3.510225 2.287488 0.786668 1.108659 2.541022 2.390798 2.539362 2.609706 0.984230 0.055183 2.541022 2.390798
3.048158 2.249199 0.763402 0.559924 2.494470 2.351936 2.713693 2.264386 0.981838 0.070190 2.494470 2.351936
2.746523 2.550128 0.699505 0.212580 2.448086 2.312966 2.759315 2.397356 0.977675 0.120813 2.448086 2.312966
2.431042 2.648194 0.858329 0.227029 2.401865 2.273893 2.419389 2.486376 0.976864 0.055467 2.401865 2.273893
2.129066 2.681867 0.724161 0.309818 2.355806 2.234718 2.403684 2.030361 0.982751 0.058340 2.355806 2.234718
2.275529 2.765987 0.926282 0.397933 2.309905 2.195445 2.453805 2.331388 0.986514 0.052156 2.309905 2.195445
2.166219 2.775540 0.629120 0.523051 2.264159 2.156075 2.132602 2.324329 0.986927 0.055389 2.264159 2.156075
2.055965 2.781270 0.805097 0.684653 2.218566 2.116611 2.275784 1.989665 0.982416 0.035160 2.218566 2.116611
2.236848 2.207286 0.698895 0.264997 2.173123 2.077056 2.188741 2.021845 0.982860 0.019299 2.173123 2.077056
2.166332 2.650994 0.678185 0.557728 2.127826 2.037412 2.205518 2.172331 0.988332 0.035241 2.127826 2.037412
2.260274 2.388627 0.856839 0.337648 2.082673 1.997681 2.127915 1.962738 0.983685 0.006222 2.082673 1.997681
2.130311 2.395188 0.731049 0.386382 2.037662 1.957866 1.891781 1.778463 0.981903 0.066748 2.037662 1.957866
2.292537 2.447243 0.716057 0.591229 1.992788 1.917969 1.966165 1.921125 0.985728 0.006535 1.992788 1.917969
2.439333 2.793338 0.636786 1.404823 1.948050 1.877993 1.681088 1.909190 0.981336 0.086357 1.948050 1.877993
2.538885 2.982316 0.584730 2.201913 1.903444 1.837939 1.703974 1.793937 0.989424 0.046006 1.903444 1.837939
2.693203 3.092454 0.598791 2.766622 1.858967 1.797810 1.726562 1.923074 0.983363 0.049503 1.858967 1.797810
2.415452 2.986874 0.635104 2.250603 1.814617 1.757608 1.754446 1.796591 0.997282 0.006083 1.814617 1.757608
1.861174 2.559948 0.732293 1.023672 1.770391 1.717334 1.643531 1.806838 0.984751 0.033417 1.770391 1.717334
1.620948 2.329751 0.556493 0.805741 1.726285 1.676992 1.557662 1.693511 0.987673 0.034387 1.726285 1.676992
1.566502 2.334216 0.554511 0.906930 1.682297 1.636583 1.524135 1.535682 0.987438 0.046721 1.682297 1.636583
1.442227 2.413625 0.643974 1.085383 1.638425 1.596110 1.426497 1.503441 0.986171 0.063777 1.638425 1.596110
1.446119 2.381101 0.595813 1.057913 1.594664 1.555573 1.451303 1.521615 0.979855 0.039535 1.594664 1.555573
1.008134 2.438830 0.564045 1.654428 1.551012 1.514976 1.668056 1.439008 0.986151 0.028647 1.551012 1.514976
0.965724 2.304978 0.635088 1.303326 1.507467 1.474320 1.454079 1.562825 0.979245 0.018993 1.507467 1.474320
0.957904 1.904132 0.834624 0.635022 1.464025 1.433607 1.519200 1.473379 0.987613 0.012303 1.464025 1.433607
1.055639 1.914406 0.847386 0.524057 1.420684 1.392839 1.472371 1.469695 0.986352 0.021499 1.420684 1.392839
0.978329 2.036014 0.874109 0.727478 1.377439 1.352017 1.217128 1.229070 0.978226 0.059487 1.377439 1.352017
0.659253 2.123706 0.693091 1.314215 1.334290 1.311145 1.318892 1.418362 0.989569 0.018837 1.334290 1.311145
0.698073 1.875669 0.541031 1.083309 1.291233 1.270222 1.305127 1.246965 0.989757 0.010958 1.291233 1.270222
0.567358 1.996054 0.570125 1.390148 1.248264 1.229252 1.272765 1.182446 0.982256 0.015358 1.248264 1.229252
0.566195 1.353190 0.615137 0.742765 1.205381 1.188237 1.046243 1.224019 0.984910 0.029452 1.205381 1.188237
0.728725 1.280098 0.640208 0.575718 1.162581 1.147177 1.338947 1.281289 0.982438 0.063525 1.162581 1.147177
0.639618 1.283731 0.543584 0.400439 1.119861 1.106074 1.180239 1.354865 0.981544 0.076879 1.119861 1.106074
0.631864 1.403925 0.635355 0.625652 1.077219 1.064930 1.242621 1.148672 0.988757 0.044335 1.077219 1.064930
0.461506 1.792338 0.732832 1.061774 1.034650 1.023748 0.895673 1.001505 0.987923 0.029267 1.034650 1.023748
0.418152 1.714854 0.635047 1.067445 0.992154 0.982528 1.080821 1.112721 0.984491 0.039966 0.992154 0.982528
0.407225 1.769577 0.645954 1.158701 0.949725 0.941272 0.957465 1.016555 0.993588 0.009187 0.949725 0.941272
0.738650 1.598542 0.508568 0.837642 0.907362 0.899983 0.807862 0.910981 0.993502 0.012172 0.907362 0.899983
0.599964 1.607095 0.619548 0.717106 0.865062 0.858660 0.761271 0.937590 0.984898 0.028078 0.865062 0.858660
0.817306 1.438438 0.751342 0.586027 0.822822 0.817307 0.798412 0.912524 0.987447 0.017673 0.822822 0.817307
0.685490 1.277503 0.799712 0.430494 0.780639 0.775925 0.760641 0.763386 0.993765 0.005669 0.780639 0.775925
0.679637 1.786719 0.724096 1.430485 0.738509 0.734514 0.578581 0.646569 0.987767 0.043248 0.738509 0.734514
0.439107 1.816564 0.690173 1.452020 0.696431 0.693078 0.722294 0.749415 0.987497 0.013445 0.696431 0.693078
0.741253 1.319741 0.546945 0.969779 0.654401 0.651617 0.839131 0.723651 0.988297 0.049109 0.654401 0.651617
0.534606 1.359348 0.417106 1.377433 0.612417 0.610132 0.440392 0.474706 0.987046 0.058827 0.612417 0.610132
0.836394 1.563049 0.574974 1.582636 0.570474 0.568627 0.475474 0.542771 0.988153 0.015745 0.570474 0.568627
0.967029 1.581591 0.427234 2.030284 0.528572 0.527101 0.432727 0.445398 0.993921 0.021835 0.528572 0.527101
1.060810 1.764363 0.459038 2.532964 0.486705 0.485557 0.507259 0.420309 0.985786 0.007644 0.486705 0.485557
1.049883 1.743096 0.606942 2.407723 0.444873 0.443995 0.645782 0.542428 0.984901 0.062231 0.444873 0.443995
1.029507 1.446027 0.877118 1.612615 0.403071 0.402418 0.366435 0.327807 0.993810 0.010490 0.403071 0.402418
0.951312 1.513388 0.791692 1.891438 0.361298 0.360827 0.534642 0.517111 0.987779 0.066720 0.361298 0.360827
0.859437 1.320607 0.872004 1.424316 0.319549 0.319224 0.188901 0.279426 0.987250 0.023086 0.319549 0.319224
0.954145 1.438963 0.658311 2.088309 0.277823 0.277609 0.268476 0.285898 0.986022 0.009374 0.277823 0.277609
0.877725 1.536134 0.748113 2.308245 0.236116 0.235984 0.420569 0.376315 0.983580 0.065760 0.236116 0.235984
1.080965 1.457938 0.794817 2.606191 0.194425 0.194352 0.058704 0.044756 0.983070 0.057455 0.194425 0.194352
0.684346 1.281886 0.797751 1.772756 0.152748 0.152712 0.115644 0.104695 0.982671 0.020106 0.152748 0.152712
0.884771 1.656818 0.557010 3.507714 0.111081 0.111068 0.144317 0.080606 0.984595 0.012688 0.111081 0.111068
0.896426 1.873914 0.527439 4.452837 0.069422 0.069419 0.024070 0.207293 0.978870 0.023450 0.069422 0.069419
0.790540 1.260298 0.504652 2.305567 0.027768 0.027768 0.096508 0.144037 0.994874 0.020922 0.027768 0.027768
0.718210 1.208098 0.739598 2.152674 -0.013884 -0.013884 -0.014932 -0.010891 0.993124 0.005928 -0.013884 -0.013884
0.736934 0.952828 0.828396 1.791132 -0.055537 -0.055535 -0.016642 0.028085 0.988652 0.018264 -0.055537 -0.055535
0.424302 0.158500 0.922647 0.383156 -0.097194 -0.097185 0.090145 -0.047068 0.977175 0.044744 -0.097194 -0.097185
0.295593 0.189759 0.851157 0.442885 -0.138858 -0.138831 -0.226124 -0.207241 0.990771 0.021520 -0.138858 -0.138831
-0.100833 -0.269603 0.936831 0.037023 -0.180531 -0.180473 -0.440906 -0.314256 0.979962 0.101596 -0.180531 -0.180473
-0.289206 -0.210506 0.954387 0.047131 -0.222217 -0.222108 -0.060037 -0.055419 0.984036 0.064271 -0.222217 -0.222108
-0.350299 -0.439576 0.922913 0.108406 -0.263919 -0.263735 -0.182303 -0.281433 0.986658 0.014413 -0.263919 -0.263735
-0.348252 -0.105750 0.960592 0.052480 -0.305638 -0.305353 -0.513088 -0.493557 0.989756 0.086977 -0.305638 -0.305353
-0.338539 -0.135211 0.955882 0.078547 -0.347379 -0.346961 -0.442463 -0.376135 0.993003 0.015907 -0.347379 -0.346961
-0.486017 -0.186581 0.948473 0.059769 -0.389144 -0.388556 -0.333066 -0.366077 0.983612 0.019550 -0.389144 -0.388556
-0.676049 -0.324592 0.939690 0.119825 -0.430936 -0.430138 -0.532941 -0.373331 0.984652 0.023445 -0.430936 -0.430138
-0.356249 -0.133843 0.921084 0.190843 -0.472758 -0.471705 -0.610981 -0.628821 0.982099 0.061828 -0.472758 -0.471705
-0.446550 -0.145182 0.912180 0.180886 -0.514612 -0.513255 -0.647877 -0.532177 0.992141 0.019514 -0.514612 -0.513255
-0.324635 -0.355531 0.937813 0.128705 -0.556502 -0.554787 -0.491912 -0.506343 0.983994 0.020825 -0.556502 -0.554787
-0.179889 -0.131844 0.908276 0.475146 -0.598431 -0.596300 -0.475614 -0.503245 0.989007 0.031021 -0.598431 -0.596300
-0.336482 -0.669111 0.911220 0.159095 -0.640401 -0.637791 -0.627515 -0.743156 0.992977 0.012039 -0.640401 -0.637791
-0.485382 -0.517418 0.910325 0.105122 -0.682416 -0.679260 -0.726630 -0.682012 0.989390 0.011298 -0.682416 -0.679260
-0.517381 -0.206643 0.930333 0.336303 -0.724478 -0.720705 -0.748541 -0.758091 0.994871 0.007101 -0.724478 -0.720705
-0.507178 -0.728318 0.924532 0.110026 -0.766590 -0.762124 -0.810151 -0.818631 0.993957 0.008848 -0.766590 -0.762124
-0.752960 -0.643215 0.912393 0.095827 -0.808755 -0.803516 -1.015708 -0.809805 0.982726 0.051790 -0.808755 -0.803516
-0.674647 -0.543791 0.861726 0.209535 -0.850976 -0.844879 -0.805446 -0.856797 0.986652 0.011659 -0.850976 -0.844879
-0.753542 -0.531022 0.903405 0.180109 -0.893256 -0.886212 -0.832364 -1.079649 0.981297 0.059358 -0.893256 -0.886212
-0.736169 -0.961348 0.919504 0.103278 -0.935597 -0.927513 -0.917625 -0.875952 0.989410 0.008864 -0.935597 -0.927513
-1.025495 -1.021394 0.912758 0.028305 -0.978003 -0.968780 -1.002421 -0.999204 0.980510 0.012905 -0.978003 -0.968780
-1.215095 -1.274092 0.919845 0.150005 -1.020477 -1.010012 -1.230886 -1.100290 0.991397 0.060958 -1.020477 -1.010012
-0.982667 -0.825180 0.925775 0.131492 -1.063021 -1.051207 -0.895609 -1.042080 0.980589 0.046222 -1.063021 -1.051207
-0.728056 -1.074443 0.931331 0.209065 -1.105639 -1.092364 -1.163298 -1.024856 0.989281 0.016349 -1.105639 -1.092364
-0.669083 -0.984101 0.865233 0.290705 -1.148332 -1.133480 -1.103381 -1.079366 0.985349 0.019149 -1.148332 -1.133480
-0.557477 -1.048554 0.868510 0.553099 -1.191105 -1.174555 -0.981194 -1.208706 0.984821 0.059512 -1.191105 -1.174555
-0.973896 -0.733696 0.876514 0.359763 -1.233960 -1.215585 -1.057999 -1.029877 0.991196 0.071096 -1.233960 -1.215585
-1.677992 -0.526003 0.476597 1.399470 -1.276900 -1.256571 -1.437158 -1.492133 0.987535 0.092177 -1.276900 -1.256571
-1.486401 -0.662299 0.390506 1.327924 -1.319928 -1.297509 -1.167928 -1.066524 0.985864 0.088906 -1.319928 -1.297509
-1.540116 -0.629864 0.494507 1.102536 -1.363046 -1.338399 -1.451251 -1.422656 0.980438 0.025359 -1.363046 -1.338399
-1.762222 -0.615026 0.389505 1.215810 -1.406258 -1.379237 -1.440050 -1.462813 0.997050 0.009387 -1.406258 -1.379237
-1.767227 -0.550516 0.509879 1.471484 -1.449567 -1.420023 -1.427435 -1.339360 0.995849 0.009730 -1.449567 -1.420023
-1.951082 -0.914995 0.683382 0.635837 -1.492975 -1.460755 -1.489716 -1.488917 0.996152 0.003172 -1.492975 -1.460755
-2.096510 -0.729695 0.707799 1.021621 -1.536486 -1.501430 -1.579654 -1.229453 0.980303 0.087544 -1.536486 -1.501430
-2.431683 -0.418526 0.538284 2.160896 -1.580101 -1.542047 -1.729448 -1.560896 0.985687 0.035517 -1.580101 -1.542047
-2.710043 -0.404245 0.663996 2.910529 -1.623825 -1.582604 -1.722457 -1.627759 0.982404 0.022583 -1.623825 -1.582604
-2.527166 -0.802410 0.742385 1.612070 -1.667660 -1.623099 -1.713063 -1.534566 0.981487 0.022042 -1.667660 -1.623099
-2.110822 -0.751722 0.425481 1.669952 -1.711610 -1.663530 -1.626034 -1.381606 0.983976 0.101975 -1.711610 -1.663530
-2.068180 -0.896280 0.587888 1.246791 -1.755676 -1.703894 -2.010848 -1.685630 0.982074 0.073085 -1.755676 -1.703894
-2.412996 -0.714318 0.685747 1.746536 -1.799861 -1.744191 -1.789749 -1.828699 0.993913 0.012466 -1.799861 -1.744191
-2.580839 -0.804027 0.733948 1.808035 -1.844170 -1.784417 -1.952283 -1.886790 0.980598 0.036980 -1.844170 -1.784417
-2.924503 -0.774149 0.604448 2.577231 -1.888604 -1.824571 -1.721625 -1.886382 0.984714 0.046381 -1.888604 -1.824571
-2.876068 -0.405397 0.624452 3.459509 -1.933166 -1.864650 -1.995486 -1.658015 0.986601 0.059123 -1.933166 -1.864650
-2.871292 -0.486989 0.605091 3.287193 -1.977860 -1.904653 -1.976771 -2.134624 0.984360 0.067059 -1.977860 -1.904653
-2.850809 -0.463035 0.554841 3.439821 -2.022689 -1.944576 -1.813360 -1.998136 0.985720 0.050289 -2.022689 -1.944576
-2.874684 -0.614302 0.464913 3.222580 -2.067654 -1.984419 -1.981993 -2.216241 0.991259 0.068926 -2.067654 -1.984419
-3.101298 -0.698804 0.542979 3.336933 -2.112759 -2.024178 -1.912187 -1.960714 0.980341 0.057833 -2.112759 -2.024178
-3.155879 -0.597209 0.541618 3.465718 -2.158008 -2.063851 -1.897457 -2.149797 0.980906 0.088781 -2.158008 -2.063851
-3.179962 -0.714790 0.571023 3.253619 -2.203402 -2.103436 -2.286320 -2.334912 0.989662 0.065774 -2.203402 -2.103436
-3.458945 -0.566252 0.546325 4.468692 -2.248945 -2.142930 -2.044220 -1.912288 0.983383 0.109774 -2.248945 -2.142930
-3.222055 -0.349422 0.481681 4.832952 -2.294639 -2.182332 -2.537679 -2.006491 0.980326 0.106206 -2.294639 -2.182332
-3.415667 -0.642902 0.508419 4.246935 -2.340488 -2.221638 -2.392352 -2.206257 0.980687 0.021010 -2.340488 -2.221638
-3.401747 -0.624640 0.492554 4.361496 -2.386495 -2.260846 -2.412124 -2.258652 0.985431 0.015200 -2.386495 -2.260846
-3.463218 -0.783089 0.536853 3.891074 -2.432661 -2.299953 -2.263865 -2.217043 0.984019 0.050703 -2.432661 -2.299953
-3.604724 -0.787107 0.598337 4.118909 -2.478990 -2.338958 -2.326732 -2.421210 0.984037 0.044549 -2.478990 -2.338958
-3.274292 -0.787361 0.698151 3.436433 -2.525486 -2.377856 -2.575294 -2.472754 0.994268 0.014717 -2.525486 -2.377856
-3.509448 -1.088036 0.665267 2.945552 -2.572150 -2.416646 -2.501774 -2.402891 0.992663 0.011844 -2.572150 -2.416646
-3.547826 -0.750049 0.637580 4.118467 -2.618985 -2.455325 -2.480862 -2.668284 0.987133 0.074266 -2.618985 -2.455325
-3.733500 -1.007005 0.653536 3.715507 -2.665995 -2.493889 -2.371238 -2.714653 0.976667 0.156629 -2.665995 -2.493889
-3.781913 -1.360097 0.755223 2.714312 -2.713182 -2.532337 -2.496432 -2.525053 0.983596 0.059827 -2.713182 -2.532337
-3.640959 -1.251594 0.723243 2.817670 -2.760550 -2.570665 -2.665585 -2.412154 0.991293 0.038638 -2.760550 -2.570665
-4.086558 -0.795002 0.669729 5.320151 -2.808100 -2.608870 -2.555506 -3.016009 0.978955 0.248201 -2.808100 -2.608870
-4.427253 -0.838021 0.591446 6.173829 -2.855835 -2.646950 -2.974711 -2.234253 0.973740 0.198655 -2.855835 -2.646950
-4.646975 -0.268185 0.320885 9.819640 -2.903759 -2.684900 -2.705883 -2.504370 0.980917 0.088097 -2.903759 -2.684900
-4.271661 -0.608464 0.404829 6.940848 -2.951874 -2.722719 -2.921166 -2.878956 0.985315 0.039147 -2.951874 -2.722719
-4.757169 -0.370728 0.432152 9.471196 -3.000183 -2.760403 -2.763787 -2.814911 0.981590 0.072427 -3.000183 -2.760403
-4.503086 -0.065353 0.501785 10.259526 -3.048689 -2.797949 -3.119189 -2.902463 0.994225 0.018258 -3.048689 -2.797949
-4.619279 -0.492424 0.270114 8.902617 -3.097394 -2.835353 -3.275635 -2.785637 0.982206 0.042932 -3.097394 -2.835353
-5.070668 -0.510496 0.228189 10.381237 -3.146302 -2.872612 -3.230292 -2.642902 0.984681 0.072271 -3.146302 -2.872612
-4.722978 -0.194257 0.517350 10.228373 -3.195414 -2.909723 -3.208362 -2.903664 0.985212 0.004244 -3.195414 -2.909723
-4.928691 -0.014091 0.538287 11.996708 -3.244733 -2.946682 -3.063761 -2.772436 0.986326 0.076865 -3.244733 -2.946682
-4.996980 -0.159233 0.352920 11.616585 -3.294263 -2.983487 -3.226739 -2.692278 0.982089 0.103829 -3.294263 -2.983487
-5.085908 0.055869 0.388492 13.418780 -3.344006 -3.020132 -2.973700 -2.994198 0.977918 0.155011 -3.344006 -3.020132
-5.014297 0.037072 0.386082 12.816627 -3.393964 -3.056616 -3.164487 -3.211086 0.981985 0.086049 -3.393964 -3.056616
-4.961922 0.097527 0.446524 13.260427 -3.444140 -3.092933 -3.421893 -3.232845 0.986067 0.028417 -3.444140 -3.092933
-5.365124 0.225877 0.427900 15.463071 -3.494537 -3.129081 -3.562191 -3.327517 0.977799 0.057261 -3.494537 -3.129081
-5.027925 0.026818 0.373479 13.242797 -3.545158 -3.165055 -3.757082 -3.011740 0.991092 0.076480 -3.545158 -3.165055
-5.428274 0.140971 0.440646 15.130708 -3.596004 -3.200851 -3.456183 -2.992377 0.985899 0.075313 -3.596004 -3.200851
-5.595084 0.177375 0.400872 16.024372 -3.647078 -3.236466 -3.740804 -3.295189 0.982794 0.023629 -3.647078 -3.236466
-5.416169 0.255313 0.428187 16.085627 -3.698384 -3.271896 -3.819377 -3.239434 0.985100 0.030327 -3.698384 -3.271896
-5.456271 0.307038 0.387759 16.761189 -3.749923 -3.307137 -3.620637 -3.162693 0.982588 0.049728 -3.749923 -3.307137
-5.750676 0.235091 0.439979 17.293612 -3.801697 -3.342183 -3.782661 -3.404098 0.993950 0.006816 -3.801697 -3.342183
-5.685306 -0.216238 0.507520 13.958947 -3.853710 -3.377032 -3.790469 -3.180510 0.986077 0.055684 -3.853710 -3.377032
-5.588132 -0.374819 0.443432 12.549811 -3.905964 -3.411679 -3.681289 -3.508397 0.984322 0.072909 -3.905964 -3.411679
-6.273549 -1.035438 0.512550 11.708772 -3.958460 -3.446119 -3.728305 -3.299090 0.981109 0.089193 -3.958460 -3.446119
-6.235525 -1.367522 0.556017 9.788320 -4.011202 -3.480348 -3.982801 -3.808126 0.982977 0.113588 -4.011202 -3.480348
-6.279891 -1.374789 0.405723 9.775702 -4.064192 -3.514361 -3.977250 -3.540452 0.995811 0.012331 -4.064192 -3.514361
-6.107451 -1.262003 0.552736 9.578739 -4.117431 -3.548155 -4.006012 -3.172591 0.983162 0.167162 -4.117431 -3.548155
-6.265959 -1.535151 0.557756 8.977485 -4.170923 -3.581723 -4.223563 -3.362231 0.989235 0.057994 -4.170923 -3.581723
-6.080729 -1.749316 0.514326 7.525622 -4.224669 -3.615062 -4.492741 -3.340681 0.982914 0.160784 -4.224669 -3.615062
-5.929353 -1.708997 0.433525 6.829319 -4.278672 -3.648167 -4.275318 -3.670233 0.983121 0.016572 -4.278672 -3.648167
-6.048700 -1.591275 0.414892 7.894183 -4.332933 -3.681033 -4.309568 -3.678734 0.986873 0.005727 -4.332933 -3.681033
-6.365376 -1.232573 0.598225 10.539759 -4.387455 -3.713654 -4.488010 -3.615464 0.991754 0.025515 -4.387455 -3.713654
-6.284591 -1.006340 0.386171 11.202095 -4.442239 -3.746026 -4.346357 -3.869203 0.983297 0.038313 -4.442239 -3.746026
-6.803204 -1.445964 0.584068 11.155008 -4.497288 -3.778143 -4.672768 -3.830344 0.981113 0.045709 -4.497288 -3.778143
-6.849293 -1.528598 0.451160 10.852597 -4.552604 -3.810000 -4.558664 -3.883805 0.991631 0.010327 -4.552604 -3.810000
-6.586657 -1.794711 0.653710 8.501004 -4.608188 -3.841593 -4.563512 -3.794966 0.986949 0.016339 -4.608188 -3.841593
-6.336904 -1.934235 0.568196 6.994799 -4.664043 -3.872915 -4.933185 -3.295389 0.979887 0.423710 -4.664043 -3.872915
-6.101561 -1.978377 0.553813 5.967440 -4.720170 -3.903960 -4.929936 -3.932727 0.990149 0.052651 -4.720170 -3.903960
-6.254795 -2.116074 0.721383 5.779741 -4.776570 -3.934725 -4.997116 -3.774077 0.986561 0.086388 -4.776570 -3.934725
-6.328150 -2.100529 0.786321 5.939938 -4.833246 -3.965202 -4.688859 -4.231124 0.986447 0.104885 -4.833246 -3.965202
-6.536470 -1.856045 0.780090 7.533157 -4.890199 -3.995386 -4.712492 -4.097203 0.987381 0.054538 -4.890199 -3.995386
-6.732032 -1.703817 0.655451 8.930238 -4.947430 -4.025271 -4.802357 -4.470115 0.977221 0.224770 -4.947430 -4.025271
-6.518620 -1.530910 0.716376 8.993160 -5.004941 -4.054851 -5.059156 -3.891592 0.992513 0.034929 -5.004941 -4.054851
-6.476661 -1.465375 0.591115 9.228403 -5.062734 -4.084120 -4.666101 -4.400660 0.981631 0.270389 -5.062734 -4.084120
-6.707497 -1.533713 0.547848 9.656413 -5.120810 -4.113073 -5.557014 -3.532435 0.982541 0.541881 -5.120810 -4.113073
-6.461849 -1.234673 0.696346 10.400464 -5.179169 -4.141702 -5.475844 -3.889414 0.985352 0.165898 -5.179169 -4.141702
-6.587943 -1.348891 0.515338 10.236970 -5.237813 -4.170002 -5.384848 -3.757226 0.986892 0.205153 -5.237813 -4.170002
-6.761827 -1.102986 0.534011 12.248101 -5.296744 -4.197965 -5.069394 -4.432799 0.988591 0.112170 -5.296744 -4.197965
-6.615420 -0.969625 0.462452 12.704858 -5.355962 -4.225586 -5.445834 -4.083078 0.984139 0.038450 -5.355962 -4.225586
-6.813364 -1.151267 0.323200 12.301537 -5.415468 -4.252859 -5.606207 -3.917349 0.979883 0.166714 -5.415468 -4.252859
-6.553082 -0.852329 0.352930 13.947241 -5.475264 -4.279776 -5.272732 -4.732280 0.977282 0.258843 -5.475264 -4.279776
-7.007121 -0.806900 0.527501 15.030454 -5.535348 -4.306330 -5.521604 -4.059471 0.984342 0.071156 -5.535348 -4.306330
-7.134953 -1.285941 0.519178 12.166815 -5.595724 -4.332515 -5.471268 -4.343917 0.983264 0.027963 -5.595724 -4.332515
-6.829642 -0.885748 0.180504 14.023540 -5.656390 -4.358324 -5.911247 -4.396740 0.982712 0.073596 -5.656390 -4.358324
-6.805475 -0.872189 0.461461 14.205890 -5.717348 -4.383749 -5.754858 -4.116885 0.981022 0.090608 -5.717348 -4.383749
-7.646564 -1.070333 0.460259 15.339428 -5.778598 -4.408784 -5.297158 -4.900004 0.979592 0.490142 -5.778598 -4.408784
-7.666717 -1.213322 0.653788 14.010033 -5.840140 -4.433421 -5.676951 -4.612894 0.994283 0.061945 -5.840140 -4.433421
-7.856919 -1.219983 0.635564 14.708027 -5.901974 -4.457654 -6.436034 -4.142374 0.986720 0.394692 -5.901974 -4.457654
-7.958167 -1.178371 0.515803 15.128013 -5.964100 -4.481473 -6.296825 -4.147478 0.988284 0.232426 -5.964100 -4.481473
-7.631151 -1.496986 0.715869 11.932252 -6.026518 -4.504873 -6.334095 -4.674302 0.979140 0.141488 -6.026518 -4.504873
-7.402902 -1.554480 0.507649 11.214636 -6.089229 -4.527844 -6.220580 -4.200114 0.984658 0.136906 -6.089229 -4.527844
-8.633182 -1.063283 0.276758 18.604982 -6.152231 -4.550381 -6.287436 -4.408161 0.988387 0.045206 -6.152231 -4.550381
-8.656844 -1.321629 0.533677 17.038601 -6.215524 -4.572474 -6.338922 -4.717628 0.989694 0.045383 -6.215524 -4.572474
-8.735085 -1.524245 0.448421 16.058416 -6.279108 -4.594117 -6.283029 -4.758973 0.979836 0.031385 -6.279108 -4.594117
-8.512263 -1.329336 0.291961 16.086916 -6.342982 -4.615300 -6.262900 -4.900499 0.981040 0.104780 -6.342982 -4.615300
-8.366759 -1.529877 0.409282 14.083503 -6.407145 -4.636016 -6.334560 -4.873900 0.980654 0.079565 -6.407145 -4.636016
-8.497056 -1.590670 0.379618 14.053587 -6.471596 -4.656258 -6.257845 -4.493151 0.981255 0.084628 -6.471596 -4.656258
-8.615541 -2.116953 0.577060 11.317701 -6.536335 -4.676015 -6.469738 -4.586257 0.977307 0.034483 -6.536335 -4.676015
-8.812203 -1.110431 0.685544 18.046875 -6.601358 -4.695280 -6.636021 -4.756184 0.982307 0.006738 -6.601358 -4.695280
-8.214684 -1.591853 0.331959 12.708581 -6.666667 -4.714045 -6.645621 -4.763652 0.990930 0.007428 -6.666667 -4.714045
-8.279289 -1.696215 0.501311 12.147864 -6.732257 -4.732301 -6.352499 -5.078705 0.987355 0.273503 -6.732257 -4.732301
-8.612330 -1.874148 0.511849 12.167941 -6.798130 -4.750040 -6.719582 -5.145442 0.992128 0.170177 -6.798130 -4.750040
-8.561934 -2.147889 0.166695 10.389548 -6.864280 -4.767252 -6.868145 -4.961685 0.989467 0.045778 -6.864280 -4.767252
-8.651134 -1.764508 0.638210 12.459116 -6.930708 -4.783930 -6.817589 -4.606903 0.987131 0.054507 -6.930708 -4.783930
-8.967381 -1.923062 0.368160 12.535551 -6.997411 -4.800064 -6.795878 -4.936200 0.995031 0.063990 -6.997411 -4.800064
-9.122132 -1.650473 0.473868 14.663724 -7.064386 -4.815645 -6.863960 -4.812113 0.982911 0.056936 -7.064386 -4.815645
-9.127873 -1.651151 0.317294 14.515092 -7.131630 -4.830664 -6.969406 -4.768086 0.983871 0.042658 -7.131630 -4.830664
-9.088011 -1.616036 0.480267 14.727903 -7.199142 -4.845113 -6.949458 -5.021999 0.980146 0.095489 -7.199142 -4.845113
-9.290113 -1.641715 0.552028 15.027321 -7.266917 -4.858981 -7.251178 -4.704215 0.990528 0.029552 -7.266917 -4.858981
-9.421493 -1.911527 0.580700 13.646220 -7.334953 -4.872261 -7.481214 -4.177248 0.982372 0.521070 -7.334953 -4.872261
-9.381552 -2.109514 0.444344 12.047625 -7.403246 -4.884942 -7.547690 -4.492486 0.991208 0.182470 -7.403246 -4.884942
-9.536319 -2.328465 0.739895 11.123192 -7.471794 -4.897015 -7.770600 -4.340078 0.981075 0.410924 -7.471794 -4.897015
-10.067465 -2.341590 0.255758 13.167295 -7.540590 -4.908471 -7.212559 -5.165446 0.987010 0.182486 -7.540590 -4.908471
-10.072652 -1.979112 0.574240 15.038352 -7.609633 -4.919300 -7.901494 -4.757590 0.978188 0.129335 -7.609633 -4.919300
-10.150497 -1.938100 0.565693 15.376060 -7.678918 -4.929493 -7.394936 -5.348099 0.983661 0.269067 -7.678918 -4.929493
-10.072287 -2.136385 0.603830 13.560352 -7.748439 -4.939041 -7.578246 -5.408349 0.984360 0.257285 -7.748439 -4.939041
-10.234448 -2.019420 0.542990 14.664732 -7.818193 -4.947934 -7.764424 -4.864051 0.976877 0.023946 -7.818193 -4.947934
-10.386060 -2.193042 0.457641 14.298835 -7.888175 -4.956161 -7.659332 -5.634069 0.982669 0.528111 -7.888175 -4.956161
-9.855438 -2.695986 0.525596 9.302885 -7.958380 -4.963714 -8.022964 -4.258647 0.977101 0.522878 -7.958380 -4.963714
-10.272215 -2.313404 0.627483 12.525505 -8.028801 -4.970582 -8.320090 -4.958261 0.984087 0.098937 -8.028801 -4.970582
-10.377943 -2.399183 0.658860 12.251945 -8.099434 -4.976757 -7.901206 -5.451195 0.988790 0.270734 -8.099434 -4.976757
-9.895525 -2.304120 0.771679 10.343363 -8.170272 -4.982227 -7.979587 -5.431224 0.981969 0.253686 -8.170272 -4.982227
-10.464572 -2.199088 0.700168 12.942106 -8.241310 -4.986984 -8.216659 -4.914027 0.978245 0.017270 -8.241310 -4.986984
-10.386666 -2.185861 0.437598 12.646762 -8.312541 -4.991018 -7.696933 -5.637574 0.978872 0.815703 -8.312541 -4.991018
-10.622571 -2.161713 0.259383 13.704575 -8.383958 -4.994318 -8.324763 -5.278876 0.973715 0.102720 -8.383958 -4.994318
-10.988186 -2.504629 0.378426 13.219102 -8.455555 -4.996875 -8.992810 -4.530789 0.985845 0.518973 -8.455555 -4.996875
-11.373970 -2.430729 0.260222 15.216440 -8.527324 -4.998680 -8.765965 -4.594553 0.993600 0.226226 -8.527324 -4.998680
-11.428030 -2.524324 0.162337 14.846819 -8.599257 -4.999722 -8.289619 -5.551177 0.989396 0.410543 -8.599257 -4.999722
-11.271581 -1.984923 0.546187 16.257013 -8.671348 -4.999991 -8.341139 -5.800356 0.976729 0.773135 -8.671348 -4.999991
-11.358140 -2.308561 0.395242 14.878551 -8.743587 -4.999478 -8.461136 -5.397902 0.990311 0.246628 -8.743587 -4.999478
-11.463266 -2.394855 0.355108 14.772518 -8.815968 -4.998173 -8.821052 -4.770810 0.983373 0.059449 -8.815968 -4.998173
-11.406295 -2.280817 0.202088 14.722584 -8.888479 -4.996067 -8.698464 -5.475066 0.978938 0.271794 -8.888479 -4.996067
-11.320000 -2.116336 0.317508 14.704926 -8.961115 -4.993149 -9.107759 -4.728224 0.989362 0.101338 -8.961115 -4.993149
-11.353670 -2.282404 0.210427 13.915323 -9.033864 -4.989410 -8.614204 -5.164067 0.979740 0.218886 -9.033864 -4.989410
-11.577926 -2.265288 0.463306 14.095958 -9.106718 -4.984841 -8.772597 -5.456787 0.974088 0.359415 -9.106718 -4.984841
-11.422693 -2.224032 0.534360 13.180017 -9.179667 -4.979432 -8.861252 -5.333411 0.982844 0.230092 -9.179667 -4.979432
-11.399965 -2.097923 0.443028 13.228483 -9.252699 -4.973174 -9.162243 -4.919848 0.987066 0.016045 -9.252699 -4.973174
-11.525964 -2.438622 0.408238 11.818752 -9.325806 -4.966057 -9.499608 -4.783783 0.988787 0.068998 -9.325806 -4.966057
-11.490353 -1.832355 0.272924 14.982155 -9.398975 -4.958072 -9.395246 -4.929868 0.990915 0.003261 -9.398975 -4.958072
-11.819772 -1.415836 0.429335 18.710215 -9.472198 -4.949210 -9.518874 -4.576436 0.986364 0.151794 -9.472198 -4.949210
-12.148834 -2.024204 0.246931 16.672457 -9.545461 -4.939462 -9.060657 -5.651025 0.984085 0.754254 -9.545461 -4.939462
-12.379719 -2.210806 0.198198 16.451061 -9.618753 -4.928819 -9.616635 -4.899865 0.981514 0.013990 -9.618753 -4.928819
-12.683083 -2.461732 0.100868 16.985565 -9.692062 -4.917272 -9.778206 -4.729290 0.986291 0.047180 -9.692062 -4.917272
-12.532379 -2.851006 0.259973 13.055539 -9.765377 -4.904812 -9.692992 -5.275768 0.994564 0.146878 -9.765377 -4.904812
-12.731695 -1.994945 0.235701 18.131424 -9.838683 -4.891432 -9.479413 -5.180337 0.982289 0.227564 -9.838683 -4.891432
-12.908188 -2.096102 0.122198 18.191931 -9.911968 -4.877122 -9.939740 -4.803698 0.985223 0.018670 -9.911968 -4.877122
-12.932028 -2.367688 0.147218 16.814274 -9.985219 -4.861875 -9.693725 -5.319991 0.990864 0.302006 -9.985219 -4.861875
-13.415365 -2.342311 0.089888 19.607372 -10.058423 -4.845682 -10.111849 -4.937846 0.992860 0.014996 -10.058423 -4.845682
-13.492042 -2.287846 0.107939 19.922531 -10.131564 -4.828536 -10.368306 -4.718476 0.980528 0.086300 -10.131564 -4.828536
-13.795759 -2.099905 0.099480 21.583311 -10.204630 -4.810429 -9.960119 -5.412825 0.985284 0.435719 -10.204630 -4.810429
-13.932907 -1.985986 0.209409 22.500597 -10.277604 -4.791354 -10.384158 -4.373560 0.988567 0.193849 -10.277604 -4.791354
-14.160529 -2.062478 0.263165 22.986403 -10.350473 -4.771303 -9.886198 -5.370327 0.988956 0.582458 -10.350473 -4.771303
-14.543002 -1.561846 0.108562 28.448042 -10.423221 -4.750269 -10.770514 -5.006347 0.979071 0.205318 -10.423221 -4.750269
-14.771086 -1.424294 0.396251 29.876797 -10.495832 -4.728247 -10.165236 -4.877611 0.975391 0.149575 -10.495832 -4.728247
-14.956351 -1.341735 0.323344 31.128710 -10.568291 -4.705228 -10.193429 -5.373236 0.978973 0.604188 -10.568291 -4.705228
-14.997844 -1.579545 0.112943 29.487347 -10.640581 -4.681208 -10.498565 -5.229104 0.981811 0.337301 -10.640581 -4.681208
-15.189138 -1.560015 0.385204 30.312990 -10.712686 -4.656180 -10.309958 -5.006947 0.977580 0.307078 -10.712686 -4.656180
-15.221209 -1.344021 0.410843 31.352160 -10.784588 -4.630139 -10.412103 -5.301222 0.979311 0.599931 -10.784588 -4.630139
-15.221671 -1.060099 0.333137 32.671902 -10.856271 -4.603079 -10.937784 -4.155875 0.981502 0.223579 -10.856271 -4.603079
-14.924905 -0.893125 0.057137 30.862503 -10.927717 -4.574996 -10.739728 -5.417902 0.980311 0.759459 -10.927717 -4.574996
-14.786947 -0.784757 0.141569 30.416567 -10.998909 -4.545883 -10.808083 -5.036214 0.973816 0.292984 -10.998909 -4.545883
-15.234490 -0.673840 0.117813 33.969540 -11.069828 -4.515738 -10.766112 -5.231016 0.990330 0.610174 -11.069828 -4.515738
-14.089276 -0.832124 0.106156 23.934381 -11.140456 -4.484557 -10.443751 -5.445338 0.973557 1.428884 -11.140456 -4.484557
-14.249516 -0.775834 0.102574 23.831305 -11.210774 -4.452335 -10.919282 -5.268685 0.991669 0.759467 -11.210774 -4.452335
-14.386338 -0.999202 0.158238 22.910583 -11.280765 -4.419070 -10.925634 -5.124994 0.983126 0.640084 -11.280765 -4.419070
-14.809592 -0.875430 0.233073 25.602180 -11.350407 -4.384759 -10.969606 -5.245910 0.986180 0.900137 -11.350407 -4.384759
-14.008539 -0.659138 0.481082 20.830265 -11.419682 -4.349399 -11.417353 -4.478740 0.990766 0.021478 -11.419682 -4.349399
-14.224195 -0.680691 0.470701 21.248745 -11.488569 -4.312988 -11.468281 -4.762272 0.982709 0.213305 -11.488569 -4.312988
-13.900801 -0.686001 0.368762 19.030127 -11.557050 -4.275524 -11.447130 -4.667922 0.985534 0.170752 -11.557050 -4.275524
-13.689324 -0.741605 0.482597 16.896254 -11.625104 -4.237007 -11.600756 -4.360008 0.990813 0.024304 -11.625104 -4.237007
-13.983685 -0.351140 0.381544 20.977074 -11.692710 -4.197436 -11.877130 -5.203885 0.978158 1.066140 -11.692710 -4.197436
-14.247248 -0.360080 0.217161 21.326746 -11.759849 -4.156811 -11.813389 -4.620038 0.984256 0.222607 -11.759849 -4.156811
-13.228509 -0.840988 0.563918 12.829894 -11.826498 -4.115131 -11.879343 -4.470129 0.995001 0.132937 -11.826498 -4.115131
-13.485589 -0.684823 0.638149 14.230416 -11.892637 -4.072397 -11.929599 -4.927342 0.977863 0.751959 -11.892637 -4.072397
-13.425844 -0.357995 0.201360 15.809278 -11.958245 -4.028612 -12.172211 -4.223444 0.984744 0.094278 -11.958245 -4.028612
-13.231124 -0.222028 0.447303 16.017712 -12.023301 -3.983775 -11.984087 -4.618846 0.978239 0.420481 -12.023301 -3.983775
-13.422672 -0.194026 0.505069 16.167721 -12.087783 -3.937891 -11.684523 -5.122221 0.972864 1.587800 -12.087783 -3.937891
-13.602624 -0.249612 0.133759 15.875916 -12.151670 -3.890960 -11.786981 -4.733301 0.984860 0.851446 -12.151670 -3.890960
-13.527555 0.032634 0.245933 17.287510 -12.214938 -3.842988 -11.921911 -4.570919 0.984670 0.627804 -12.214938 -3.842988
-13.495200 0.195895 0.179094 17.985826 -12.277567 -3.793977 -12.081553 -4.157630 0.982203 0.186321 -12.277567 -3.793977
-13.793879 -0.078644 0.379495 16.101625 -12.339535 -3.743932 -12.489147 -4.017929 0.985622 0.109611 -12.339535 -3.743932
-13.940191 0.225389 0.127818 18.606981 -12.400819 -3.692858 -12.272386 -3.878100 0.982778 0.062318 -12.400819 -3.692858
-13.784240 0.233988 0.130085 17.917429 -12.461398 -3.640760 -12.471097 -4.260846 0.979158 0.395826 -12.461398 -3.640760
-13.682480 -0.103522 0.228609 14.537853 -12.521249 -3.587645 -12.449619 -4.279724 0.972205 0.503203 -12.521249 -3.587645
-14.041232 -0.329609 0.293278 13.112204 -12.580349 -3.533520 -12.687915 -4.292970 0.984967 0.599669 -12.580349 -3.533520
-14.046414 -0.522652 0.285958 11.711030 -12.638678 -3.478390 -12.600366 -4.194258 0.980502 0.527539 -12.638678 -3.478390
-14.303040 -0.800518 0.236901 10.524151 -12.696212 -3.422266 -12.699907 -2.433317 0.980122 0.995371 -12.696212 -3.422266
-14.263044 -0.819332 0.031205 10.840512 -12.752929 -3.365154 -12.483927 -4.209172 0.981601 0.791582 -12.752929 -3.365154
-14.307908 -1.136202 0.055773 7.402448 -12.808806 -3.307065 -12.700030 -4.168151 0.984900 0.767514 -12.808806 -3.307065
-14.231617 -1.096366 0.020161 6.770622 -12.863823 -3.248007 -12.860162 -3.345003 0.983480 0.017779 -12.863823 -3.248007
-13.690751 -1.022868 0.538585 5.614691 -12.917957 -3.187992 -12.914893 -3.084912 0.991711 0.013784 -12.917957 -3.187992
-13.350456 -0.970147 0.400565 5.329309 -12.971186 -3.127029 -12.928280 -3.443970 0.991591 0.110408 -12.971186 -3.127029
-13.243239 -1.081454 0.511362 4.118435 -13.023487 -3.065132 -13.144148 -3.110908 0.983402 0.032766 -13.023487 -3.065132
-13.115513 -1.166031 0.690585 3.567887 -13.074840 -3.002311 -13.076267 -2.749267 0.978528 0.074246 -13.074840 -3.002311
-13.144938 -1.202081 0.619634 3.182312 -13.125222 -2.938581 -12.993916 -2.949219 0.984302 0.024542 -13.125222 -2.938581
-13.299337 -1.026346 0.447785 3.902403 -13.174614 -2.873953 -13.272804 -2.866922 0.978708 0.019255 -13.174614 -2.873953
-14.012844 -0.961863 0.361865 4.416193 -13.222992 -2.808443 -12.935312 -4.311634 0.973118 2.366857 -13.222992 -2.808443
-13.929971 -0.770493 0.414809 4.778543 -13.270337 -2.742065 -13.444781 -2.657650 0.989073 0.046058 -13.270337 -2.742065
-13.517530 -0.713794 0.550621 4.163804 -13.316628 -2.674834 -13.161316 -3.402244 0.979762 0.568399 -13.316628 -2.674834
-13.403374 -0.587362 0.119259 4.352911 -13.361843 -2.606766 -13.328931 -3.164039 0.992470 0.318763 -13.361843 -2.606766
-13.590902 -0.686419 0.605874 3.844714 -13.405965 -2.537879 -13.314993 -2.194599 0.992229 0.130685 -13.405965 -2.537879
-13.207607 -0.991952 0.635609 2.356844 -13.448971 -2.468188 -13.306490 -3.478574 0.973189 1.065466 -13.448971 -2.468188
-13.317642 -1.244295 0.741120 1.476222 -13.490843 -2.397712 -13.398269 -2.900025 0.979969 0.278020 -13.490843 -2.397712
-12.924651 -1.144508 0.759883 1.989112 -13.531562 -2.326469 -13.373510 -3.352126 0.985034 1.088167 -13.531562 -2.326469
-13.272827 -1.182519 0.654592 1.485404 -13.571109 -2.254478 -13.490927 -3.696428 0.974276 2.108687 -13.571109 -2.254478
-13.733279 -1.392856 0.547670 0.837298 -13.609465 -2.181759 -13.468568 -3.537524 0.972226 1.883866 -13.609465 -2.181759
-13.389712 -1.057424 0.688198 1.496035 -13.646613 -2.108331 -13.623801 -2.701643 0.972798 0.372871 -13.646613 -2.108331
-13.824498 -0.782159 0.438583 2.184968 -13.682535 -2.034216 -13.650960 -2.805714 0.980830 0.612709 -13.682535 -2.034216
-13.965754 -0.734422 0.648292 1.959431 -13.717215 -1.959434 -13.742466 -2.644782 0.977121 0.492374 -13.717215 -1.959434
-14.020284 -0.827915 0.676210 1.552568 -13.750634 -1.884007 -13.861457 -2.629251 0.978413 0.587035 -13.750634 -1.884007
-14.012701 -0.953716 0.548442 1.327611 -13.782778 -1.807957 -13.761995 -2.765595 0.986751 0.927557 -13.782778 -1.807957
-14.402707 -0.686650 0.164664 2.143186 -13.813630 -1.731307 -13.751689 -3.081499 0.985622 1.839284 -13.813630 -1.731307
-14.091834 -0.777410 0.534530 1.228113 -13.843177 -1.654080 -13.824644 -2.179449 0.993881 0.281980 -13.843177 -1.654080
-13.907929 -0.866087 0.394839 0.735875 -13.871403 -1.576301 -13.998289 -1.351961 0.976053 0.082907 -13.871403 -1.576301
-14.754243 -1.314379 0.389160 1.172065 -13.898293 -1.497992 -13.927360 -2.282961 0.982112 0.630002 -13.898293 -1.497992
-14.085520 -0.999875 0.525044 0.291944 -13.923837 -1.419179 -13.754563 -2.148132 0.985721 0.572491 -13.923837 -1.419179
-14.197729 -1.092486 0.711712 0.243210 -13.948018 -1.339887 -14.060129 -1.717919 0.986689 0.163686 -13.948018 -1.339887
-14.260496 -1.101891 0.750579 0.344993 -13.970828 -1.260141 -14.094553 -1.301941 0.985634 0.030991 -13.970828 -1.260141
-14.154426 -1.143215 0.785231 0.243623 -13.992253 -1.179967 -14.122356 -1.695982 0.982494 0.300764 -13.992253 -1.179967
-14.062490 -1.554583 0.628821 0.363360 -14.012283 -1.099391 -14.034838 -2.387052 0.984063 1.673492 -14.012283 -1.099391
-14.235575 -1.347456 0.602410 0.374385 -14.030908 -1.018440 -13.889584 -1.826473 0.971154 0.690947 -14.030908 -1.018440
-14.465285 -1.424278 0.190504 0.813055 -14.048118 -0.937140 -13.975312 -1.094340 0.990128 0.034220 -14.048118 -0.937140
-14.662553 -1.100163 0.549109 0.744541 -14.063904 -0.855518 -14.424430 -1.055395 0.978655 0.188726 -14.063904 -0.855518
-14.727196 -1.240169 0.589267 1.133416 -14.078259 -0.773603 -14.133212 -1.460379 0.987432 0.482821 -14.078259 -0.773603
-14.804118 -1.578494 0.490677 1.607457 -14.091174 -0.691421 -14.243240 -1.470510 0.990427 0.638767 -14.091174 -0.691421
-15.128965 -1.655586 0.676720 2.300043 -14.102645 -0.609001 -14.329055 -0.707786 0.988934 0.065866 -14.102645 -0.609001
-15.043367 -1.580219 0.699792 2.255386 -14.112663 -0.526371 -14.056100 -0.634480 0.979929 0.024921 -14.112663 -0.526371
-14.659213 -1.578471 0.233012 2.104825 -14.121224 -0.443558 -14.069980 -2.148633 0.973757 2.934599 -14.121224 -0.443558
-14.724473 -1.657503 0.266577 2.433615 -14.128325 -0.360593 -14.233624 -0.995197 0.986360 0.427279 -14.128325 -0.360593
-14.884689 -1.745516 0.515789 3.062238 -14.133962 -0.277502 -14.027528 -1.161148 0.976933 0.804546 -14.133962 -0.277502
-14.356630 -1.114465 0.435196 1.569049 -14.138129 -0.194315 -14.237838 -0.221562 0.993785 0.015506 -14.138129 -0.194315
-14.684816 -1.126582 0.099944 2.896249 -14.140827 -0.111061 -14.316294 -1.431036 0.975964 1.795589 -14.140827 -0.111061
-14.659349 -0.842832 0.051021 2.476832 -14.142054 -0.027768 -14.194416 -0.671731 0.978850 0.438706 -14.142054 -0.027768
-14.767337 -0.940670 0.220755 2.366342 -14.141809 0.055535 -14.104049 -0.242346 0.974435 0.107855 -14.141809 0.055535
-15.024490 -1.255924 0.158868 4.047723 -14.140091 0.138818 -14.157553 -0.168419 0.977486 0.117347 -14.140091 0.138818
-15.487748 -1.724150 0.183777 6.477399 -14.136903 0.222053 -14.188811 -0.335040 0.986098 0.326289 -14.136903 0.222053
-15.202422 -1.892011 0.172371 6.900133 -14.132246 0.305211 -13.947151 -0.540609 0.978074 0.770411 -14.132246 0.305211
-15.202665 -1.827237 0.339732 7.055765 -14.126122 0.388263 -14.175518 -0.681677 0.984630 1.159477 -14.126122 0.388263
-15.328730 -1.702371 0.293078 7.311509 -14.118533 0.471181 -14.071184 -0.533047 0.985583 1.022118 -14.118533 0.471181
-15.235885 -1.787364 0.360596 7.582620 -14.109485 0.553936 -14.355085 0.096606 0.977981 0.276454 -14.109485 0.553936
-14.964001 -1.958142 0.451479 8.123891 -14.098982 0.636499 -14.369567 -0.927259 0.973257 2.534201 -14.098982 0.636499
-14.923826 -2.209951 0.563924 9.841809 -14.087029 0.718843 -14.584785 0.173951 0.973552 0.567462 -14.087029 0.718843
-14.452678 -2.426405 0.612344 10.904654 -14.073633 0.800939 -14.321654 0.310227 0.974897 0.317011 -14.073633 0.800939
-14.503779 -2.374603 0.810454 10.974691 -14.058801 0.882759 -14.222247 0.273925 0.977874 0.410579 -14.058801 0.882759
-14.578024 -2.352431 0.583420 11.645334 -14.042539 0.964277 -14.358824 0.177515 0.978710 0.740250 -14.042539 0.964277
-14.488061 -2.687100 0.767377 14.410095 -14.024857 1.045463 -14.067504 -0.004844 0.975961 1.126504 -14.024857 1.045463
-13.897891 -2.030324 0.603369 10.272370 -14.005762 1.126293 -14.239795 -0.017638 0.976522 1.383925 -14.005762 1.126293
-14.015758 -2.064268 0.853211 10.818274 -13.985266 1.206738 -14.083388 0.047415 0.969882 1.373678 -13.985266 1.206738
-14.104177 -2.301979 0.591036 13.095634 -13.963378 1.286772 -14.039768 0.802808 0.974719 0.264186 -13.963378 1.286772
-14.483615 -2.085739 0.550086 12.579418 -13.940109 1.366370 -13.859919 1.031209 0.980799 0.132159 -13.940109 1.366370
-14.517818 -2.172428 0.697771 13.743654 -13.915473 1.445505 -14.021612 0.203054 0.982845 1.566630 -13.915473 1.445505
-14.673264 -2.339743 0.659023 15.809422 -13.889479 1.524152 -14.054976 0.942987 0.982891 0.376143 -13.889479 1.524152
-14.616505 -2.216436 0.775643 15.371839 -13.862142 1.602287 -13.944090 0.271900 0.982189 1.789625 -13.862142 1.602287
-14.039065 -2.013616 0.628036 13.836285 -13.833474 1.679885 -14.172671 1.227697 0.973900 0.331907 -13.833474 1.679885
-13.797851 -1.805086 0.747871 12.914771 -13.803491 1.756922 -13.811801 1.682822 0.985984 0.010969 -13.803491 1.756922
-13.797935 -1.724997 0.640995 12.825321 -13.772205 1.833375 -14.018722 1.745328 0.973648 0.092356 -13.772205 1.833375
-13.853634 -1.776053 0.257119 13.803345 -13.739635 1.909219 -13.689919 2.174421 0.987817 0.083288 -13.739635 1.909219
-14.007256 -1.786015 0.021974 14.395587 -13.705793 1.984434 -13.869333 0.907454 0.986477 1.195022 -13.705793 1.984434
-14.196088 -1.838424 0.340929 15.604178 -13.670698 2.058996 -13.923846 1.054350 0.975514 1.087962 -13.670698 2.058996
-14.238979 -2.214643 0.435432 19.449175 -13.634366 2.132885 -13.699527 1.452645 0.977534 0.481546 -13.634366 2.132885
-14.286038 -1.970476 0.708491 18.034136 -13.596813 2.206079 -13.482462 2.006634 0.984831 0.061195 -13.596813 2.206079
-14.359857 -2.043471 0.601977 19.615856 -13.558058 2.278557 -13.627649 2.086738 0.980894 0.057126 -13.558058 2.278557
-14.464603 -1.511514 0.492082 16.075933 -13.518118 2.350301 -13.610376 2.008223 0.985942 0.129858 -13.518118 2.350301
-14.501181 -1.459439 0.373542 16.618225 -13.477013 2.421290 -13.403004 2.430329 0.977555 0.024247 -13.477013 2.421290
-14.296678 -1.411240 0.435671 16.519062 -13.434760 2.491506 -13.550171 2.575398 0.991773 0.027803 -13.434760 2.491506
-14.135536 -1.097060 0.530063 14.343071 -13.391380 2.560931 -13.825418 2.593515 0.969477 0.219652 -13.391380 2.560931
-14.340346 -1.104961 0.741686 15.127788 -13.346892 2.629548 -13.525905 1.846889 0.980126 0.662284 -13.346892 2.629548
-14.531240 -1.194865 0.648695 16.944195 -13.301316 2.697338 -13.490987 1.875345 0.978373 0.725950 -13.301316 2.697338
-14.190756 -0.462059 0.386518 11.637275 -13.254672 2.764286 -13.417708 2.445632 0.988436 0.134008 -13.254672 2.764286
-14.447474 -0.767441 0.604156 14.900096 -13.206980 2.830377 -13.434644 1.958835 0.977260 0.824364 -13.206980 2.830377
-14.463188 -0.319246 0.439815 12.378990 -13.158261 2.895594 -13.394007 1.947963 0.975612 0.965920 -13.158261 2.895594
-14.583801 -0.478196 0.603208 14.323383 -13.108538 2.959924 -13.421693 1.933231 0.983094 1.165240 -13.108538 2.959924
-14.677601 -0.151362 0.347606 13.489415 -13.057829 3.023353 -13.433477 1.457452 0.974974 2.612275 -13.057829 3.023353
-15.082054 0.093416 0.585888 13.728958 -13.006158 3.085867 -13.214666 2.577909 0.976803 0.323062 -13.006158 3.085867
-15.216652 0.101247 0.312124 15.167057 -12.953545 3.147455 -13.275684 2.313393 0.966871 0.816999 -12.953545 3.147455
-15.241375 0.327580 0.252790 14.995956 -12.900012 3.208102 -12.891759 3.134480 0.989952 0.012736 -12.900012 3.208102
-15.308722 0.075118 0.243017 16.914232 -12.845581 3.267800 -12.943647 2.978843 0.983675 0.106357 -12.845581 3.267800
-15.335935 0.100245 0.255689 17.749483 -12.790275 3.326536 -12.800464 3.006596 0.974233 0.122028 -12.790275 3.326536
-15.508218 0.181709 0.087996 19.154573 -12.734115 3.384300 -12.842044 3.060436 0.974425 0.139852 -12.734115 3.384300
-15.279338 0.081405 0.168648 19.459501 -12.677123 3.441084 -12.762994 3.302055 0.972292 0.051123 -12.677123 3.441084
-15.349109 -0.235556 0.054142 22.657013 -12.619322 3.496878 -12.823807 3.182130 0.987041 0.147164 -12.619322 3.496878
-15.269805 -0.219523 0.144464 22.436165 -12.560734 3.551673 -12.554940 3.118426 0.970497 0.194212 -12.560734 3.551673
-14.911833 -0.360797 0.008447 22.324095 -12.501381 3.605463 -12.777716 2.910442 0.990384 0.565357 -12.501381 3.605463
-14.376200 -0.322412 0.151397 20.200573 -12.441284 3.658239 -12.617053 3.302833 0.984509 0.168436 -12.441284 3.658239
-14.272936 -0.372457 0.175110 20.896597 -12.380468 3.709996 -12.807224 2.694151 0.977761 1.224333 -12.380468 3.709996
-14.133810 -0.041406 0.277564 18.331617 -12.318954 3.760728 -12.621383 2.539116 0.973467 1.600817 -12.318954 3.760728
-13.980811 0.096226 0.169880 17.276323 -12.256763 3.810429 -12.299340 3.514866 0.987574 0.101578 -12.256763 3.810429
-13.871193 0.087423 0.316975 17.490135 -12.193918 3.859094 -12.398455 3.192997 0.977396 0.503622 -12.193918 3.859094
-13.782952 0.096356 0.542067 17.815804 -12.130442 3.906720 -12.130041 3.543833 0.981661 0.136946 -12.130442 3.906720
-13.768910 -0.029952 0.621521 19.225897 -12.066354 3.953302 -12.347013 3.176279 0.983276 0.697523 -12.066354 3.953302
-13.357419 0.757522 0.144268 13.309110 -12.001678 3.998837 -12.262914 3.435564 0.989932 0.392971 -12.001678 3.998837
-13.435038 0.597496 0.486510 14.630608 -11.936437 4.043324 -12.263014 3.309789 0.975728 0.656284 -11.936437 4.043324
-13.489977 0.381908 0.280512 16.639025 -11.870648 4.086759 -12.146237 3.691671 0.982052 0.243017 -11.870648 4.086759
-13.466098 0.195681 0.313958 18.620831 -11.804337 4.129141 -11.810873 3.741271 0.985334 0.159539 -11.804337 4.129141
-13.730639 0.726146 0.576894 16.153381 -11.737522 4.170470 -12.188691 3.204843 0.983134 1.148088 -11.737522 4.170470
-13.670001 0.982122 0.390402 14.659898 -11.670225 4.210744 -11.764870 3.840025 0.985036 0.160962 -11.670225 4.210744
-13.672276 1.049811 0.466181 14.666461 -11.602468 4.249963 -11.658294 4.127055 0.988604 0.027323 -11.602468 4.249963
-13.900408 1.357376 0.586775 14.492447 -11.534269 4.288129 -11.518921 4.378367 0.977665 0.024090 -11.534269 4.288129
-13.774578 1.501902 0.472713 13.575522 -11.465651 4.325242 -11.621135 3.751132 0.975144 0.370856 -11.465651 4.325242
-13.768019 1.394507 0.708937 14.741989 -11.396631 4.361302 -11.662847 3.838444 0.983035 0.349940 -11.396631 4.361302
-13.662901 1.573212 0.526246 13.745276 -11.327232 4.396313 -11.628919 4.080066 0.970644 0.204082 -11.327232 4.396313
-13.760074 1.435843 0.532630 15.526616 -11.257472 4.430275 -11.405018 3.917275 0.977051 0.306574 -11.257472 4.430275
-13.603708 1.072974 0.226252 18.243017 -11.187371 4.463192 -11.151479 4.212947 0.978633 0.085295 -11.187371 4.463192
-13.389761 1.542605 0.643476 14.301495 -11.116947 4.495066 -11.262253 4.263757 0.981499 0.083035 -11.116947 4.495066
-13.595471 1.646203 0.435451 15.475816 -11.046220 4.525902 -11.260693 3.919709 0.984032 0.423357 -11.046220 4.525902
-13.257573 1.284075 0.240751 16.675446 -10.975208 4.555702 -11.207374 4.278808 0.982169 0.146661 -10.975208 4.555702
-13.273905 1.328010 0.237904 16.940582 -10.903930 4.584471 -11.037249 4.258396 0.983047 0.132833 -10.903930 4.584471
-13.355080 1.070297 0.128235 19.403490 -10.832402 4.612213 -10.973896 4.364191 0.987646 0.092049 -10.832402 4.612213
-13.186960 1.023705 0.618038 19.318102 -10.760644 4.638932 -11.037131 4.375183 0.984040 0.155203 -10.760644 4.638932
-13.390261 1.375840 0.209282 18.584290 -10.688672 4.664635 -10.842434 4.310051 0.993712 0.151403 -10.688672 4.664635
-13.778120 1.273664 0.365612 22.468693 -10.616504 4.689327 -10.777936 4.610463 0.973647 0.040910 -10.616504 4.689327
-13.308180 1.367489 0.476633 19.396490 -10.544156 4.713012 -10.901709 4.008953 0.982301 0.639250 -10.544156 4.713012
-13.551653 1.130413 0.395827 22.903944 -10.471644 4.735698 -10.945088 3.759010 0.972026 1.202848 -10.471644 4.735698
-13.275788 1.404939 0.131105 19.667841 -10.398986 4.757390 -10.746486 4.073441 0.975482 0.605470 -10.398986 4.757390
-13.215274 1.464477 0.168720 19.607222 -10.326196 4.778095 -10.645316 4.018738 0.990583 0.687196 -10.326196 4.778095
-13.213896 1.248142 0.073193 21.701202 -10.253290 4.797820 -10.341323 4.614795 0.990435 0.049886 -10.253290 4.797820
-13.154473 1.410407 0.317896 21.071606 -10.180284 4.816572 -10.378794 4.239911 0.978660 0.390805 -10.180284 4.816572
-13.397670 1.619101 0.058064 21.822577 -10.107191 4.834358 -10.177925 4.515690 0.985530 0.119692 -10.107191 4.834358
-13.064341 1.627652 0.336233 20.192284 -10.034028 4.851185 -10.309314 4.323962 0.981635 0.359930 -10.034028 4.851185
-12.997393 1.749836 0.213584 19.821047 -9.960807 4.867062 -10.183797 4.363614 0.982153 0.309011 -9.960807 4.867062
-13.060464 2.028309 0.360909 18.908323 -9.887543 4.881996 -10.161584 4.502274 0.975503 0.236695 -9.887543 4.881996
-12.836517 2.177996 0.401596 17.172476 -9.814249 4.895995 -10.009740 4.896695 0.975613 0.059582 -9.814249 4.895995
-13.063976 1.931131 0.261049 20.578430 -9.740939 4.909067 -9.907642 4.434466 0.983365 0.262962 -9.740939 4.909067
-12.767878 1.837597 0.387532 19.507607 -9.667624 4.921221 -9.716145 4.834724 0.970949 0.026382 -9.667624 4.921221
-12.687176 1.733052 0.392367 20.237087 -9.594320 4.932466 -9.950070 4.435181 0.977991 0.396005 -9.594320 4.932466
-12.329779 1.481156 0.520262 20.233620 -9.521036 4.942810 -9.816113 4.693032 0.982156 0.161882 -9.521036 4.942810
-12.260405 1.369144 0.196649 21.167631 -9.447785 4.952262 -9.796852 4.465045 0.986721 0.366116 -9.447785 4.952262
-12.607836 1.250730 0.511606 24.682001 -9.374579 4.960831 -9.818453 4.237954 0.974363 0.734547 -9.374579 4.960831
-12.460364 0.910705 0.423654 26.997446 -9.301429 4.968525 -9.469967 4.537162 0.976033 0.237808 -9.301429 4.968525
-12.482070 1.823978 0.546502 20.927521 -9.228346 4.975355 -9.676021 4.214224 0.978807 0.800891 -9.228346 4.975355
-12.504160 1.653830 0.306203 22.764502 -9.155340 4.981329 -9.281469 4.743769 0.978056 0.093115 -9.155340 4.981329
-12.353860 1.879485 0.426888 20.844246 -9.082422 4.986457 -9.038404 5.062802 0.984189 0.020814 -9.082422 4.986457
-12.490233 1.233503 0.599244 26.531981 -9.009603 4.990748 -9.104431 4.662705 0.975986 0.127851 -9.009603 4.990748
-12.715674 0.950772 0.661532 31.033882 -8.936890 4.994212 -9.289573 4.590244 0.973943 0.300850 -8.936890 4.994212
-12.807545 1.093281 0.464085 31.302814 -8.864295 4.996859 -9.036862 4.679859 0.972988 0.157385 -8.864295 4.996859
-12.680549 1.187889 0.341039 30.407154 -8.791825 4.998697 -9.445644 3.813002 0.974734 1.856586 -8.791825 4.998697
-12.558578 0.834843 0.297897 32.849495 -8.719491 4.999736 -9.032877 4.395159 0.977919 0.485149 -8.719491 4.999736
-12.817495 0.790674 0.118100 36.042274 -8.647301 4.999988 -9.060210 4.440185 0.977058 0.505010 -8.647301 4.999988
-12.618276 0.543249 0.064592 37.762173 -8.575261 4.999460 -8.861315 4.674248 0.979680 0.193331 -8.575261 4.999460
-12.366993 0.547550 0.160474 36.381691 -8.503382 4.998162 -8.603320 4.893348 0.990070 0.029947 -8.503382 4.998162
-12.152209 0.812484 0.123461 32.523441 -8.431669 4.996106 -8.233310 5.336654 0.976183 0.168030 -8.431669 4.996106
-12.754683 0.633673 0.266483 39.608364 -8.360132 4.993300 -8.130917 5.486152 0.986618 0.304486 -8.360132 4.993300
-12.365599 0.714147 0.150844 35.874729 -8.288776 4.989754 -8.242260 5.030770 0.986110 0.016138 -8.288776 4.989754
-12.557875 0.409057 0.476091 40.463875 -8.217609 4.985478 -8.223756 4.809578 0.977172 0.047067 -8.217609 4.985478
-12.386771 0.706781 0.086040 37.584488 -8.146637 4.980483 -7.863599 5.453853 0.972963 0.327865 -8.146637 4.980483
-12.390978 0.760336 0.266098 37.546379 -8.075867 4.974776 -7.888713 5.263321 0.988204 0.129961 -8.075867 4.974776
-12.428185 0.926411 0.241431 36.752258 -8.005303 4.968369 -8.021812 5.025038 0.985255 0.017487 -8.005303 4.968369
-12.257112 1.234115 0.145871 33.148346 -7.934954 4.961272 -7.958105 5.006700 0.974269 0.025134 -7.934954 4.961272
-12.318981 1.361000 0.126753 33.648956 -7.864823 4.953493 -8.050073 4.893029 0.985080 0.040018 -7.864823 4.953493
-12.524240 1.382210 0.267374 35.814594 -7.794917 4.945043 -8.369861 4.300220 0.970583 0.757241 -7.794917 4.945043
-12.582390 1.354588 0.066249 37.222912 -7.725239 4.935931 -8.034130 4.545133 0.968785 0.272098 -7.725239 4.935931
-12.688312 1.405507 0.297548 38.363586 -7.655797 4.926167 -7.960749 4.483401 0.972958 0.297664 -7.655797 4.926167
-12.672597 1.252761 0.242303 40.276756 -7.586592 4.915761 -7.746720 4.694543 0.973033 0.082463 -7.586592 4.915761
-12.862839 1.404110 0.102694 41.899574 -7.517631 4.904721 -8.035118 4.095644 0.984727 0.937429 -7.517631 4.904721
-12.874639 1.410381 0.030533 42.614204 -7.448916 4.893058 -7.536984 4.739317 0.975425 0.047428 -7.448916 4.893058
-12.971911 1.045687 0.008440 47.069775 -7.380454 4.880782 -7.167711 5.264446 0.986822 0.203381 -7.380454 4.880782
-12.911036 1.109645 0.256626 46.697769 -7.312246 4.867900 -7.683509 4.139548 0.983952 0.678395 -7.312246 4.867900
-13.183308 0.912850 0.223980 51.532169 -7.244296 4.854423 -7.183936 4.992536 0.987065 0.034625 -7.244296 4.854423
-13.149545 0.887402 0.223082 52.686451 -7.176609 4.840360 -7.113044 4.898405 0.983763 0.023073 -7.176609 4.840360
-13.330150 1.062091 0.007458 53.813091 -7.109186 4.825721 -7.487701 4.388163 0.973945 0.349441 -7.109186 4.825721
-13.245404 0.611270 0.062465 57.101585 -7.042031 4.810513 -6.607270 5.287676 0.979829 0.435223 -7.042031 4.810513
-13.344917 0.300466 0.159083 62.253067 -6.975146 4.794747 -7.213393 4.448298 0.991099 0.181290 -6.975146 4.794747
-13.535969 0.284258 0.107107 65.452576 -6.908535 4.778431 -7.182780 4.292374 0.982363 0.328457 -6.908535 4.778431
-13.641058 0.378824 0.022250 66.608139 -6.842199 4.761574 -7.173056 4.409331 0.986356 0.242604 -6.842199 4.761574
-13.656458 0.240938 0.122207 69.166336 -6.776141 4.744185 -7.066465 4.235280 0.985347 0.356855 -6.776141 4.744185
-13.680378 0.279019 0.091756 69.794510 -6.710362 4.726273 -6.961928 4.285697 0.978022 0.277751 -6.710362 4.726273
-14.047262 0.221530 0.122041 76.232475 -6.644866 4.707846 -6.832195 4.403664 0.987326 0.135912 -6.644866 4.707846
-13.917101 0.525904 0.063860 72.612648 -6.579652 4.688913 -6.982183 4.197813 0.988364 0.412690 -6.579652 4.688913
-14.331861 0.677401 0.036704 78.617622 -6.514723 4.669483 -6.725834 4.371718 0.981626 0.145028 -6.514723 4.669483
-14.311722 0.428246 0.136496 81.314743 -6.450081 4.649564 -6.896000 3.959833 0.978526 0.695531 -6.450081 4.649564
-14.365927 0.154620 0.176864 84.932510 -6.385725 4.629164 -6.451919 4.689113 0.981078 0.012939 -6.385725 4.629164
-14.137372 0.356350 0.305254 80.307320 -6.321659 4.608291 -6.595077 4.214471 0.985328 0.243189 -6.321659 4.608291
-14.389817 0.170553 0.339386 86.374023 -6.257881 4.586954 -6.416327 4.471201 0.987544 0.043344 -6.257881 4.586954
-14.350003 0.448263 0.000271 85.397972 -6.194394 4.565160 -6.371029 4.312696 0.993605 0.101268 -6.194394 4.565160
-14.313725 0.601506 0.063847 84.791817 -6.131198 4.542918 -6.322842 4.288969 0.983733 0.114204 -6.131198 4.542918
-14.333058 0.336613 0.002932 88.714409 -6.068293 4.520235 -6.366274 4.219042 0.987353 0.190006 -6.068293 4.520235
-14.569496 0.189962 0.005611 94.586945 -6.005680 4.497120 -6.148506 4.315613 0.981276 0.056224 -6.005680 4.497120
-14.685850 0.527988 0.103817 93.666695 -5.943358 4.473579 -5.775958 4.744750 0.976712 0.116565 -5.943358 4.473579
-14.723895 0.624675 0.035727 94.551613 -5.881330 4.449621 -5.821338 4.582001 0.992996 0.023784 -5.881330 4.449621
-14.943925 0.686762 0.002502 99.705215 -5.819593 4.425253 -5.897300 4.473627 0.980885 0.019550 -5.819593 4.425253
-15.068951 0.610427 0.000001 103.579887 -5.758149 4.400483 -5.816271 4.233549 0.989836 0.040074 -5.758149 4.400483
-15.323180 0.791415 0.022048 107.899002 -5.696997 4.375317 -5.841030 4.252993 0.986819 0.048832 -5.696997 4.375317
-15.316258 0.684449 0.089261 109.271118 -5.636136 4.349763 -6.137438 3.775438 0.984211 0.592833 -5.636136 4.349763
-15.434711 0.311652 0.101984 115.360809 -5.575567 4.323828 -6.008214 3.715460 0.983187 0.573855 -5.575567 4.323828
-15.718600 0.202773 0.058612 123.702431 -5.515288 4.297519 -5.742129 4.181969 0.975899 0.078201 -5.515288 4.297519
-15.281644 0.209974 0.025921 115.065125 -5.455300 4.270844 -5.507242 4.197397 0.989847 0.015619 -5.455300 4.270844
-15.260753 0.147450 0.004332 116.796616 -5.395601 4.243807 -5.459764 4.187989 0.986437 0.012107 -5.395601 4.243807
-15.471952 -0.147320 0.018945 123.843056 -5.336191 4.216418 -5.535975 4.019055 0.972923 0.104743 -5.336191 4.216418
-15.349242 0.084229 0.062058 120.084778 -5.277069 4.188682 -5.002017 4.631714 0.975047 0.291578 -5.277069 4.188682
-15.588015 0.162301 0.004269 124.505196 -5.218234 4.160605 -5.340745 4.069630 0.984938 0.036134 -5.218234 4.160605
-15.786878 0.257844 0.274265 129.057114 -5.159684 4.132195 -5.055274 4.299722 0.984363 0.046756 -5.159684 4.132195
-15.869201 0.205295 0.006467 132.130264 -5.101419 4.103457 -5.315190 3.860629 0.980232 0.122349 -5.101419 4.103457
-15.840749 0.306531 0.197467 132.380249 -5.043438 4.074399 -4.897165 4.339005 0.973229 0.107114 -5.043438 4.074399
-15.800168 0.327667 0.048953 132.679794 -4.985740 4.045025 -4.603492 4.405841 0.987950 0.283420 -4.985740 4.045025
-15.741742 0.029097 0.108715 134.418442 -4.928322 4.015343 -5.264355 3.599583 0.983577 0.301961 -4.928322 4.015343
-15.666796 -0.358270 0.000386 137.915222 -4.871183 3.985357 -4.643992 4.285069 0.984852 0.155862 -4.871183 3.985357
-16.053082 0.073924 0.004791 144.427170 -4.814323 3.955075 -4.603394 4.119844 0.977001 0.092332 -4.814323 3.955075
-15.839617 0.301045 0.025807 139.554733 -4.757739 3.924502 -4.748868 3.980338 0.988941 0.005760 -4.757739 3.924502
-15.576296 0.387480 0.000573 134.627792 -4.701430 3.893643 -4.504354 4.071637 0.993027 0.076252 -4.701430 3.893643
-15.733493 0.446254 0.000320 140.481384 -4.645394 3.862504 -4.296557 4.264192 0.983431 0.299022 -4.645394 3.862504
-15.630397 0.897434 0.004847 135.795746 -4.589630 3.831092 -4.264763 4.195895 0.988830 0.249155 -4.589630 3.831092
-15.688926 0.416800 0.001777 141.942261 -4.534136 3.799410 -4.674728 3.641755 0.981981 0.054195 -4.534136 3.799410
-16.004751 0.232710 0.003026 150.386520 -4.478909 3.767466 -4.633127 3.715356 0.980741 0.038591 -4.478909 3.767466
-15.953420 0.332940 0.006687 149.211349 -4.423948 3.735263 -4.095933 4.060256 0.991430 0.221480 -4.423948 3.735263
-16.149593 -0.059419 0.001082 157.793182 -4.369252 3.702808 -3.931179 4.010487 0.975600 0.299806 -4.369252 3.702808
-16.208784 -0.276242 0.003761 161.049561 -4.314817 3.670105 -4.445183 3.529907 0.975903 0.058757 -4.314817 3.670105
-15.981251 -0.619316 0.000806 160.747025 -4.260642 3.637159 -4.321030 3.553077 0.988427 0.018151 -4.260642 3.637159
-16.081799 -0.382329 0.002247 162.404175 -4.206725 3.603975 -4.142364 3.521198 0.987282 0.014062 -4.206725 3.603975
-16.125874 -0.105782 0.001458 162.862595 -4.153064 3.570559 -4.561032 3.121789 0.986262 0.380198 -4.153064 3.570559
-16.467981 0.039263 0.000523 171.452026 -4.099657 3.536915 -4.231310 3.354972 0.982261 0.067672 -4.099657 3.536915
-16.268969 -0.291993 0.000024 170.181030 -4.046501 3.503048 -4.242934 3.422831 0.977531 0.062717 -4.046501 3.503048
-16.192141 0.005329 0.000111 166.895447 -3.993594 3.468962 -4.100270 3.335113 0.987678 0.037458 -3.993594 3.468962
-16.458679 0.237320 0.006906 171.453491 -3.940934 3.434662 -4.199290 3.074636 0.980311 0.212402 -3.940934 3.434662
-16.285128 0.219406 0.000646 167.976074 -3.888519 3.400152 -3.984017 3.300546 0.976108 0.043054 -3.888519 3.400152
-16.096470 0.311563 0.003278 164.400497 -3.836346 3.365438 -3.946244 3.117366 0.977774 0.089763 -3.836346 3.365438
-16.023510 0.649949 0.000549 162.387466 -3.784413 3.330523 -3.924441 3.215749 0.987179 0.040640 -3.784413 3.330523
-16.111137 0.962929 0.000699 163.519592 -3.732717 3.295411 -3.734361 3.299772 0.988260 0.009921 -3.732717 3.295411
-16.283028 0.967336 0.003467 168.102264 -3.681256 3.260107 -3.624707 3.333618 0.993745 0.010160 -3.681256 3.260107
-16.151009 0.810779 0.000015 165.839508 -3.630028 3.224615 -3.651496 3.114984 0.990188 0.017332 -3.630028 3.224615
-16.440767 0.868374 0.022452 174.134979 -3.579030 3.188939 -3.643173 3.102288 0.989615 0.021738 -3.579030 3.188939
-16.701775 0.913851 0.019898 182.194687 -3.528259 3.153083 -3.371522 3.265613 0.985751 0.049356 -3.528259 3.153083
-17.020102 1.006362 0.000011 191.639481 -3.477714 3.117050 -3.487125 3.095058 0.991592 0.007331 -3.477714 3.117050
-17.154905 1.080748 0.005121 196.076599 -3.427391 3.080846 -3.424453 3.048829 0.991554 0.008950 -3.427391 3.080846
-16.984461 1.263151 0.001506 192.369797 -3.377287 3.044473 -3.122443 3.272012 0.985920 0.130295 -3.377287 3.044473
-17.381956 1.318800 0.001311 204.534012 -3.327401 3.007935 -3.377996 2.935354 0.990240 0.010512 -3.327401 3.007935
-17.326664 1.447902 0.010654 204.187408 -3.277730 2.971236 -3.272696 3.004505 0.988186 0.003628 -3.277730 2.971236
-17.547548 1.459159 0.009436 211.875336 -3.228270 2.934380 -3.565383 2.561292 0.986518 0.265688 -3.228270 2.934380
-17.650982 1.730569 0.000139 216.042526 -3.179020 2.897369 -3.101678 3.110623 0.974962 0.065828 -3.179020 2.897369
-17.733509 1.687214 0.001840 219.542847 -3.129977 2.860209 -3.175255 2.914027 0.973254 0.018046 -3.129977 2.860209
-17.387997 1.612649 0.000046 211.535461 -3.081137 2.822901 -2.885427 2.952677 0.979827 0.072660 -3.081137 2.822901
-17.784513 1.821483 0.000127 223.039597 -3.032499 2.785449 -2.911913 2.820118 0.989178 0.020227 -3.032499 2.785449
-17.505667 2.246484 0.001367 215.590897 -2.984059 2.747857 -3.113339 2.655268 0.988498 0.035932 -2.984059 2.747857
-17.660732 2.174469 0.014253 220.897003 -2.935815 2.710128 -2.882388 2.655111 0.981151 0.017744 -2.935815 2.710128
-17.741941 2.519440 0.003688 223.278625 -2.887764 2.672265 -2.980694 2.579236 0.987902 0.028323 -2.887764 2.672265
-17.572762 2.761060 0.000000 219.567963 -2.839902 2.634271 -2.600942 2.939462 0.985031 0.162106 -2.839902 2.634271
-17.866404 3.065752 0.018680 230.132660 -2.792229 2.596149 -2.591124 2.904672 0.982021 0.143135 -2.792229 2.596149
-17.891928 3.256444 0.050891 232.329208 -2.744740 2.557903 -2.805566 2.566089 0.983253 0.016467 -2.744740 2.557903
-18.073792 3.245473 0.074458 239.001190 -2.697433 2.519534 -2.583827 2.682478 0.983423 0.054849 -2.697433 2.519534
-18.135530 3.133802 0.064799 242.497940 -2.650306 2.481047 -2.732077 2.374548 0.988762 0.029088 -2.650306 2.481047
-18.260492 3.221417 0.000048 248.233047 -2.603354 2.442444 -2.687242 2.384646 0.984574 0.024871 -2.603354 2.442444
-18.133251 3.093374 0.000000 245.111420 -2.556576 2.403728 -2.777927 2.235853 0.985777 0.087283 -2.556576 2.403728
-17.884243 2.844811 0.007109 238.283081 -2.509969 2.364902 -2.644641 2.259217 0.987140 0.039898 -2.509969 2.364902
-18.119080 2.952816 0.045732 247.457932 -2.463529 2.325968 -2.341405 2.383389 0.984979 0.030804 -2.463529 2.325968
-18.046913 2.944994 0.074262 246.432312 -2.417254 2.286929 -2.484890 2.153788 0.985508 0.035163 -2.417254 2.286929
-18.504768 3.037135 0.024288 262.991943 -2.371141 2.247787 -2.354314 2.320700 0.980133 0.006761 -2.371141 2.247787
-17.862534 2.655145 0.044148 243.579636 -2.325188 2.208547 -2.333756 2.183983 0.994095 0.006345 -2.325188 2.208547
-18.284519 2.938280 0.004194 258.622711 -2.279391 2.169209 -2.236493 2.124976 0.983479 0.015037 -2.279391 2.169209
-18.462145 2.998481 0.026638 266.242065 -2.233747 2.129776 -2.301522 2.188442 0.983689 0.015643 -2.233747 2.129776
-18.128946 3.082381 0.112012 256.963501 -2.188254 2.090251 -1.912148 2.261678 0.979882 0.113409 -2.188254 2.090251
-18.151394 3.228765 0.021978 259.457336 -2.142909 2.050636 -2.160779 2.083833 0.986138 0.012741 -2.142909 2.050636
-17.939850 3.431066 0.000442 254.629486 -2.097708 2.010934 -2.203518 1.834544 0.980419 0.060275 -2.097708 2.010934
-18.065126 3.051803 0.132875 258.806610 -2.052650 1.971147 -1.998459 1.988139 0.985161 0.016455 -2.052650 1.971147
-18.556786 3.211748 0.000727 277.426788 -2.007731 1.931277 -1.934684 1.900280 0.992043 0.008071 -2.007731 1.931277
-18.642689 3.176300 0.070705 281.944733 -1.962948 1.891327 -2.162676 1.712473 0.989158 0.082160 -1.962948 1.891327
-18.776197 3.333035 0.000000 288.469666 -1.918298 1.851299 -2.068380 1.670374 0.978273 0.077029 -1.918298 1.851299
-18.417252 3.420600 0.050462 278.395874 -1.873778 1.811194 -1.984055 1.681467 0.987616 0.038202 -1.873778 1.811194
-18.424322 3.561524 0.004235 281.084961 -1.829386 1.771016 -1.794814 1.865674 0.975402 0.033236 -1.829386 1.771016
-18.241951 3.355221 0.020796 276.677979 -1.785119 1.730766 -1.706054 1.846588 0.985045 0.033347 -1.785119 1.730766
-18.442575 3.772349 0.035878 285.962250 -1.740974 1.690447 -1.890187 1.562163 0.986229 0.047158 -1.740974 1.690447
-18.398752 3.557494 0.042565 284.967773 -1.696947 1.650060 -1.843326 1.553378 0.988639 0.040725 -1.696947 1.650060
-18.778374 3.513654 0.006590 300.766968 -1.653036 1.609608 -1.754715 1.494709 0.985030 0.032260 -1.653036 1.609608
-18.781725 3.682276 0.000510 304.330139 -1.609239 1.569092 -1.723375 1.442028 0.984492 0.042303 -1.609239 1.569092
-18.792255 3.567441 0.000017 307.955566 -1.565551 1.528515 -1.604810 1.547063 0.987789 0.012690 -1.565551 1.528515
-18.948610 3.653087 0.000000 316.077789 -1.521971 1.487878 -1.557852 1.383763 0.975795 0.022707 -1.521971 1.487878
-19.258795 3.553656 0.000112 329.307312 -1.478494 1.447184 -1.626328 1.328642 0.984910 0.050499 -1.478494 1.447184
-19.539160 3.590502 0.000062 340.124054 -1.435120 1.406434 -1.324793 1.489648 0.983559 0.032683 -1.435120 1.406434
-19.611320 3.582525 0.000039 344.885590 -1.391844 1.365630 -1.543922 1.280769 0.982897 0.040689 -1.391844 1.365630
-19.265562 3.728245 0.000008 336.397522 -1.348663 1.324774 -1.378392 1.345866 0.986999 0.009038 -1.348663 1.324774
-19.946793 3.527878 0.000450 359.491425 -1.305575 1.283869 -1.488579 1.088210 0.989627 0.080552 -1.305575 1.283869
-20.233204 3.530605 0.000002 371.099976 -1.262577 1.242914 -1.289574 1.238123 0.985134 0.007847 -1.262577 1.242914
-19.944626 3.437667 0.000000 362.004608 -1.219666 1.201913 -1.162673 1.205663 0.980336 0.020110 -1.219666 1.201913
-20.109438 3.328272 0.000746 369.735901 -1.176839 1.160868 -1.260280 1.047880 0.986269 0.033036 -1.176839 1.160868
-20.433344 3.116269 0.000197 383.271057 -1.134092 1.119779 -1.289647 0.947592 0.990973 0.062525 -1.134092 1.119779
-20.968811 3.171023 0.000000 405.704834 -1.091424 1.078649 -1.189414 1.165899 0.977756 0.021966 -1.091424 1.078649
-20.530758 2.782156 0.000005 386.056549 -1.048832 1.037480 -0.977418 1.118891 0.988059 0.021638 -1.048832 1.037480
-20.527115 3.157776 0.000047 388.592834 -1.006311 0.996272 -1.099434 0.914703 0.983576 0.028373 -1.006311 0.996272
-20.582941 3.338856 0.000025 393.465973 -0.963861 0.955028 -1.034769 0.917562 0.991250 0.013804 -0.963861 0.955028
-20.496876 3.283609 0.000208 391.599243 -0.921476 0.913750 -1.070434 0.811547 0.981900 0.049283 -0.921476 0.913750
-20.018835 3.550307 0.000000 375.860565 -0.879156 0.872438 -1.077363 0.717889 0.982359 0.078358 -0.879156 0.872438
-19.959364 3.371444 0.011526 374.091095 -0.836896 0.831095 -0.789376 0.956365 0.981809 0.031816 -0.836896 0.831095
-20.309710 3.401350 0.000028 390.299622 -0.794694 0.789722 -0.764417 0.865552 0.981581 0.016436 -0.794694 0.789722
-20.501637 3.292111 0.019701 399.354736 -0.752547 0.748321 -0.879404 0.599010 0.986238 0.052059 -0.752547 0.748321
-20.680920 3.164920 0.032727 407.798859 -0.710452 0.706893 -0.947912 0.460877 0.980521 0.132763 -0.710452 0.706893
-20.813015 3.356104 0.000782 416.205017 -0.668406 0.665440 -0.709526 0.732385 0.979215 0.015835 -0.668406 0.665440
-20.950830 3.388142 0.000031 425.218903 -0.626407 0.623963 -0.760167 0.480390 0.991267 0.046332 -0.626407 0.623963
-21.262400 3.446414 0.000851 440.019470 -0.584450 0.582464 -0.662754 0.615447 0.985803 0.010461 -0.584450 0.582464
-21.247444 3.550888 0.000102 442.897766 -0.542535 0.540945 -0.432984 0.703976 0.978248 0.057536 -0.542535 0.540945
-21.175240 3.409760 0.000000 441.299561 -0.500657 0.499407 -0.423505 0.545218 0.988865 0.017730 -0.500657 0.499407
-21.318377 3.381090 0.000001 448.985870 -0.458814 0.457851 -0.557345 0.362170 0.992377 0.024975 -0.458814 0.457851
-21.289717 3.560609 0.003433 450.742340 -0.417002 0.416279 -0.428347 0.435726 0.989163 0.010772 -0.417002 0.416279
-21.778254 3.486324 0.000850 474.035675 -0.375219 0.374692 -0.313327 0.487539 0.985876 0.024530 -0.375219 0.374692
-21.940567 3.243683 0.000091 482.341644 -0.333463 0.333093 -0.250295 0.320608 0.984329 0.017823 -0.333463 0.333093
-21.937273 3.403624 0.001527 484.001862 -0.291729 0.291481 -0.297529 0.257709 0.989942 0.008442 -0.291729 0.291481
-22.215631 3.522741 0.006745 497.635681 -0.250016 0.249860 -0.384927 0.167320 0.985672 0.033016 -0.250016 0.249860
-22.153639 3.413132 0.000001 496.565796 -0.208320 0.208230 -0.303296 0.178976 0.988912 0.019131 -0.208320 0.208230
-22.291290 3.161954 0.000003 503.853668 -0.166639 0.166593 -0.189650 0.262839 0.984653 0.015582 -0.166639 0.166593
-21.939650 3.383670 0.000000 492.499786 -0.124969 0.124950 -0.164778 0.113526 0.986067 0.015206 -0.124969 0.124950
-21.776247 3.440584 0.000000 487.207611 -0.083308 0.083302 0.006310 0.206346 0.994271 0.026947 -0.083308 0.083302
-21.717655 3.539478 0.003497 487.037140 -0.041653 0.041652 0.028374 0.145823 0.981399 0.032910 -0.041653 0.041652
-21.665298 3.780644 0.005184 488.569855 -0.000000 0.000000 0.077684 0.088177 0.981706 0.031428 -0.000000 0.000000
-22.094500 3.727440 0.003163 509.261566 0.041653 -0.041652 0.072624 -0.061723 0.981935 0.018243 0.041653 -0.041652
-22.003912 3.661477 0.000666 506.276154 0.083308 -0.083302 -0.130505 -0.342910 0.979492 0.129832 0.083308 -0.083302
-22.192556 3.767806 0.000400 517.546814 0.124969 -0.124950 0.279745 -0.032222 0.977285 0.052783 0.124969 -0.124950
-22.266926 4.113523 0.035050 524.877075 0.166639 -0.166593 0.316527 -0.114492 0.983819 0.031693 0.166639 -0.166593
-22.440903 4.028703 0.003981 533.919617 0.208320 -0.208230 0.179027 -0.200799 0.986432 0.012839 0.208320 -0.208230
-22.223566 4.150650 0.000002 527.654785 0.250016 -0.249860 0.153097 -0.375560 0.990233 0.034089 0.250016 -0.249860
-22.098734 4.543805 0.000000 527.483398 0.291729 -0.291481 0.282389 -0.219482 0.975569 0.023336 0.291729 -0.291481
-21.888163 4.660645 0.000000 522.233154 0.333463 -0.333093 0.530836 -0.127758 0.981532 0.094508 0.333463 -0.333093
-22.044676 4.789516 0.000020 534.531006 0.375219 -0.374692 0.474000 -0.135637 0.983808 0.075671 0.375219 -0.374692
-22.216007 4.826176 0.001097 545.520630 0.417002 -0.416279 0.469561 -0.368795 0.985099 0.019995 0.417002 -0.416279
-22.016161 4.825993 0.000002 539.262878 0.458814 -0.457851 0.366703 -0.581997 0.981608 0.042208 0.458814 -0.457851
-22.029024 4.696001 0.000000 541.628662 0.500657 -0.499407 0.577069 -0.511091 0.982711 0.010808 0.500657 -0.499407
-22.096645 4.820156 0.000230 546.561218 0.542535 -0.540945 0.438472 -0.579758 0.992274 0.017477 0.542535 -0.540945
-22.159357 4.960003 0.000239 553.458923 0.584450 -0.582464 0.525638 -0.608228 0.977987 0.022182 0.584450 -0.582464
-22.217012 4.837847 0.000063 557.447205 0.626407 -0.623963 0.622226 -0.778524 0.978799 0.035889 0.626407 -0.623963
-22.618711 4.911597 0.000000 578.604919 0.668406 -0.665440 0.559914 -0.736358 0.995770 0.020325 0.668406 -0.665440
-22.724743 5.335839 0.000141 592.577271 0.710452 -0.706893 0.724843 -0.688706 0.989321 0.010967 0.710452 -0.706893
-23.136478 5.522559 0.000000 615.138062 0.752547 -0.748321 0.787878 -0.716956 0.985875 0.013768 0.752547 -0.748321
-22.916538 5.371912 0.000006 605.144531 0.794694 -0.789722 0.687266 -0.974020 0.980504 0.062640 0.794694 -0.789722
-23.167944 5.051690 0.000862 614.471252 0.836896 -0.831095 0.765974 -0.838548 0.985007 0.017768 0.836896 -0.831095
-23.252939 4.920527 0.000103 620.184998 0.879156 -0.872438 0.768928 -0.916759 0.987903 0.021770 0.879156 -0.872438
-23.439743 5.384196 0.000000 636.519043 0.921476 -0.913750 0.856687 -0.912902 0.993371 0.007462 0.921476 -0.913750
-23.672264 5.540407 0.000000 652.947205 0.963861 -0.955028 0.973457 -0.920988 0.975752 0.025058 0.963861 -0.955028
-23.705441 5.547800 0.000001 659.110107 1.006311 -0.996272 1.186587 -0.771181 0.981287 0.097928 1.006311 -0.996272
-23.510174 5.715673 0.000000 654.213013 1.048832 -1.037480 1.114955 -0.905949 0.990254 0.025412 1.048832 -1.037480
-23.548826 5.249062 0.000001 652.864380 1.091424 -1.078649 1.242405 -0.889923 0.984685 0.072506 1.091424 -1.078649
-23.497002 5.296857 0.000002 652.549988 1.134092 -1.119779 1.011557 -1.307739 0.983203 0.065218 1.134092 -1.119779
-23.856693 4.959738 0.000002 669.512146 1.176839 -1.160868 1.334538 -0.895057 0.983528 0.104032 1.176839 -1.160868
-23.941620 5.526192 0.000000 682.567749 1.219666 -1.201913 1.093662 -1.298696 0.986888 0.036808 1.219666 -1.201913
-24.359621 5.362183 0.001658 705.076782 1.262577 -1.242914 1.367715 -1.104544 0.984770 0.045156 1.262577 -1.242914
-24.224669 5.487437 0.001669 701.322510 1.305575 -1.283869 1.240015 -1.299676 0.992886 0.010274 1.305575 -1.283869
-24.497528 5.671392 0.002205 721.578552 1.348663 -1.324774 1.380058 -1.309848 0.986379 0.011952 1.348663 -1.324774
-24.729170 5.380063 0.000048 731.283142 1.391844 -1.365630 1.516072 -1.315894 0.991307 0.022299 1.391844 -1.365630
-24.886435 5.491895 0.000851 744.483826 1.435120 -1.406434 1.177520 -1.603180 0.982777 0.121154 1.435120 -1.406434
-25.102842 5.531065 0.000235 760.193848 1.478494 -1.447184 1.637495 -1.266746 0.989000 0.067624 1.478494 -1.447184
-25.099390 5.421019 0.000005 761.473450 1.521971 -1.487878 1.534217 -1.501612 0.986370 0.013131 1.521971 -1.487878
-25.358561 5.587551 0.000199 779.760864 1.565551 -1.528515 1.475913 -1.453256 0.983173 0.016831 1.565551 -1.528515
-25.111118 5.464437 0.011014 767.486694 1.609239 -1.569092 1.839802 -1.395980 0.986522 0.094104 1.609239 -1.569092
-25.241627 5.452628 0.000777 777.340027 1.653036 -1.609608 1.462688 -1.831005 0.986126 0.096912 1.653036 -1.609608
-25.145384 5.494928 0.000378 775.627502 1.696947 -1.650060 1.555261 -1.691720 0.988988 0.028171 1.696947 -1.650060
-25.373817 5.512066 0.003911 791.328247 1.740974 -1.690447 1.629798 -1.804770 0.983595 0.037829 1.740974 -1.690447
-25.480434 5.062895 0.000000 794.292114 1.785119 -1.730766 1.653156 -1.876405 0.973904 0.061880 1.785119 -1.730766
-25.223635 5.139725 0.000067 783.736267 1.829386 -1.771016 2.090763 -1.535345 0.988051 0.133472 1.829386 -1.771016
-25.539591 5.054304 0.000001 802.324707 1.873778 -1.811194 1.677502 -2.016446 0.986054 0.092788 1.873778 -1.811194
-25.938951 4.657118 0.000000 822.795288 1.918298 -1.851299 1.981750 -1.755805 0.977048 0.033524 1.918298 -1.851299
-26.042871 4.917118 0.000000 836.919983 1.962948 -1.891327 2.009564 -1.893295 0.991465 0.009639 1.962948 -1.891327
-25.920223 4.639695 0.000702 828.499634 2.007731 -1.931277 2.005173 -1.953666 0.991070 0.008910 2.007731 -1.931277
-25.829681 4.507971 0.000000 824.163940 2.052650 -1.971147 2.155835 -1.922645 0.986021 0.025033 2.052650 -1.971147
-25.868261 4.330270 0.000000 827.672791 2.097708 -2.010934 2.196020 -1.927014 0.987189 0.025124 2.097708 -2.010934
-25.993502 4.216491 0.003557 835.903015 2.142909 -2.050636 2.266659 -1.966330 0.992287 0.029010 2.142909 -2.050636
-26.160881 4.287506 0.000012 847.773071 2.188254 -2.090251 2.259764 -1.902008 0.988595 0.045190 2.188254 -2.090251
-25.962460 4.699440 0.000004 845.203491 2.233747 -2.129776 2.288896 -2.195848 0.984920 0.011333 2.233747 -2.129776
-26.089396 4.550452 0.003473 852.664307 2.279391 -2.169209 2.487076 -2.050865 0.986017 0.065727 2.279391 -2.169209
-26.013691 4.842771 0.029879 855.085693 2.325188 -2.208547 2.024065 -2.429173 0.988579 0.147382 2.325188 -2.208547
-26.255075 4.655006 0.005179 869.615601 2.371141 -2.247787 2.275098 -2.218864 0.983681 0.016071 2.371141 -2.247787
-26.359848 4.762934 0.081017 880.332764 2.417254 -2.286929 2.195613 -2.378150 0.981289 0.065448 2.417254 -2.286929
-26.409767 4.698631 0.000000 885.993103 2.463529 -2.325968 2.447120 -2.308628 0.985350 0.010251 2.463529 -2.325968
-26.498577 4.930071 0.000014 898.233093 2.509969 -2.364902 2.464629 -2.367087 0.991625 0.009335 2.509969 -2.364902
-26.696997 4.882630 0.027081 911.976074 2.556576 -2.403728 2.643621 -2.286731 0.993931 0.026702 2.556576 -2.403728
-26.726595 5.110187 0.000344 921.697144 2.603354 -2.442444 2.663690 -2.336516 0.990048 0.019439 2.603354 -2.442444
-26.732164 5.130017 0.000000 926.484070 2.650306 -2.481047 2.789071 -2.352780 0.986225 0.039912 2.650306 -2.481047
-26.610922 5.115983 0.011278 921.289917 2.697433 -2.519534 2.673930 -2.662936 0.985055 0.027981 2.697433 -2.519534
-26.857903 4.937840 0.000134 936.156250 2.744740 -2.557903 2.702059 -2.531023 0.984389 0.007958 2.744740 -2.557903
-26.701494 4.832671 0.011059 929.032959 2.792229 -2.596149 2.870499 -2.539948 0.986416 0.020134 2.792229 -2.596149
-26.780365 4.762954 0.000924 936.465271 2.839902 -2.634271 2.569261 -2.951848 0.982109 0.183233 2.839902 -2.634271
-26.491068 4.793337 0.000004 922.662598 2.887764 -2.672265 2.606527 -2.877650 0.978721 0.136089 2.887764 -2.672265
-26.265816 4.783597 0.012769 913.129883 2.935815 -2.710128 2.832561 -2.783530 0.989136 0.026551 2.935815 -2.710128
-26.299343 4.633832 0.000063 915.352356 2.984059 -2.747857 2.832590 -2.951248 0.984602 0.077635 2.984059 -2.747857
-26.455063 4.584265 0.000004 927.597351 3.032499 -2.785449 3.059234 -2.760545 0.990393 0.010372 3.032499 -2.785449
-26.176498 4.542348 0.000000 913.981750 3.081137 -2.822901 3.229516 -2.639014 0.991826 0.061008 3.081137 -2.822901
-26.390635 4.580751 0.005142 930.687683 3.129977 -2.860209 3.225104 -2.757783 0.985488 0.033173 3.129977 -2.860209
-26.273743 4.257106 0.000000 924.155334 3.179020 -2.897369 2.858883 -3.203701 0.981319 0.214805 3.179020 -2.897369
-26.427299 4.150946 0.000000 935.106018 3.228270 -2.934380 3.253011 -2.914007 0.990224 0.009983 3.228270 -2.934380
-26.811396 4.029996 0.000000 959.111694 3.277730 -2.971236 3.368564 -2.916560 0.983449 0.019822 3.277730 -2.971236
-26.857937 4.157396 0.000173 966.815125 3.327401 -3.007935 3.156578 -3.167127 0.996689 0.056120 3.327401 -3.007935
-27.104673 4.345152 0.000152 989.482422 3.377287 -3.044473 3.224054 -3.188204 0.989374 0.054326 3.377287 -3.044473
-27.156071 4.528657 0.000981 999.813293 3.427391 -3.080846 3.635988 -2.783324 0.984619 0.143526 3.427391 -3.080846
-27.842434 4.139762 0.000539 1039.864502 3.477714 -3.117050 3.406031 -3.286125 0.977812 0.051745 3.477714 -3.117050
-27.898090 4.109214 0.000000 1045.881226 3.528259 -3.153083 3.642792 -3.008926 0.980910 0.050737 3.528259 -3.153083
-28.070358 4.194376 0.003984 1061.473877 3.579030 -3.188939 3.737043 -2.943277 0.984577 0.097590 3.579030 -3.188939
-27.887062 4.004810 0.000027 1051.401489 3.630028 -3.224615 3.486305 -3.284690 0.988301 0.029354 3.630028 -3.224615
-27.503071 4.003284 0.000721 1031.748535 3.681256 -3.260107 3.486305 -3.414330 0.984162 0.073470 3.681256 -3.260107
-27.541052 4.058787 0.001590 1038.534790 3.732717 -3.295411 3.582383 -3.478574 0.992229 0.063662 3.732717 -3.295411
-27.565311 4.123907 0.000083 1045.144165 3.784413 -3.330523 3.660476 -3.449255 0.978560 0.050146 3.784413 -3.330523
-27.781469 4.179060 0.000000 1063.919678 3.836346 -3.365438 3.971746 -3.117692 0.983941 0.093115 3.836346 -3.365438
-28.192936 4.087030 0.000043 1092.814697 3.888519 -3.400152 3.817527 -3.455391 0.988147 0.011775 3.888519 -3.400152
-27.891121 4.088325 0.000123 1077.017700 3.940934 -3.434662 4.039660 -3.350636 0.977538 0.038445 3.940934 -3.434662
-27.627251 3.820535 0.000009 1060.553345 3.993594 -3.468962 4.461576 -2.922277 0.976022 0.537300 3.993594 -3.468962
-27.721613 3.943059 0.000131 1070.555664 4.046501 -3.503048 4.131673 -3.439508 0.985598 0.023568 4.046501 -3.503048
-27.740757 3.945549 0.000003 1076.147339 4.099657 -3.536915 3.897443 -3.837387 0.989983 0.135464 4.099657 -3.536915
-27.906481 3.999070 0.000000 1090.716431 4.153064 -3.570559 4.093408 -3.586111 0.984990 0.010184 4.153064 -3.570559
-28.169851 4.379280 0.000000 1117.445801 4.206725 -3.603975 3.848167 -3.854409 0.978942 0.197935 4.206725 -3.603975
-28.119778 4.535075 0.000001 1120.880859 4.260642 -3.637159 4.467922 -3.340555 0.986145 0.143834 4.260642 -3.637159
-28.057484 4.784368 0.000006 1124.210693 4.314817 -3.670105 4.185202 -3.907015 0.993499 0.074759 4.314817 -3.670105
-28.104122 4.943317 0.000000 1135.106567 4.369252 -3.702808 4.220929 -3.878120 0.989027 0.059952 4.369252 -3.702808
-28.018639 4.930194 0.001713 1133.582520 4.423948 -3.735263 4.140259 -3.897579 0.985890 0.110602 4.423948 -3.735263
-28.232687 4.605347 0.001830 1145.429932 4.478909 -3.767466 4.604689 -3.677125 0.993074 0.028206 4.478909 -3.767466
-28.001438 4.545237 0.006639 1132.545654 4.534136 -3.799410 4.778025 -3.516702 0.982123 0.157282 4.534136 -3.799410
-27.988428 4.625974 0.004416 1136.965942 4.589630 -3.831092 4.582089 -3.890128 0.993413 0.007406 4.589630 -3.831092
-27.852440 4.465223 0.009174 1128.716309 4.645394 -3.862504 4.646173 -3.881336 0.990793 0.009218 4.645394 -3.862504
-27.888466 4.354659 0.000000 1133.416504 4.701430 -3.893643 4.696096 -3.847602 0.989746 0.009996 4.701430 -3.893643
-28.078512 4.323960 0.000157 1148.517578 4.757739 -3.924502 4.388417 -4.253619 0.981694 0.262006 4.757739 -3.924502
-28.189669 4.451856 0.005023 1161.960083 4.814323 -3.955075 5.042388 -3.631656 0.983544 0.170083 4.814323 -3.955075
-28.214767 4.227722 0.000000 1164.244019 4.871183 -3.985357 4.575757 -4.263714 0.987457 0.177035 4.871183 -3.985357
-28.219463 4.465559 0.010599 1173.157715 4.928322 -4.015343 5.075512 -3.842444 0.987646 0.060345 4.928322 -4.015343
-28.089012 4.811989 0.061552 1174.882446 4.985740 -4.045025 4.858335 -4.158557 0.989267 0.036780 4.985740 -4.045025
-28.152359 4.907446 0.004084 1185.337524 5.043438 -4.074399 4.934499 -4.087001 0.985738 0.019378 5.043438 -4.074399
-28.292921 5.020650 0.010054 1201.966064 5.101419 -4.103457 5.376381 -3.709820 0.982928 0.241598 5.101419 -4.103457
-28.336214 4.825758 0.063954 1204.958984 5.159684 -4.132195 5.635243 -3.613479 0.983302 0.508191 5.159684 -4.132195
-28.351885 4.934877 0.006574 1212.546875 5.218234 -4.160605 4.912028 -4.589665 0.985837 0.287107 5.218234 -4.160605
-28.386770 5.058277 0.001035 1221.587280 5.277069 -4.188682 4.846118 -4.563399 0.977451 0.345496 5.277069 -4.188682
-28.627546 4.977819 0.000362 1240.893311 5.336191 -4.216418 5.398209 -4.118049 0.987425 0.024761 5.336191 -4.216418
-28.490402 5.129086 0.000000 1239.394409 5.395601 -4.243807 5.690138 -3.995289 0.980680 0.165848 5.395601 -4.243807
-28.383238 4.900364 0.010758 1233.569214 5.455300 -4.270844 5.393409 -4.257918 0.990192 0.008973 5.455300 -4.270844
-27.971827 5.027369 0.001573 1212.064697 5.515288 -4.297519 5.580167 -4.221155 0.980036 0.030029 5.515288 -4.297519
-27.955904 5.171098 0.002313 1217.874756 5.575567 -4.323828 5.365945 -4.467305 0.984928 0.073334 5.575567 -4.323828
-28.086145 5.207935 0.000371 1231.151001 5.636136 -4.349763 5.535587 -4.436644 0.982348 0.033575 5.636136 -4.349763
-28.483074 5.247880 0.000000 1264.126099 5.696997 -4.375317 5.647320 -4.374325 0.984917 0.013057 5.696997 -4.375317
-28.719391 5.427906 0.051704 1288.085693 5.758149 -4.400483 5.521024 -4.554520 0.985133 0.089784 5.758149 -4.400483
-28.824360 5.474312 0.000002 1300.954834 5.819593 -4.425253 6.033753 -4.238147 0.984032 0.092589 5.819593 -4.425253
-28.668142 5.317893 0.000020 1291.659912 5.881330 -4.449621 5.631819 -4.754904 0.988366 0.165546 5.881330 -4.449621
-28.615055 5.592967 0.000028 1297.821533 5.943358 -4.473579 5.714946 -4.704741 0.979372 0.120295 5.943358 -4.473579
-28.740192 5.893317 0.000000 1317.711426 6.005680 -4.497120 5.765534 -4.784712 0.976907 0.155381 6.005680 -4.497120
-28.681023 5.799104 0.000000 1316.416016 6.068293 -4.520235 5.599869 -5.033330 0.979539 0.502793 6.068293 -4.520235
-29.199619 5.877802 0.000000 1359.169556 6.131198 -4.542918 6.476597 -4.221553 0.978857 0.242109 6.131198 -4.542918
-29.188423 5.731442 0.000000 1360.833862 6.194394 -4.565160 6.573563 -3.970966 0.982210 0.512568 6.194394 -4.565160
-29.182705 5.743272 0.000000 1365.338257 6.257881 -4.586954 6.287709 -4.634000 0.994001 0.006082 6.257881 -4.586954
-29.161629 5.637943 0.000309 1366.481689 6.321659 -4.608291 6.129295 -4.980317 0.985018 0.188907 6.321659 -4.608291
-28.929634 5.744354 0.000070 1357.615356 6.385725 -4.629164 6.228698 -4.764144 0.987961 0.052313 6.385725 -4.629164
-28.874146 5.680131 0.000000 1356.905029 6.450081 -4.649564 6.165107 -4.937538 0.979380 0.184901 6.450081 -4.649564
-29.018530 5.673401 0.000290 1372.875610 6.514723 -4.669483 6.097644 -5.217642 0.987357 0.485585 6.514723 -4.669483
-28.931908 5.435400 0.000035 1366.527466 6.579652 -4.688913 6.840621 -4.331988 0.981098 0.208565 6.579652 -4.688913
-29.145197 5.457273 0.000197 1387.005737 6.644866 -4.707846 6.791259 -4.581463 0.982701 0.049496 6.644866 -4.707846
-29.494413 5.430844 0.000000 1416.718994 6.710362 -4.726273 6.679645 -4.880647 0.979779 0.042741 6.710362 -4.726273
-29.432728 5.754740 0.000337 1424.328979 6.776141 -4.744185 6.484346 -5.119392 0.993134 0.232769 6.776141 -4.744185
-29.654430 5.721754 0.025713 1445.000610 6.842199 -4.761574 6.630815 -4.913536 0.982192 0.073994 6.842199 -4.761574
-29.801474 5.583720 0.000001 1457.608521 6.908535 -4.778431 6.706529 -5.000149 0.985305 0.102052 6.908535 -4.778431
-29.833368 5.780491 0.000431 1469.534912 6.975146 -4.794747 6.888215 -4.876657 0.987970 0.026004 6.975146 -4.794747
-29.755447 5.901693 0.001017 1472.210815 7.042031 -4.810513 7.143922 -4.630494 0.976525 0.061086 7.042031 -4.810513
-30.088287 5.896057 0.002799 1502.238281 7.109186 -4.825721 7.285586 -4.735870 0.978251 0.046154 7.109186 -4.825721
-29.996737 6.280287 0.000000 1508.428833 7.176609 -4.840360 6.643610 -5.501605 0.976744 0.744559 7.176609 -4.840360
-30.030687 5.950916 0.022864 1509.785034 7.244296 -4.854423 7.648766 -4.369586 0.983044 0.405915 7.244296 -4.854423
-29.996038 6.228209 0.011253 1519.270020 7.312246 -4.867900 7.734882 -4.276548 0.990205 0.535621 7.312246 -4.867900
-30.626614 6.314960 0.000502 1574.719971 7.380454 -4.880782 6.887851 -5.479130 0.977319 0.620531 7.380454 -4.880782
-30.999714 6.297143 0.000000 1608.335571 7.448916 -4.893058 7.119520 -5.291950 0.972831 0.294761 7.448916 -4.893058
-31.194693 6.523180 0.005430 1634.085327 7.517631 -4.904721 7.710081 -4.489310 0.989681 0.217430 7.517631 -4.904721
-31.274063 6.530077 0.000000 1646.384033 7.586592 -4.915761 7.569661 -4.982957 0.980689 0.021174 7.586592 -4.915761
-31.077080 6.625652 0.000000 1640.296753 7.655797 -4.926167 7.451189 -5.220018 0.987717 0.131505 7.655797 -4.926167
-30.565357 6.777041 0.000004 1609.177124 7.725239 -4.935931 8.116730 -4.437341 0.976793 0.423726 7.725239 -4.935931
-30.646992 6.473197 0.000111 1614.332642 7.794917 -4.945043 7.771071 -4.917768 0.983776 0.014976 7.794917 -4.945043
-31.085993 6.074149 0.000007 1643.819946 7.864823 -4.953493 8.055416 -4.666578 0.990545 0.125907 7.864823 -4.953493
-31.218801 6.111820 0.000001 1660.709106 7.934954 -4.961272 8.286284 -4.486909 0.978182 0.368295 7.934954 -4.961272
-31.247108 5.922055 0.000121 1664.871582 8.005303 -4.968369 8.190069 -4.803727 0.988312 0.071908 8.005303 -4.968369
-31.002502 5.903828 0.000353 1652.043701 8.075867 -4.974776 7.765876 -5.234177 0.977487 0.178841 8.075867 -4.974776
-31.036524 6.195716 0.000000 1666.529175 8.146637 -4.980483 8.038543 -5.278015 0.983324 0.108270 8.146637 -4.980483
-31.207130 6.426280 0.000026 1690.662109 8.217609 -4.985478 8.058982 -5.299714 0.990527 0.130000 8.217609 -4.985478
-30.749012 6.110157 0.000009 1652.476562 8.288776 -4.989754 8.140420 -5.067620 0.971898 0.041494 8.288776 -4.989754
-30.922781 6.341715 0.000000 1677.014404 8.360132 -4.993300 8.749122 -4.223062 0.980630 0.762401 8.360132 -4.993300
-30.963461 6.465744 0.000004 1689.187866 8.431669 -4.996106 8.294490 -4.954191 0.982158 0.030301 8.431669 -4.996106
-30.995710 6.507604 0.000035 1697.462158 8.503382 -4.998162 8.199456 -5.551917 0.981770 0.408429 8.503382 -4.998162
-30.846613 6.373003 0.000003 1689.045410 8.575261 -4.999460 8.338314 -5.460313 0.987714 0.276651 8.575261 -4.999460
-31.089539 6.592012 0.000000 1718.715088 8.647301 -4.999988 8.663447 -5.035390 0.981591 0.019123 8.647301 -4.999988
-30.977680 6.757807 0.000000 1718.541382 8.719491 -4.999736 8.488106 -5.237640 0.984246 0.120226 8.719491 -4.999736
-31.102743 6.555449 0.000000 1729.373657 8.791825 -4.998697 8.826477 -4.864465 0.984890 0.034008 8.791825 -4.998697
-31.097010 6.556021 0.000085 1735.505737 8.864295 -4.996859 8.854517 -5.048729 0.974356 0.013765 8.864295 -4.996859
-31.076887 6.470245 0.000006 1738.433960 8.936890 -4.994212 8.703645 -5.314675 0.988183 0.163506 8.936890 -4.994212
-30.976843 6.571640 0.000131 1738.251953 9.009603 -4.990748 8.688881 -5.510502 0.974848 0.396926 9.009603 -4.990748
-31.039986 6.719109 0.000001 1753.326904 9.082422 -4.986457 9.215957 -4.530576 0.984084 0.239000 9.082422 -4.986457
-30.875601 6.661765 0.000697 1744.214966 9.155340 -4.981329 8.728097 -5.573733 0.984040 0.545629 9.155340 -4.981329
-30.742756 6.698294 0.000269 1739.749390 9.228346 -4.975355 9.065167 -5.163763 0.988410 0.072199 9.228346 -4.975355
-30.769346 6.956578 0.000000 1753.023193 9.301429 -4.968525 8.852844 -5.646976 0.987117 0.672829 9.301429 -4.968525
-30.908678 6.756372 0.000010 1765.577393 9.374579 -4.960831 9.604532 -4.509956 0.981635 0.266321 9.374579 -4.960831
-31.361448 6.854191 0.001624 1810.271606 9.447785 -4.952262 9.606628 -4.465641 0.982219 0.278410 9.447785 -4.952262
-31.387751 7.046363 0.000003 1822.191528 9.521036 -4.942810 9.272886 -5.291430 0.992519 0.190103 9.521036 -4.942810
-31.537964 7.275868 0.000000 1845.302124 9.594320 -4.932466 9.396162 -5.154567 0.981744 0.098995 9.594320 -4.932466
-31.425011 7.720959 0.000017 1853.490234 9.667624 -4.921221 9.393681 -5.338632 0.990608 0.255034 9.667624 -4.921221
-31.631151 7.553819 0.000000 1871.447266 9.740939 -4.909067 9.485492 -5.179324 0.980341 0.151834 9.740939 -4.909067
-31.743460 7.395820 0.000165 1883.871826 9.814249 -4.895995 9.568669 -5.142140 0.982966 0.132021 9.814249 -4.895995
-31.878319 7.338312 0.000002 1899.434448 9.887543 -4.881996 9.803490 -4.987990 0.986493 0.024108 9.887543 -4.881996
-31.754791 7.110496 0.000000 1890.398193 9.960807 -4.867062 9.862873 -4.943471 0.984583 0.022106 9.960807 -4.867062
-31.611073 6.897391 0.000000 1879.978760 10.034028 -4.851185 9.960366 -5.011656 0.992597 0.038026 10.034028 -4.851185
-31.390638 6.608497 0.000000 1862.343384 10.107191 -4.834358 9.831017 -5.166425 0.976649 0.203086 10.107191 -4.834358
-31.529360 6.980685 0.000009 1888.949219 10.180284 -4.816572 10.385556 -4.201754 0.977963 0.439380 10.180284 -4.816572
-31.459778 6.893506 0.000000 1888.615601 10.253290 -4.797820 9.844659 -5.556830 0.976948 0.765798 10.253290 -4.797820
-31.308630 7.187253 0.000000 1886.712402 10.326196 -4.778095 10.223818 -4.908785 0.991055 0.035372 10.326196 -4.778095
-31.344007 7.124044 0.000000 1893.237915 10.398986 -4.757390 10.288284 -5.024864 0.981947 0.100748 10.398986 -4.757390
-31.033550 7.015139 0.000053 1869.676147 10.471644 -4.735698 10.379850 -5.137825 0.986996 0.175574 10.471644 -4.735698
-31.123886 7.073340 0.000009 1886.322998 10.544156 -4.713012 10.601650 -4.715785 0.988278 0.007897 10.544156 -4.713012
-31.131063 7.270773 0.000000 1896.969238 10.616504 -4.689327 10.699187 -4.362810 0.991429 0.116551 10.616504 -4.689327
-31.446047 7.028231 0.000022 1922.598145 10.688672 -4.664635 10.346043 -5.309467 0.985076 0.547021 10.688672 -4.664635
-31.014471 7.012991 0.000029 1889.558960 10.760644 -4.638932 10.937878 -4.605406 0.974002 0.050747 10.760644 -4.638932
-30.745728 6.677921 0.000015 1864.250244 10.832402 -4.612213 10.441315 -5.411575 0.979649 0.805156 10.832402 -4.612213
-30.922831 6.945481 0.000000 1890.487183 10.903930 -4.584471 10.997038 -4.639166 0.986310 0.020820 10.903930 -4.584471
-30.859392 6.755511 0.000000 1885.114258 10.975208 -4.555702 10.857505 -4.867233 0.992837 0.114581 10.975208 -4.555702
-30.918018 6.662788 0.000023 1893.507446 11.046220 -4.525902 11.091906 -4.490370 0.994118 0.007413 11.046220 -4.525902
-30.905756 6.800857 0.000001 1899.366821 11.116947 -4.495066 11.243313 -4.711295 0.976995 0.079883 11.116947 -4.495066
-31.007954 6.474296 0.000343 1906.824707 11.187371 -4.463192 11.034001 -4.795899 0.980544 0.147743 11.187371 -4.463192
-31.255297 6.646451 0.000000 1936.436768 11.257472 -4.430275 11.234535 -4.753566 0.984742 0.107710 11.257472 -4.430275
-31.273003 6.648261 0.000080 1944.012695 11.327232 -4.396313 11.230377 -4.539095 0.985331 0.044353 11.327232 -4.396313
